  1  2 24 16      0.25      0.00      0.00      0.00     26.96     -7.25    421.75     23.62     23.38     -0.25      0.00      0.00-876135.63      0.00
  2  2 24 16     -0.25      0.00       NaN       NaN     26.96     -7.25    421.75     23.62     23.38     -0.25       NaN       NaN      0.00       NaN
  3  2 24 16     -0.75    -31.27    312.68      0.00     26.88     -7.25    421.75     23.62     23.38     -0.25      6.10      0.00      0.00      0.00
  4  2 24 16     -1.25    -29.08    290.77      0.00     26.81     -7.25    421.75     23.62     23.38     -0.25      0.83      0.00      0.00      0.00
  5  2 24 16     -1.75    -27.02    270.16      0.00     26.73     -7.25    421.75     23.62     23.38     -0.25      0.83      0.00      0.00      0.00
  6  2 24 16     -2.25    -25.06    250.64      0.00     26.65     -7.25    421.75     23.62     23.38     -0.25      0.83      0.00      0.00      0.00
  7  2 24 16     -2.75    -23.21    232.06      0.00     26.58     -7.25    421.75     23.62     23.38     -0.25      0.83      0.00      0.00      0.00
  8  2 24 16     -3.25    -21.43    214.27      0.00     26.50     -7.25    421.75     23.62     23.38     -0.25      0.84      0.00      0.00      0.00
  9  2 24 16     -3.75    -19.73    197.25      0.00     26.42     -7.25    421.75     23.62     23.38     -0.25      0.84      0.00      0.00      0.00
 10  2 24 16     -4.25    -18.09    180.93      0.00     26.35     -7.25    421.75     23.62     23.38     -0.25      0.85      0.00      0.00      0.00
 11  2 24 16     -4.75    -16.52    165.20      0.00     26.27     -7.25    421.75     23.62     23.38     -0.25      0.87      0.00      0.00      0.00
 12  2 24 16     -5.25    -15.00    149.95      0.00     26.19     -7.25    421.75     23.62     23.38     -0.25      0.89      0.00      0.00      0.00
 13  2 24 16     -5.75    -13.51    135.09      0.00     26.12     -7.25    421.75     23.62     23.38     -0.25      0.92      0.00      0.00      0.00
 14  2 24 16     -6.25    -12.05    120.50      0.00     26.04     -7.25    421.75     23.62     23.38     -0.25      0.97      0.00      0.00      0.00
 15  2 24 16     -6.75    -10.61    106.07      0.00     25.12     -7.25    421.75     23.62     23.38     -0.25      1.03      0.00      0.00      0.00
 16  2 24 16     -7.25    421.75     91.59      0.00     23.38     -7.25    421.75     23.62     23.38     -0.25      1.13      0.00      0.00      0.00
 17  2 24 16     -7.75     -7.69     76.90      0.00     21.62     -7.25    421.75     23.62     23.38     -0.25      1.27      0.00      0.00      0.00
 18  2 24 16     -8.25     -6.21     62.07      0.00     19.88     -7.25    421.75     23.62     23.38     -0.25      1.51      0.00      0.00      0.00
 19  2 24 16     -8.75     -4.75     47.52      0.00     18.97     -7.25    421.75     23.62     23.38     -0.25      1.91      0.00      0.00      0.00
 20  2 24 16     -9.25     -3.43     34.26      0.00     18.92     -7.25    421.75     23.62     23.38     -0.25      2.58      0.00      0.00      0.00
 21  2 24 16     -9.75     -2.38     23.76      0.00     18.87     -7.25    421.75     23.62     23.38     -0.25      3.64      0.00      0.00      0.00
 22  2 24 16    -10.25     -1.72     17.16      0.00     18.82     -7.25    421.75     23.62     23.38     -0.25      4.94      0.00      0.00      0.00
 23  2 24 16    -10.75     -1.43     14.26      0.00     18.76     -7.25    421.75     23.62     23.38     -0.25      5.85      0.00      0.00      0.00
 24  2 24 16    -11.25   -131.60   1316.01      0.00     18.71     -7.25    421.75     23.62     23.38     -0.25      6.12      0.00      0.00      0.00
  1  2 25 16      0.25      0.00      0.00      0.00     26.96     -7.25    429.84     23.56     23.38     -0.25      0.00      0.00-875498.96      0.00
  2  2 25 16     -0.25      0.00       NaN       NaN     26.96     -7.25    429.84     23.56     23.38     -0.25       NaN       NaN      0.00       NaN
  3  2 25 16     -0.75    -31.09    310.91      0.00     26.88     -7.25    429.84     23.56     23.38     -0.25      6.10      0.00      0.00      0.00
  4  2 25 16     -1.25    -28.94    289.45      0.00     26.81     -7.25    429.84     23.56     23.38     -0.25      0.86      0.00      0.00      0.00
  5  2 25 16     -1.75    -26.93    269.29      0.00     26.73     -7.25    429.84     23.56     23.38     -0.25      0.86      0.00      0.00      0.00
  6  2 25 16     -2.25    -25.02    250.25      0.00     26.65     -7.25    429.84     23.56     23.38     -0.25      0.86      0.00      0.00      0.00
  7  2 25 16     -2.75    -23.22    232.19      0.00     26.58     -7.25    429.84     23.56     23.38     -0.25      0.86      0.00      0.00      0.00
  8  2 25 16     -3.25    -21.50    214.97      0.00     26.50     -7.25    429.84     23.56     23.38     -0.25      0.86      0.00      0.00      0.00
  9  2 25 16     -3.75    -19.86    198.57      0.00     26.42     -7.25    429.84     23.56     23.38     -0.25      0.87      0.00      0.00      0.00
 10  2 25 16     -4.25    -18.29    182.93      0.00     26.35     -7.25    429.84     23.56     23.38     -0.25      0.87      0.00      0.00      0.00
 11  2 25 16     -4.75    -16.80    167.97      0.00     26.27     -7.25    429.84     23.56     23.38     -0.25      0.89      0.00      0.00      0.00
 12  2 25 16     -5.25    -15.36    153.61      0.00     26.19     -7.25    429.84     23.56     23.38     -0.25      0.90      0.00      0.00      0.00
 13  2 25 16     -5.75    -13.97    139.72      0.00     26.12     -7.25    429.84     23.56     23.38     -0.25      0.93      0.00      0.00      0.00
 14  2 25 16     -6.25    -12.62    126.22      0.00     26.04     -7.25    429.84     23.56     23.38     -0.25      0.96      0.00      0.00      0.00
 15  2 25 16     -6.75    -11.29    112.94      0.00     25.12     -7.25    429.84     23.56     23.38     -0.25      1.01      0.00      0.00      0.00
 16  2 25 16     -7.25    429.84     99.64      0.00     23.38     -7.25    429.84     23.56     23.38     -0.25      1.07      0.00      0.00      0.00
 17  2 25 16     -7.75     -8.61     86.05      0.00     21.62     -7.25    429.84     23.56     23.38     -0.25      1.18      0.00      0.00      0.00
 18  2 25 16     -8.25     -7.21     72.09      0.00     19.88     -7.25    429.84     23.56     23.38     -0.25      1.34      0.00      0.00      0.00
 19  2 25 16     -8.75     -5.79     57.91      0.00     18.97     -7.25    429.84     23.56     23.38     -0.25      1.60      0.00      0.00      0.00
 20  2 25 16     -9.25     -4.41     44.14      0.00     18.92     -7.25    429.84     23.56     23.38     -0.25      2.03      0.00      0.00      0.00
 21  2 25 16     -9.75     -3.19     31.89      0.00     18.87     -7.25    429.84     23.56     23.38     -0.25      2.74      0.00      0.00      0.00
 22  2 25 16    -10.25     -2.24     22.41      0.00     18.82     -7.25    429.84     23.56     23.38     -0.25      3.82      0.00      0.00      0.00
 23  2 25 16    -10.75     -1.66     16.58      0.00     18.76     -7.25    429.84     23.56     23.38     -0.25      5.06      0.00      0.00      0.00
 24  2 25 16    -11.25     -1.41     14.05      0.00     18.71     -7.25    429.84     23.56     23.38     -0.25      5.88      0.00      0.00      0.00
 25  2 25 16    -11.75   -130.43   1304.30      0.00     18.66     -7.25    429.84     23.56     23.38     -0.25      6.12      0.00      0.00      0.00
  1  2 26 16      0.25      0.00      0.00      0.00     26.96     -7.25    437.33     23.49     23.38     -0.25      0.00      0.00-871739.79      0.00
  2  2 26 16     -0.25      0.00       NaN       NaN     26.96     -7.25    437.33     23.49     23.38     -0.25       NaN       NaN      0.00       NaN
  3  2 26 16     -0.75    -30.86    308.65      0.00     26.88     -7.25    437.33     23.49     23.38     -0.25      6.10      0.00      0.00      0.00
  4  2 26 16     -1.25    -28.76    287.62      0.00     26.81     -7.25    437.33     23.49     23.38     -0.25      0.88      0.00      0.00      0.00
  5  2 26 16     -1.75    -26.79    267.91      0.00     26.73     -7.25    437.33     23.49     23.38     -0.25      0.88      0.00      0.00      0.00
  6  2 26 16     -2.25    -24.93    249.34      0.00     26.65     -7.25    437.33     23.49     23.38     -0.25      0.88      0.00      0.00      0.00
  7  2 26 16     -2.75    -23.18    231.77      0.00     26.58     -7.25    437.33     23.49     23.38     -0.25      0.88      0.00      0.00      0.00
  8  2 26 16     -3.25    -21.51    215.09      0.00     26.50     -7.25    437.33     23.49     23.38     -0.25      0.89      0.00      0.00      0.00
  9  2 26 16     -3.75    -19.93    199.25      0.00     26.42     -7.25    437.33     23.49     23.38     -0.25      0.89      0.00      0.00      0.00
 10  2 26 16     -4.25    -18.42    184.24      0.00     26.35     -7.25    437.33     23.49     23.38     -0.25      0.90      0.00      0.00      0.00
 11  2 26 16     -4.75    -17.00    169.98      0.00     26.27     -7.25    437.33     23.49     23.38     -0.25      0.91      0.00      0.00      0.00
 12  2 26 16     -5.25    -15.64    156.38      0.00     26.19     -7.25    437.33     23.49     23.38     -0.25      0.92      0.00      0.00      0.00
 13  2 26 16     -5.75    -14.34    143.35      0.00     26.12     -7.25    437.33     23.49     23.38     -0.25      0.94      0.00      0.00      0.00
 14  2 26 16     -6.25    -13.08    130.78      0.00     26.04     -7.25    437.33     23.49     23.38     -0.25      0.96      0.00      0.00      0.00
 15  2 26 16     -6.75    -11.85    118.51      0.00     25.12     -7.25    437.33     23.49     23.38     -0.25      1.00      0.00      0.00      0.00
 16  2 26 16     -7.25    437.33    106.28      0.00     23.38     -7.25    437.33     23.49     23.38     -0.25      1.05      0.00      0.00      0.00
 17  2 26 16     -7.75     -9.38     93.76      0.00     21.62     -7.25    437.33     23.49     23.38     -0.25      1.12      0.00      0.00      0.00
 18  2 26 16     -8.25     -8.08     80.79      0.00     19.88     -7.25    437.33     23.49     23.38     -0.25      1.23      0.00      0.00      0.00
 19  2 26 16     -8.75     -6.74     67.36      0.00     18.97     -7.25    437.33     23.49     23.38     -0.25      1.41      0.00      0.00      0.00
 20  2 26 16     -9.25     -5.38     53.84      0.00     18.92     -7.25    437.33     23.49     23.38     -0.25      1.69      0.00      0.00      0.00
 21  2 26 16     -9.75     -4.10     40.95      0.00     18.87     -7.25    437.33     23.49     23.38     -0.25      2.16      0.00      0.00      0.00
 22  2 26 16    -10.25     -2.97     29.71      0.00     18.82     -7.25    437.33     23.49     23.38     -0.25      2.91      0.00      0.00      0.00
 23  2 26 16    -10.75     -2.12     21.19      0.00     18.76     -7.25    437.33     23.49     23.38     -0.25      4.00      0.00      0.00      0.00
 24  2 26 16    -11.25     -1.61     16.05      0.00     18.71     -7.25    437.33     23.49     23.38     -0.25      5.18      0.00      0.00      0.00
 25  2 26 16    -11.75     -1.39     13.85      0.00     18.66     -7.25    437.33     23.49     23.38     -0.25      5.91      0.00      0.00      0.00
 26  2 26 16    -12.25   -129.29   1292.95      0.00     18.61     -7.25    437.33     23.49     23.38     -0.25      6.12      0.00      0.00      0.00
  1  2 28 17      0.25      0.00      0.00      0.00     26.96     -7.75    451.68     23.34     21.62     -0.25      0.00      0.00-857041.06      0.00
  2  2 28 17     -0.25      0.00       NaN       NaN     26.96     -7.75    451.68     23.34     21.62     -0.25       NaN       NaN      0.00       NaN
  3  2 28 17     -0.75    -30.31    303.12      0.00     26.88     -7.75    451.68     23.34     21.62     -0.25      6.10      0.00      0.00      0.00
  4  2 28 17     -1.25    -28.29    282.95      0.00     26.81     -7.75    451.68     23.34     21.62     -0.25      0.93      0.00      0.00      0.00
  5  2 28 17     -1.75    -26.41    264.09      0.00     26.73     -7.75    451.68     23.34     21.62     -0.25      0.93      0.00      0.00      0.00
  6  2 28 17     -2.25    -24.64    246.39      0.00     26.65     -7.75    451.68     23.34     21.62     -0.25      0.93      0.00      0.00      0.00
  7  2 28 17     -2.75    -22.97    229.73      0.00     26.58     -7.75    451.68     23.34     21.62     -0.25      0.93      0.00      0.00      0.00
  8  2 28 17     -3.25    -21.40    214.02      0.00     26.50     -7.75    451.68     23.34     21.62     -0.25      0.94      0.00      0.00      0.00
  9  2 28 17     -3.75    -19.92    199.19      0.00     26.42     -7.75    451.68     23.34     21.62     -0.25      0.94      0.00      0.00      0.00
 10  2 28 17     -4.25    -18.53    185.26      0.00     26.35     -7.75    451.68     23.34     21.62     -0.25      0.95      0.00      0.00      0.00
 11  2 28 17     -4.75    -17.22    172.17      0.00     26.27     -7.75    451.68     23.34     21.62     -0.25      0.96      0.00      0.00      0.00
 12  2 28 17     -5.25    -15.98    159.85      0.00     26.19     -7.75    451.68     23.34     21.62     -0.25      0.96      0.00      0.00      0.00
 13  2 28 17     -5.75    -14.82    148.20      0.00     26.12     -7.75    451.68     23.34     21.62     -0.25      0.97      0.00      0.00      0.00
 14  2 28 17     -6.25    -13.71    137.14      0.00     26.04     -7.75    451.68     23.34     21.62     -0.25      0.99      0.00      0.00      0.00
 15  2 28 17     -6.75    -12.65    126.51      0.00     25.12     -7.75    451.68     23.34     21.62     -0.25      1.00      0.00      0.00      0.00
 16  2 28 17     -7.25    -11.60    116.03      0.00     23.38     -7.75    451.68     23.34     21.62     -0.25      1.03      0.00      0.00      0.00
 17  2 28 17     -7.75    451.68    105.37      0.00     21.62     -7.75    451.68     23.34     21.62     -0.25      1.07      0.00      0.00      0.00
 18  2 28 17     -8.25     -9.43     94.30      0.00     19.88     -7.75    451.68     23.34     21.62     -0.25      1.13      0.00      0.00      0.00
 19  2 28 17     -8.75     -8.27     82.67      0.00     18.97     -7.75    451.68     23.34     21.62     -0.25      1.22      0.00      0.00      0.00
 20  2 28 17     -9.25     -7.06     70.57      0.00     18.92     -7.75    451.68     23.34     21.62     -0.25      1.36      0.00      0.00      0.00
 21  2 28 17     -9.75     -5.83     58.30      0.00     18.87     -7.75    451.68     23.34     21.62     -0.25      1.58      0.00      0.00      0.00
 22  2 28 17    -10.25     -4.63     46.30      0.00     18.82     -7.75    451.68     23.34     21.62     -0.25      1.92      0.00      0.00      0.00
 23  2 28 17    -10.75     -3.52     35.21      0.00     18.76     -7.75    451.68     23.34     21.62     -0.25      2.45      0.00      0.00      0.00
 24  2 28 17    -11.25     -2.59     25.87      0.00     18.71     -7.75    451.68     23.34     21.62     -0.25      3.27      0.00      0.00      0.00
 25  2 28 17    -11.75     -1.91     19.09      0.00     18.66     -7.75    451.68     23.34     21.62     -0.25      4.35      0.00      0.00      0.00
 26  2 28 17    -12.25     -1.52     15.15      0.00     18.61     -7.75    451.68     23.34     21.62     -0.25      5.38      0.00      0.00      0.00
 27  2 28 17    -12.75     -1.35     13.49      0.00     18.55     -7.75    451.68     23.34     21.62     -0.25      5.97      0.00      0.00      0.00
 28  2 28 17    -13.25   -127.12   1271.24      0.00     18.50     -7.75    451.68     23.34     21.62     -0.25      6.13      0.00      0.00      0.00
  1  2 29 17      0.25      0.00      0.00      0.00     26.96     -7.75    457.41     23.27     21.62     -0.25      0.00      0.00-846945.21      0.00
  2  2 29 17     -0.25      0.00       NaN       NaN     26.96     -7.75    457.41     23.27     21.62     -0.25       NaN       NaN      0.00       NaN
  3  2 29 17     -0.75    -30.00    300.02      0.00     26.88     -7.75    457.41     23.27     21.62     -0.25      6.10      0.00      0.00      0.00
  4  2 29 17     -1.25    -28.03    280.25      0.00     26.81     -7.75    457.41     23.27     21.62     -0.25      0.95      0.00      0.00      0.00
  5  2 29 17     -1.75    -26.18    261.79      0.00     26.73     -7.75    457.41     23.27     21.62     -0.25      0.96      0.00      0.00      0.00
  6  2 29 17     -2.25    -24.45    244.49      0.00     26.65     -7.75    457.41     23.27     21.62     -0.25      0.96      0.00      0.00      0.00
  7  2 29 17     -2.75    -22.83    228.25      0.00     26.58     -7.75    457.41     23.27     21.62     -0.25      0.96      0.00      0.00      0.00
  8  2 29 17     -3.25    -21.30    212.97      0.00     26.50     -7.75    457.41     23.27     21.62     -0.25      0.96      0.00      0.00      0.00
  9  2 29 17     -3.75    -19.86    198.60      0.00     26.42     -7.75    457.41     23.27     21.62     -0.25      0.97      0.00      0.00      0.00
 10  2 29 17     -4.25    -18.51    185.14      0.00     26.35     -7.75    457.41     23.27     21.62     -0.25      0.97      0.00      0.00      0.00
 11  2 29 17     -4.75    -17.25    172.54      0.00     26.27     -7.75    457.41     23.27     21.62     -0.25      0.98      0.00      0.00      0.00
 12  2 29 17     -5.25    -16.07    160.74      0.00     26.19     -7.75    457.41     23.27     21.62     -0.25      0.99      0.00      0.00      0.00
 13  2 29 17     -5.75    -14.97    149.67      0.00     26.12     -7.75    457.41     23.27     21.62     -0.25      0.99      0.00      0.00      0.00
 14  2 29 17     -6.25    -13.92    139.21      0.00     26.04     -7.75    457.41     23.27     21.62     -0.25      1.00      0.00      0.00      0.00
 15  2 29 17     -6.75    -12.92    129.23      0.00     25.12     -7.75    457.41     23.27     21.62     -0.25      1.02      0.00      0.00      0.00
 16  2 29 17     -7.25    -11.94    119.45      0.00     23.38     -7.75    457.41     23.27     21.62     -0.25      1.03      0.00      0.00      0.00
 17  2 29 17     -7.75    457.41    109.56      0.00     21.62     -7.75    457.41     23.27     21.62     -0.25      1.06      0.00      0.00      0.00
 18  2 29 17     -8.25     -9.93     99.31      0.00     19.88     -7.75    457.41     23.27     21.62     -0.25      1.10      0.00      0.00      0.00
 19  2 29 17     -8.75     -8.85     88.54      0.00     18.97     -7.75    457.41     23.27     21.62     -0.25      1.17      0.00      0.00      0.00
 20  2 29 17     -9.25     -7.73     77.27      0.00     18.92     -7.75    457.41     23.27     21.62     -0.25      1.28      0.00      0.00      0.00
 21  2 29 17     -9.75     -6.57     65.69      0.00     18.87     -7.75    457.41     23.27     21.62     -0.25      1.43      0.00      0.00      0.00
 22  2 29 17    -10.25     -5.41     54.08      0.00     18.82     -7.75    457.41     23.27     21.62     -0.25      1.67      0.00      0.00      0.00
 23  2 29 17    -10.75     -4.28     42.85      0.00     18.76     -7.75    457.41     23.27     21.62     -0.25      2.05      0.00      0.00      0.00
 24  2 29 17    -11.25     -3.26     32.63      0.00     18.71     -7.75    457.41     23.27     21.62     -0.25      2.62      0.00      0.00      0.00
 25  2 29 17    -11.75     -2.42     24.20      0.00     18.66     -7.75    457.41     23.27     21.62     -0.25      3.46      0.00      0.00      0.00
 26  2 29 17    -12.25     -1.82     18.19      0.00     18.61     -7.75    457.41     23.27     21.62     -0.25      4.52      0.00      0.00      0.00
 27  2 29 17    -12.75     -1.48     14.76      0.00     18.55     -7.75    457.41     23.27     21.62     -0.25      5.48      0.00      0.00      0.00
 28  2 29 17    -13.25     -1.33     13.33      0.00     18.50     -7.75    457.41     23.27     21.62     -0.25      5.99      0.00      0.00      0.00
 29  2 29 17    -13.75   -126.09   1260.86      0.00     18.45     -7.75    457.41     23.27     21.62     -0.25      6.13      0.00      0.00      0.00
  1  2 28 17      0.25      0.00      0.00      0.00     26.96     -7.75    451.68     23.34     21.62     -0.25      0.00      0.00-857041.06      0.00
  2  2 28 17     -0.25      0.00       NaN       NaN     26.96     -7.75    451.68     23.34     21.62     -0.25       NaN       NaN      0.00       NaN
  3  2 28 17     -0.75    -30.31    303.12      0.00     26.88     -7.75    451.68     23.34     21.62     -0.25      6.10      0.00      0.00      0.00
  4  2 28 17     -1.25    -28.29    282.95      0.00     26.81     -7.75    451.68     23.34     21.62     -0.25      0.93      0.00      0.00      0.00
  5  2 28 17     -1.75    -26.41    264.09      0.00     26.73     -7.75    451.68     23.34     21.62     -0.25      0.93      0.00      0.00      0.00
  6  2 28 17     -2.25    -24.64    246.39      0.00     26.65     -7.75    451.68     23.34     21.62     -0.25      0.93      0.00      0.00      0.00
  7  2 28 17     -2.75    -22.97    229.73      0.00     26.58     -7.75    451.68     23.34     21.62     -0.25      0.93      0.00      0.00      0.00
  8  2 28 17     -3.25    -21.40    214.02      0.00     26.50     -7.75    451.68     23.34     21.62     -0.25      0.94      0.00      0.00      0.00
  9  2 28 17     -3.75    -19.92    199.19      0.00     26.42     -7.75    451.68     23.34     21.62     -0.25      0.94      0.00      0.00      0.00
 10  2 28 17     -4.25    -18.53    185.26      0.00     26.35     -7.75    451.68     23.34     21.62     -0.25      0.95      0.00      0.00      0.00
 11  2 28 17     -4.75    -17.22    172.17      0.00     26.27     -7.75    451.68     23.34     21.62     -0.25      0.96      0.00      0.00      0.00
 12  2 28 17     -5.25    -15.98    159.85      0.00     26.19     -7.75    451.68     23.34     21.62     -0.25      0.96      0.00      0.00      0.00
 13  2 28 17     -5.75    -14.82    148.20      0.00     26.12     -7.75    451.68     23.34     21.62     -0.25      0.97      0.00      0.00      0.00
 14  2 28 17     -6.25    -13.71    137.14      0.00     26.04     -7.75    451.68     23.34     21.62     -0.25      0.99      0.00      0.00      0.00
 15  2 28 17     -6.75    -12.65    126.51      0.00     25.12     -7.75    451.68     23.34     21.62     -0.25      1.00      0.00      0.00      0.00
 16  2 28 17     -7.25    -11.60    116.03      0.00     23.38     -7.75    451.68     23.34     21.62     -0.25      1.03      0.00      0.00      0.00
 17  2 28 17     -7.75    451.68    105.37      0.00     21.62     -7.75    451.68     23.34     21.62     -0.25      1.07      0.00      0.00      0.00
 18  2 28 17     -8.25     -9.43     94.30      0.00     19.88     -7.75    451.68     23.34     21.62     -0.25      1.13      0.00      0.00      0.00
 19  2 28 17     -8.75     -8.27     82.67      0.00     18.97     -7.75    451.68     23.34     21.62     -0.25      1.22      0.00      0.00      0.00
 20  2 28 17     -9.25     -7.06     70.57      0.00     18.92     -7.75    451.68     23.34     21.62     -0.25      1.36      0.00      0.00      0.00
 21  2 28 17     -9.75     -5.83     58.30      0.00     18.87     -7.75    451.68     23.34     21.62     -0.25      1.58      0.00      0.00      0.00
 22  2 28 17    -10.25     -4.63     46.30      0.00     18.82     -7.75    451.68     23.34     21.62     -0.25      1.92      0.00      0.00      0.00
 23  2 28 17    -10.75     -3.52     35.21      0.00     18.76     -7.75    451.68     23.34     21.62     -0.25      2.45      0.00      0.00      0.00
 24  2 28 17    -11.25     -2.59     25.87      0.00     18.71     -7.75    451.68     23.34     21.62     -0.25      3.27      0.00      0.00      0.00
 25  2 28 17    -11.75     -1.91     19.09      0.00     18.66     -7.75    451.68     23.34     21.62     -0.25      4.35      0.00      0.00      0.00
 26  2 28 17    -12.25     -1.52     15.15      0.00     18.61     -7.75    451.68     23.34     21.62     -0.25      5.38      0.00      0.00      0.00
 27  2 28 17    -12.75     -1.35     13.49      0.00     18.55     -7.75    451.68     23.34     21.62     -0.25      5.97      0.00      0.00      0.00
 28  2 28 17    -13.25   -127.12   1271.24      0.00     18.50     -7.75    451.68     23.34     21.62     -0.25      6.13      0.00      0.00      0.00
  1  2 26 16      0.25      0.00      0.00      0.00     26.96     -7.25    437.33     23.49     23.38     -0.25      0.00      0.00-871739.79      0.00
  2  2 26 16     -0.25      0.00       NaN       NaN     26.96     -7.25    437.33     23.49     23.38     -0.25       NaN       NaN      0.00       NaN
  3  2 26 16     -0.75    -30.86    308.65      0.00     26.88     -7.25    437.33     23.49     23.38     -0.25      6.10      0.00      0.00      0.00
  4  2 26 16     -1.25    -28.76    287.62      0.00     26.81     -7.25    437.33     23.49     23.38     -0.25      0.88      0.00      0.00      0.00
  5  2 26 16     -1.75    -26.79    267.91      0.00     26.73     -7.25    437.33     23.49     23.38     -0.25      0.88      0.00      0.00      0.00
  6  2 26 16     -2.25    -24.93    249.34      0.00     26.65     -7.25    437.33     23.49     23.38     -0.25      0.88      0.00      0.00      0.00
  7  2 26 16     -2.75    -23.18    231.77      0.00     26.58     -7.25    437.33     23.49     23.38     -0.25      0.88      0.00      0.00      0.00
  8  2 26 16     -3.25    -21.51    215.09      0.00     26.50     -7.25    437.33     23.49     23.38     -0.25      0.89      0.00      0.00      0.00
  9  2 26 16     -3.75    -19.93    199.25      0.00     26.42     -7.25    437.33     23.49     23.38     -0.25      0.89      0.00      0.00      0.00
 10  2 26 16     -4.25    -18.42    184.24      0.00     26.35     -7.25    437.33     23.49     23.38     -0.25      0.90      0.00      0.00      0.00
 11  2 26 16     -4.75    -17.00    169.98      0.00     26.27     -7.25    437.33     23.49     23.38     -0.25      0.91      0.00      0.00      0.00
 12  2 26 16     -5.25    -15.64    156.38      0.00     26.19     -7.25    437.33     23.49     23.38     -0.25      0.92      0.00      0.00      0.00
 13  2 26 16     -5.75    -14.34    143.35      0.00     26.12     -7.25    437.33     23.49     23.38     -0.25      0.94      0.00      0.00      0.00
 14  2 26 16     -6.25    -13.08    130.78      0.00     26.04     -7.25    437.33     23.49     23.38     -0.25      0.96      0.00      0.00      0.00
 15  2 26 16     -6.75    -11.85    118.51      0.00     25.12     -7.25    437.33     23.49     23.38     -0.25      1.00      0.00      0.00      0.00
 16  2 26 16     -7.25    437.33    106.28      0.00     23.38     -7.25    437.33     23.49     23.38     -0.25      1.05      0.00      0.00      0.00
 17  2 26 16     -7.75     -9.38     93.76      0.00     21.62     -7.25    437.33     23.49     23.38     -0.25      1.12      0.00      0.00      0.00
 18  2 26 16     -8.25     -8.08     80.79      0.00     19.88     -7.25    437.33     23.49     23.38     -0.25      1.23      0.00      0.00      0.00
 19  2 26 16     -8.75     -6.74     67.36      0.00     18.97     -7.25    437.33     23.49     23.38     -0.25      1.41      0.00      0.00      0.00
 20  2 26 16     -9.25     -5.38     53.84      0.00     18.92     -7.25    437.33     23.49     23.38     -0.25      1.69      0.00      0.00      0.00
 21  2 26 16     -9.75     -4.10     40.95      0.00     18.87     -7.25    437.33     23.49     23.38     -0.25      2.16      0.00      0.00      0.00
 22  2 26 16    -10.25     -2.97     29.71      0.00     18.82     -7.25    437.33     23.49     23.38     -0.25      2.91      0.00      0.00      0.00
 23  2 26 16    -10.75     -2.12     21.19      0.00     18.76     -7.25    437.33     23.49     23.38     -0.25      4.00      0.00      0.00      0.00
 24  2 26 16    -11.25     -1.61     16.05      0.00     18.71     -7.25    437.33     23.49     23.38     -0.25      5.18      0.00      0.00      0.00
 25  2 26 16    -11.75     -1.39     13.85      0.00     18.66     -7.25    437.33     23.49     23.38     -0.25      5.91      0.00      0.00      0.00
 26  2 26 16    -12.25   -129.29   1292.95      0.00     18.61     -7.25    437.33     23.49     23.38     -0.25      6.12      0.00      0.00      0.00
  1  2 25 16      0.25      0.00      0.00      0.00     26.96     -7.25    429.84     23.56     23.38     -0.25      0.00      0.00-875498.96      0.00
  2  2 25 16     -0.25      0.00       NaN       NaN     26.96     -7.25    429.84     23.56     23.38     -0.25       NaN       NaN      0.00       NaN
  3  2 25 16     -0.75    -31.09    310.91      0.00     26.88     -7.25    429.84     23.56     23.38     -0.25      6.10      0.00      0.00      0.00
  4  2 25 16     -1.25    -28.94    289.45      0.00     26.81     -7.25    429.84     23.56     23.38     -0.25      0.86      0.00      0.00      0.00
  5  2 25 16     -1.75    -26.93    269.29      0.00     26.73     -7.25    429.84     23.56     23.38     -0.25      0.86      0.00      0.00      0.00
  6  2 25 16     -2.25    -25.02    250.25      0.00     26.65     -7.25    429.84     23.56     23.38     -0.25      0.86      0.00      0.00      0.00
  7  2 25 16     -2.75    -23.22    232.19      0.00     26.58     -7.25    429.84     23.56     23.38     -0.25      0.86      0.00      0.00      0.00
  8  2 25 16     -3.25    -21.50    214.97      0.00     26.50     -7.25    429.84     23.56     23.38     -0.25      0.86      0.00      0.00      0.00
  9  2 25 16     -3.75    -19.86    198.57      0.00     26.42     -7.25    429.84     23.56     23.38     -0.25      0.87      0.00      0.00      0.00
 10  2 25 16     -4.25    -18.29    182.93      0.00     26.35     -7.25    429.84     23.56     23.38     -0.25      0.87      0.00      0.00      0.00
 11  2 25 16     -4.75    -16.80    167.97      0.00     26.27     -7.25    429.84     23.56     23.38     -0.25      0.89      0.00      0.00      0.00
 12  2 25 16     -5.25    -15.36    153.61      0.00     26.19     -7.25    429.84     23.56     23.38     -0.25      0.90      0.00      0.00      0.00
 13  2 25 16     -5.75    -13.97    139.72      0.00     26.12     -7.25    429.84     23.56     23.38     -0.25      0.93      0.00      0.00      0.00
 14  2 25 16     -6.25    -12.62    126.22      0.00     26.04     -7.25    429.84     23.56     23.38     -0.25      0.96      0.00      0.00      0.00
 15  2 25 16     -6.75    -11.29    112.94      0.00     25.12     -7.25    429.84     23.56     23.38     -0.25      1.01      0.00      0.00      0.00
 16  2 25 16     -7.25    429.84     99.64      0.00     23.38     -7.25    429.84     23.56     23.38     -0.25      1.07      0.00      0.00      0.00
 17  2 25 16     -7.75     -8.61     86.05      0.00     21.62     -7.25    429.84     23.56     23.38     -0.25      1.18      0.00      0.00      0.00
 18  2 25 16     -8.25     -7.21     72.09      0.00     19.88     -7.25    429.84     23.56     23.38     -0.25      1.34      0.00      0.00      0.00
 19  2 25 16     -8.75     -5.79     57.91      0.00     18.97     -7.25    429.84     23.56     23.38     -0.25      1.60      0.00      0.00      0.00
 20  2 25 16     -9.25     -4.41     44.14      0.00     18.92     -7.25    429.84     23.56     23.38     -0.25      2.03      0.00      0.00      0.00
 21  2 25 16     -9.75     -3.19     31.89      0.00     18.87     -7.25    429.84     23.56     23.38     -0.25      2.74      0.00      0.00      0.00
 22  2 25 16    -10.25     -2.24     22.41      0.00     18.82     -7.25    429.84     23.56     23.38     -0.25      3.82      0.00      0.00      0.00
 23  2 25 16    -10.75     -1.66     16.58      0.00     18.76     -7.25    429.84     23.56     23.38     -0.25      5.06      0.00      0.00      0.00
 24  2 25 16    -11.25     -1.41     14.05      0.00     18.71     -7.25    429.84     23.56     23.38     -0.25      5.88      0.00      0.00      0.00
 25  2 25 16    -11.75   -130.43   1304.30      0.00     18.66     -7.25    429.84     23.56     23.38     -0.25      6.12      0.00      0.00      0.00
  1  2 24 16      0.25      0.00      0.00      0.00     26.96     -7.25    421.75     23.62     23.38     -0.25      0.00      0.00-876135.63      0.00
  2  2 24 16     -0.25      0.00       NaN       NaN     26.96     -7.25    421.75     23.62     23.38     -0.25       NaN       NaN      0.00       NaN
  3  2 24 16     -0.75    -31.27    312.68      0.00     26.88     -7.25    421.75     23.62     23.38     -0.25      6.10      0.00      0.00      0.00
  4  2 24 16     -1.25    -29.08    290.77      0.00     26.81     -7.25    421.75     23.62     23.38     -0.25      0.83      0.00      0.00      0.00
  5  2 24 16     -1.75    -27.02    270.16      0.00     26.73     -7.25    421.75     23.62     23.38     -0.25      0.83      0.00      0.00      0.00
  6  2 24 16     -2.25    -25.06    250.64      0.00     26.65     -7.25    421.75     23.62     23.38     -0.25      0.83      0.00      0.00      0.00
  7  2 24 16     -2.75    -23.21    232.06      0.00     26.58     -7.25    421.75     23.62     23.38     -0.25      0.83      0.00      0.00      0.00
  8  2 24 16     -3.25    -21.43    214.27      0.00     26.50     -7.25    421.75     23.62     23.38     -0.25      0.84      0.00      0.00      0.00
  9  2 24 16     -3.75    -19.73    197.25      0.00     26.42     -7.25    421.75     23.62     23.38     -0.25      0.84      0.00      0.00      0.00
 10  2 24 16     -4.25    -18.09    180.93      0.00     26.35     -7.25    421.75     23.62     23.38     -0.25      0.85      0.00      0.00      0.00
 11  2 24 16     -4.75    -16.52    165.20      0.00     26.27     -7.25    421.75     23.62     23.38     -0.25      0.87      0.00      0.00      0.00
 12  2 24 16     -5.25    -15.00    149.95      0.00     26.19     -7.25    421.75     23.62     23.38     -0.25      0.89      0.00      0.00      0.00
 13  2 24 16     -5.75    -13.51    135.09      0.00     26.12     -7.25    421.75     23.62     23.38     -0.25      0.92      0.00      0.00      0.00
 14  2 24 16     -6.25    -12.05    120.50      0.00     26.04     -7.25    421.75     23.62     23.38     -0.25      0.97      0.00      0.00      0.00
 15  2 24 16     -6.75    -10.61    106.07      0.00     25.12     -7.25    421.75     23.62     23.38     -0.25      1.03      0.00      0.00      0.00
 16  2 24 16     -7.25    421.75     91.59      0.00     23.38     -7.25    421.75     23.62     23.38     -0.25      1.13      0.00      0.00      0.00
 17  2 24 16     -7.75     -7.69     76.90      0.00     21.62     -7.25    421.75     23.62     23.38     -0.25      1.27      0.00      0.00      0.00
 18  2 24 16     -8.25     -6.21     62.07      0.00     19.88     -7.25    421.75     23.62     23.38     -0.25      1.51      0.00      0.00      0.00
 19  2 24 16     -8.75     -4.75     47.52      0.00     18.97     -7.25    421.75     23.62     23.38     -0.25      1.91      0.00      0.00      0.00
 20  2 24 16     -9.25     -3.43     34.26      0.00     18.92     -7.25    421.75     23.62     23.38     -0.25      2.58      0.00      0.00      0.00
 21  2 24 16     -9.75     -2.38     23.76      0.00     18.87     -7.25    421.75     23.62     23.38     -0.25      3.64      0.00      0.00      0.00
 22  2 24 16    -10.25     -1.72     17.16      0.00     18.82     -7.25    421.75     23.62     23.38     -0.25      4.94      0.00      0.00      0.00
 23  2 24 16    -10.75     -1.43     14.26      0.00     18.76     -7.25    421.75     23.62     23.38     -0.25      5.85      0.00      0.00      0.00
 24  2 24 16    -11.25   -131.60   1316.01      0.00     18.71     -7.25    421.75     23.62     23.38     -0.25      6.12      0.00      0.00      0.00
  1  2 24 16      0.25      0.00      0.00      0.00     26.96     -7.25    421.75     23.62     23.38     -0.25      0.00      0.00-876135.63      0.00
  2  2 24 16     -0.25      0.00       NaN       NaN     26.96     -7.25    421.75     23.62     23.38     -0.25       NaN       NaN      0.00       NaN
  3  2 24 16     -0.75    -31.27    312.68      0.00     26.88     -7.25    421.75     23.62     23.38     -0.25      6.10      0.00      0.00      0.00
  4  2 24 16     -1.25    -29.08    290.77      0.00     26.81     -7.25    421.75     23.62     23.38     -0.25      0.83      0.00      0.00      0.00
  5  2 24 16     -1.75    -27.02    270.16      0.00     26.73     -7.25    421.75     23.62     23.38     -0.25      0.83      0.00      0.00      0.00
  6  2 24 16     -2.25    -25.06    250.64      0.00     26.65     -7.25    421.75     23.62     23.38     -0.25      0.83      0.00      0.00      0.00
  7  2 24 16     -2.75    -23.21    232.06      0.00     26.58     -7.25    421.75     23.62     23.38     -0.25      0.83      0.00      0.00      0.00
  8  2 24 16     -3.25    -21.43    214.27      0.00     26.50     -7.25    421.75     23.62     23.38     -0.25      0.84      0.00      0.00      0.00
  9  2 24 16     -3.75    -19.73    197.25      0.00     26.42     -7.25    421.75     23.62     23.38     -0.25      0.84      0.00      0.00      0.00
 10  2 24 16     -4.25    -18.09    180.93      0.00     26.35     -7.25    421.75     23.62     23.38     -0.25      0.85      0.00      0.00      0.00
 11  2 24 16     -4.75    -16.52    165.20      0.00     26.27     -7.25    421.75     23.62     23.38     -0.25      0.87      0.00      0.00      0.00
 12  2 24 16     -5.25    -15.00    149.95      0.00     26.19     -7.25    421.75     23.62     23.38     -0.25      0.89      0.00      0.00      0.00
 13  2 24 16     -5.75    -13.51    135.09      0.00     26.12     -7.25    421.75     23.62     23.38     -0.25      0.92      0.00      0.00      0.00
 14  2 24 16     -6.25    -12.05    120.50      0.00     26.04     -7.25    421.75     23.62     23.38     -0.25      0.97      0.00      0.00      0.00
 15  2 24 16     -6.75    -10.61    106.07      0.00     25.12     -7.25    421.75     23.62     23.38     -0.25      1.03      0.00      0.00      0.00
 16  2 24 16     -7.25    421.75     91.59      0.00     23.38     -7.25    421.75     23.62     23.38     -0.25      1.13      0.00      0.00      0.00
 17  2 24 16     -7.75     -7.69     76.90      0.00     21.62     -7.25    421.75     23.62     23.38     -0.25      1.27      0.00      0.00      0.00
 18  2 24 16     -8.25     -6.21     62.07      0.00     19.88     -7.25    421.75     23.62     23.38     -0.25      1.51      0.00      0.00      0.00
 19  2 24 16     -8.75     -4.75     47.52      0.00     18.97     -7.25    421.75     23.62     23.38     -0.25      1.91      0.00      0.00      0.00
 20  2 24 16     -9.25     -3.43     34.26      0.00     18.92     -7.25    421.75     23.62     23.38     -0.25      2.58      0.00      0.00      0.00
 21  2 24 16     -9.75     -2.38     23.76      0.00     18.87     -7.25    421.75     23.62     23.38     -0.25      3.64      0.00      0.00      0.00
 22  2 24 16    -10.25     -1.72     17.16      0.00     18.82     -7.25    421.75     23.62     23.38     -0.25      4.94      0.00      0.00      0.00
 23  2 24 16    -10.75     -1.43     14.26      0.00     18.76     -7.25    421.75     23.62     23.38     -0.25      5.85      0.00      0.00      0.00
 24  2 24 16    -11.25   -131.60   1316.01      0.00     18.71     -7.25    421.75     23.62     23.38     -0.25      6.12      0.00      0.00      0.00
  1  2 24 16      0.25      0.00      0.00      0.00     26.96     -7.24    421.92     23.62     23.38     -0.25      0.00      0.00-875044.60      0.00
  2  2 24 16     -0.25      0.00       NaN       NaN     26.96     -7.24    421.92     23.62     23.38     -0.25       NaN       NaN      0.00       NaN
  3  2 24 16     -0.74    -31.29    312.87      0.00     26.88     -7.24    421.92     23.62     23.38     -0.25      6.10      0.00      0.00      0.00
  4  2 24 16     -1.24    -29.09    290.94      0.00     26.81     -7.24    421.92     23.62     23.38     -0.25      0.83      0.00      0.00      0.00
  5  2 24 16     -1.74    -27.03    270.31      0.00     26.73     -7.24    421.92     23.62     23.38     -0.25      0.83      0.00      0.00      0.00
  6  2 24 16     -2.24    -25.08    250.77      0.00     26.65     -7.24    421.92     23.62     23.38     -0.25      0.83      0.00      0.00      0.00
  7  2 24 16     -2.74    -23.22    232.18      0.00     26.58     -7.24    421.92     23.62     23.38     -0.25      0.83      0.00      0.00      0.00
  8  2 24 16     -3.24    -21.44    214.38      0.00     26.50     -7.24    421.92     23.62     23.38     -0.25      0.84      0.00      0.00      0.00
  9  2 24 16     -3.74    -19.74    197.35      0.00     26.42     -7.24    421.92     23.62     23.38     -0.25      0.84      0.00      0.00      0.00
 10  2 24 16     -4.24    -18.10    181.02      0.00     26.35     -7.24    421.92     23.62     23.38     -0.25      0.85      0.00      0.00      0.00
 11  2 24 16     -4.74    -16.53    165.28      0.00     26.27     -7.24    421.92     23.62     23.38     -0.25      0.87      0.00      0.00      0.00
 12  2 24 16     -5.24    -15.00    150.02      0.00     26.19     -7.24    421.92     23.62     23.38     -0.25      0.89      0.00      0.00      0.00
 13  2 24 16     -5.74    -13.52    135.15      0.00     26.12     -7.24    421.92     23.62     23.38     -0.25      0.92      0.00      0.00      0.00
 14  2 24 16     -6.24    -12.06    120.56      0.00     26.04     -7.24    421.92     23.62     23.38     -0.25      0.97      0.00      0.00      0.00
 15  2 24 16     -6.74    -10.61    106.12      0.00     25.12     -7.24    421.92     23.62     23.38     -0.25      1.03      0.00      0.00      0.00
 16  2 24 16     -7.24    421.92     91.64      0.01     23.38     -7.24    421.92     23.62     23.38     -0.25      1.13      0.00      0.00      0.00
 17  2 24 16     -7.74     -7.69     76.94      0.01     21.62     -7.24    421.92     23.62     23.38     -0.25      1.27      0.00      0.00      0.00
 18  2 24 16     -8.24     -6.21     62.10      0.01     19.88     -7.24    421.92     23.62     23.38     -0.25      1.51      0.00      0.00      0.00
 19  2 24 16     -8.74     -4.75     47.55      0.00     18.97     -7.24    421.92     23.62     23.38     -0.25      1.91      0.00      0.00      0.00
 20  2 24 16     -9.24     -3.43     34.28      0.00     18.92     -7.24    421.92     23.62     23.38     -0.25      2.58      0.00      0.00      0.00
 21  2 24 16     -9.74     -2.38     23.77      0.00     18.87     -7.24    421.92     23.62     23.38     -0.25      3.64      0.00      0.00      0.00
 22  2 24 16    -10.24     -1.72     17.17      0.00     18.82     -7.24    421.92     23.62     23.38     -0.25      4.94      0.00      0.00      0.00
 23  2 24 16    -10.74     -1.43     14.27      0.00     18.76     -7.24    421.92     23.62     23.38     -0.25      5.85      0.00      0.00      0.00
 24  2 24 16    -11.24   -131.62   1316.21      0.00     18.71     -7.24    421.92     23.62     23.38     -0.25      6.11      0.00      0.00      0.00
  1  2 25 16      0.25      0.00      0.00      0.00     26.96     -7.24    430.05     23.56     23.38     -0.25      0.00      0.00-874302.50      0.00
  2  2 25 16     -0.25      0.00       NaN       NaN     26.96     -7.24    430.05     23.56     23.38     -0.25       NaN       NaN      0.00       NaN
  3  2 25 16     -0.74    -31.11    311.12      0.00     26.88     -7.24    430.05     23.56     23.38     -0.25      6.10      0.00      0.00      0.00
  4  2 25 16     -1.24    -28.96    289.63      0.00     26.81     -7.24    430.05     23.56     23.38     -0.25      0.86      0.00      0.00      0.00
  5  2 25 16     -1.74    -26.95    269.45      0.00     26.73     -7.24    430.05     23.56     23.38     -0.25      0.86      0.00      0.00      0.00
  6  2 25 16     -2.24    -25.04    250.40      0.00     26.65     -7.24    430.05     23.56     23.38     -0.25      0.86      0.00      0.00      0.00
  7  2 25 16     -2.74    -23.23    232.32      0.00     26.58     -7.24    430.05     23.56     23.38     -0.25      0.86      0.00      0.00      0.00
  8  2 25 16     -3.24    -21.51    215.10      0.00     26.50     -7.24    430.05     23.56     23.38     -0.25      0.86      0.00      0.00      0.00
  9  2 25 16     -3.74    -19.87    198.68      0.00     26.42     -7.24    430.05     23.56     23.38     -0.25      0.87      0.00      0.00      0.00
 10  2 25 16     -4.24    -18.30    183.03      0.00     26.35     -7.24    430.05     23.56     23.38     -0.25      0.87      0.00      0.00      0.00
 11  2 25 16     -4.74    -16.81    168.07      0.00     26.27     -7.24    430.05     23.56     23.38     -0.25      0.89      0.00      0.00      0.00
 12  2 25 16     -5.24    -15.37    153.69      0.00     26.19     -7.24    430.05     23.56     23.38     -0.25      0.90      0.00      0.00      0.00
 13  2 25 16     -5.74    -13.98    139.80      0.00     26.12     -7.24    430.05     23.56     23.38     -0.25      0.93      0.00      0.00      0.00
 14  2 25 16     -6.24    -12.63    126.29      0.00     26.04     -7.24    430.05     23.56     23.38     -0.25      0.96      0.00      0.00      0.00
 15  2 25 16     -6.74    -11.30    113.00      0.00     25.12     -7.24    430.05     23.56     23.38     -0.25      1.01      0.00      0.00      0.00
 16  2 25 16     -7.24    430.05     99.70      0.01     23.38     -7.24    430.05     23.56     23.38     -0.25      1.07      0.00      0.00      0.00
 17  2 25 16     -7.74     -8.61     86.11      0.01     21.62     -7.24    430.05     23.56     23.38     -0.25      1.18      0.00      0.00      0.00
 18  2 25 16     -8.24     -7.21     72.13      0.01     19.88     -7.24    430.05     23.56     23.38     -0.25      1.34      0.00      0.00      0.00
 19  2 25 16     -8.74     -5.79     57.95      0.00     18.97     -7.24    430.05     23.56     23.38     -0.25      1.60      0.00      0.00      0.00
 20  2 25 16     -9.24     -4.42     44.17      0.00     18.92     -7.24    430.05     23.56     23.38     -0.25      2.03      0.00      0.00      0.00
 21  2 25 16     -9.74     -3.19     31.91      0.00     18.87     -7.24    430.05     23.56     23.38     -0.25      2.74      0.00      0.00      0.00
 22  2 25 16    -10.24     -2.24     22.43      0.00     18.82     -7.24    430.05     23.56     23.38     -0.25      3.82      0.00      0.00      0.00
 23  2 25 16    -10.74     -1.66     16.59      0.00     18.76     -7.24    430.05     23.56     23.38     -0.25      5.06      0.00      0.00      0.00
 24  2 25 16    -11.24     -1.41     14.05      0.00     18.71     -7.24    430.05     23.56     23.38     -0.25      5.88      0.00      0.00      0.00
 25  2 25 16    -11.74   -130.45   1304.52      0.00     18.66     -7.24    430.05     23.56     23.38     -0.25      6.12      0.00      0.00      0.00
  1  2 26 16      0.24      0.00      0.00      0.00     26.96     -7.24    437.55     23.49     23.38     -0.24      0.00      0.00-870387.66      0.00
  2  2 26 16     -0.24      0.00       NaN       NaN     26.96     -7.24    437.55     23.49     23.38     -0.24       NaN       NaN      0.00       NaN
  3  2 26 16     -0.74    -30.89    308.86      0.00     26.88     -7.24    437.55     23.49     23.38     -0.24      6.10      0.00      0.00      0.00
  4  2 26 16     -1.24    -28.78    287.82      0.00     26.81     -7.24    437.55     23.49     23.38     -0.24      0.88      0.00      0.00      0.00
  5  2 26 16     -1.74    -26.81    268.08      0.00     26.73     -7.24    437.55     23.49     23.38     -0.24      0.88      0.00      0.00      0.00
  6  2 26 16     -2.24    -24.95    249.49      0.00     26.65     -7.24    437.55     23.49     23.38     -0.24      0.88      0.00      0.00      0.00
  7  2 26 16     -2.74    -23.19    231.91      0.00     26.58     -7.24    437.55     23.49     23.38     -0.24      0.88      0.00      0.00      0.00
  8  2 26 16     -3.24    -21.52    215.22      0.00     26.50     -7.24    437.55     23.49     23.38     -0.24      0.89      0.00      0.00      0.00
  9  2 26 16     -3.74    -19.94    199.37      0.00     26.42     -7.24    437.55     23.49     23.38     -0.24      0.89      0.00      0.00      0.00
 10  2 26 16     -4.24    -18.43    184.35      0.00     26.35     -7.24    437.55     23.49     23.38     -0.24      0.90      0.00      0.00      0.00
 11  2 26 16     -4.74    -17.01    170.08      0.00     26.27     -7.24    437.55     23.49     23.38     -0.24      0.91      0.00      0.00      0.00
 12  2 26 16     -5.24    -15.65    156.47      0.00     26.19     -7.24    437.55     23.49     23.38     -0.24      0.92      0.00      0.00      0.00
 13  2 26 16     -5.74    -14.34    143.43      0.00     26.12     -7.24    437.55     23.49     23.38     -0.24      0.94      0.00      0.00      0.00
 14  2 26 16     -6.24    -13.09    130.86      0.00     26.04     -7.24    437.55     23.49     23.38     -0.24      0.96      0.00      0.00      0.00
 15  2 26 16     -6.74    -11.86    118.58      0.00     25.12     -7.24    437.55     23.49     23.38     -0.24      1.00      0.00      0.00      0.00
 16  2 26 16     -7.24    437.55    106.34      0.01     23.38     -7.24    437.55     23.49     23.38     -0.24      1.05      0.00      0.00      0.00
 17  2 26 16     -7.74     -9.38     93.82      0.01     21.62     -7.24    437.55     23.49     23.38     -0.24      1.12      0.00      0.00      0.00
 18  2 26 16     -8.24     -8.08     80.84      0.01     19.88     -7.24    437.55     23.49     23.38     -0.24      1.23      0.00      0.00      0.00
 19  2 26 16     -8.74     -6.74     67.40      0.00     18.97     -7.24    437.55     23.49     23.38     -0.24      1.41      0.00      0.00      0.00
 20  2 26 16     -9.24     -5.39     53.87      0.00     18.92     -7.24    437.55     23.49     23.38     -0.24      1.69      0.00      0.00      0.00
 21  2 26 16     -9.74     -4.10     40.98      0.00     18.87     -7.24    437.55     23.49     23.38     -0.24      2.16      0.00      0.00      0.00
 22  2 26 16    -10.24     -2.97     29.73      0.00     18.82     -7.24    437.55     23.49     23.38     -0.24      2.90      0.00      0.00      0.00
 23  2 26 16    -10.74     -2.12     21.20      0.00     18.76     -7.24    437.55     23.49     23.38     -0.24      3.99      0.00      0.00      0.00
 24  2 26 16    -11.24     -1.61     16.06      0.00     18.71     -7.24    437.55     23.49     23.38     -0.24      5.18      0.00      0.00      0.00
 25  2 26 16    -11.74     -1.39     13.85      0.00     18.66     -7.24    437.55     23.49     23.38     -0.24      5.91      0.00      0.00      0.00
 26  2 26 16    -12.24   -129.32   1293.17      0.00     18.61     -7.24    437.55     23.49     23.38     -0.24      6.12      0.00      0.00      0.00
  1  2 28 17      0.24      0.00      0.00      0.00     26.96     -7.74    451.91     23.35     21.62     -0.24      0.00      0.00-855769.06      0.00
  2  2 28 17     -0.24      0.00       NaN       NaN     26.96     -7.74    451.91     23.35     21.62     -0.24       NaN       NaN      0.00       NaN
  3  2 28 17     -0.74    -30.33    303.34      0.00     26.88     -7.74    451.91     23.35     21.62     -0.24      6.10      0.00      0.00      0.00
  4  2 28 17     -1.24    -28.31    283.15      0.00     26.81     -7.74    451.91     23.35     21.62     -0.24      0.93      0.00      0.00      0.00
  5  2 28 17     -1.74    -26.43    264.26      0.00     26.73     -7.74    451.91     23.35     21.62     -0.24      0.93      0.00      0.00      0.00
  6  2 28 17     -2.24    -24.65    246.55      0.00     26.65     -7.74    451.91     23.35     21.62     -0.24      0.93      0.00      0.00      0.00
  7  2 28 17     -2.74    -22.99    229.88      0.00     26.58     -7.74    451.91     23.35     21.62     -0.24      0.93      0.00      0.00      0.00
  8  2 28 17     -3.24    -21.42    214.15      0.00     26.50     -7.74    451.91     23.35     21.62     -0.24      0.94      0.00      0.00      0.00
  9  2 28 17     -3.74    -19.93    199.31      0.00     26.42     -7.74    451.91     23.35     21.62     -0.24      0.94      0.00      0.00      0.00
 10  2 28 17     -4.24    -18.54    185.37      0.00     26.35     -7.74    451.91     23.35     21.62     -0.24      0.95      0.00      0.00      0.00
 11  2 28 17     -4.74    -17.23    172.27      0.00     26.27     -7.74    451.91     23.35     21.62     -0.24      0.95      0.00      0.00      0.00
 12  2 28 17     -5.24    -15.99    159.94      0.00     26.19     -7.74    451.91     23.35     21.62     -0.24      0.96      0.00      0.00      0.00
 13  2 28 17     -5.74    -14.83    148.29      0.00     26.12     -7.74    451.91     23.35     21.62     -0.24      0.97      0.00      0.00      0.00
 14  2 28 17     -6.24    -13.72    137.22      0.00     26.04     -7.74    451.91     23.35     21.62     -0.24      0.99      0.00      0.00      0.00
 15  2 28 17     -6.74    -12.66    126.58      0.00     25.12     -7.74    451.91     23.35     21.62     -0.24      1.00      0.00      0.00      0.00
 16  2 28 17     -7.24    -11.61    116.09      0.01     23.38     -7.74    451.91     23.35     21.62     -0.24      1.03      0.00      0.00      0.00
 17  2 28 17     -7.74    451.91    105.43      0.01     21.62     -7.74    451.91     23.35     21.62     -0.24      1.07      0.00      0.00      0.00
 18  2 28 17     -8.24     -9.44     94.36      0.01     19.88     -7.74    451.91     23.35     21.62     -0.24      1.13      0.00      0.00      0.00
 19  2 28 17     -8.74     -8.27     82.72      0.00     18.97     -7.74    451.91     23.35     21.62     -0.24      1.22      0.00      0.00      0.00
 20  2 28 17     -9.24     -7.06     70.62      0.00     18.92     -7.74    451.91     23.35     21.62     -0.24      1.36      0.00      0.00      0.00
 21  2 28 17     -9.74     -5.83     58.34      0.00     18.87     -7.74    451.91     23.35     21.62     -0.24      1.58      0.00      0.00      0.00
 22  2 28 17    -10.24     -4.63     46.33      0.00     18.82     -7.74    451.91     23.35     21.62     -0.24      1.92      0.00      0.00      0.00
 23  2 28 17    -10.74     -3.52     35.23      0.00     18.76     -7.74    451.91     23.35     21.62     -0.24      2.45      0.00      0.00      0.00
 24  2 28 17    -11.24     -2.59     25.89      0.00     18.71     -7.74    451.91     23.35     21.62     -0.24      3.27      0.00      0.00      0.00
 25  2 28 17    -11.74     -1.91     19.10      0.00     18.66     -7.74    451.91     23.35     21.62     -0.24      4.34      0.00      0.00      0.00
 26  2 28 17    -12.24     -1.52     15.16      0.00     18.61     -7.74    451.91     23.35     21.62     -0.24      5.38      0.00      0.00      0.00
 27  2 28 17    -12.74     -1.35     13.49      0.00     18.55     -7.74    451.91     23.35     21.62     -0.24      5.97      0.00      0.00      0.00
 28  2 28 17    -13.24   -127.15   1271.47      0.00     18.50     -7.74    451.91     23.35     21.62     -0.24      6.13      0.00      0.00      0.00
  1  2 29 17      0.24      0.00      0.00      0.00     26.96     -7.74    457.62     23.27     21.62     -0.24      0.00      0.00-845662.97      0.00
  2  2 29 17     -0.24      0.00       NaN       NaN     26.96     -7.74    457.62     23.27     21.62     -0.24       NaN       NaN      0.00       NaN
  3  2 29 17     -0.74    -30.02    300.23      0.00     26.88     -7.74    457.62     23.27     21.62     -0.24      6.10      0.00      0.00      0.00
  4  2 29 17     -1.24    -28.04    280.44      0.00     26.81     -7.74    457.62     23.27     21.62     -0.24      0.95      0.00      0.00      0.00
  5  2 29 17     -1.74    -26.20    261.96      0.00     26.73     -7.74    457.62     23.27     21.62     -0.24      0.96      0.00      0.00      0.00
  6  2 29 17     -2.24    -24.46    244.64      0.00     26.65     -7.74    457.62     23.27     21.62     -0.24      0.96      0.00      0.00      0.00
  7  2 29 17     -2.74    -22.84    228.39      0.00     26.58     -7.74    457.62     23.27     21.62     -0.24      0.96      0.00      0.00      0.00
  8  2 29 17     -3.24    -21.31    213.10      0.00     26.50     -7.74    457.62     23.27     21.62     -0.24      0.96      0.00      0.00      0.00
  9  2 29 17     -3.74    -19.87    198.71      0.00     26.42     -7.74    457.62     23.27     21.62     -0.24      0.97      0.00      0.00      0.00
 10  2 29 17     -4.24    -18.52    185.24      0.00     26.35     -7.74    457.62     23.27     21.62     -0.24      0.97      0.00      0.00      0.00
 11  2 29 17     -4.74    -17.26    172.64      0.00     26.27     -7.74    457.62     23.27     21.62     -0.24      0.98      0.00      0.00      0.00
 12  2 29 17     -5.24    -16.08    160.83      0.00     26.19     -7.74    457.62     23.27     21.62     -0.24      0.99      0.00      0.00      0.00
 13  2 29 17     -5.74    -14.97    149.75      0.00     26.12     -7.74    457.62     23.27     21.62     -0.24      0.99      0.00      0.00      0.00
 14  2 29 17     -6.24    -13.93    139.28      0.00     26.04     -7.74    457.62     23.27     21.62     -0.24      1.00      0.00      0.00      0.00
 15  2 29 17     -6.74    -12.93    129.30      0.00     25.12     -7.74    457.62     23.27     21.62     -0.24      1.02      0.00      0.00      0.00
 16  2 29 17     -7.24    -11.95    119.51      0.01     23.38     -7.74    457.62     23.27     21.62     -0.24      1.03      0.00      0.00      0.00
 17  2 29 17     -7.74    457.62    109.62      0.01     21.62     -7.74    457.62     23.27     21.62     -0.24      1.06      0.00      0.00      0.00
 18  2 29 17     -8.24     -9.94     99.37      0.01     19.88     -7.74    457.62     23.27     21.62     -0.24      1.10      0.00      0.00      0.00
 19  2 29 17     -8.74     -8.86     88.59      0.00     18.97     -7.74    457.62     23.27     21.62     -0.24      1.17      0.00      0.00      0.00
 20  2 29 17     -9.24     -7.73     77.32      0.00     18.92     -7.74    457.62     23.27     21.62     -0.24      1.28      0.00      0.00      0.00
 21  2 29 17     -9.74     -6.57     65.74      0.00     18.87     -7.74    457.62     23.27     21.62     -0.24      1.43      0.00      0.00      0.00
 22  2 29 17    -10.24     -5.41     54.11      0.00     18.82     -7.74    457.62     23.27     21.62     -0.24      1.67      0.00      0.00      0.00
 23  2 29 17    -10.74     -4.29     42.87      0.00     18.76     -7.74    457.62     23.27     21.62     -0.24      2.04      0.00      0.00      0.00
 24  2 29 17    -11.24     -3.27     32.65      0.00     18.71     -7.74    457.62     23.27     21.62     -0.24      2.62      0.00      0.00      0.00
 25  2 29 17    -11.74     -2.42     24.21      0.00     18.66     -7.74    457.62     23.27     21.62     -0.24      3.46      0.00      0.00      0.00
 26  2 29 17    -12.24     -1.82     18.20      0.00     18.61     -7.74    457.62     23.27     21.62     -0.24      4.52      0.00      0.00      0.00
 27  2 29 17    -12.74     -1.48     14.77      0.00     18.55     -7.74    457.62     23.27     21.62     -0.24      5.48      0.00      0.00      0.00
 28  2 29 17    -13.24     -1.33     13.33      0.00     18.50     -7.74    457.62     23.27     21.62     -0.24      5.99      0.00      0.00      0.00
 29  2 29 17    -13.74   -126.11   1261.07      0.00     18.45     -7.74    457.62     23.27     21.62     -0.24      6.13      0.00      0.00      0.00
  1  2 28 17      0.24      0.00      0.00      0.00     26.96     -7.74    451.90     23.34     21.62     -0.24      0.00      0.00-855732.28      0.00
  2  2 28 17     -0.24      0.00       NaN       NaN     26.96     -7.74    451.90     23.34     21.62     -0.24       NaN       NaN      0.00       NaN
  3  2 28 17     -0.74    -30.33    303.33      0.00     26.88     -7.74    451.90     23.34     21.62     -0.24      6.10      0.00      0.00      0.00
  4  2 28 17     -1.24    -28.31    283.14      0.00     26.81     -7.74    451.90     23.34     21.62     -0.24      0.93      0.00      0.00      0.00
  5  2 28 17     -1.74    -26.43    264.25      0.00     26.73     -7.74    451.90     23.34     21.62     -0.24      0.93      0.00      0.00      0.00
  6  2 28 17     -2.24    -24.65    246.54      0.00     26.65     -7.74    451.90     23.34     21.62     -0.24      0.93      0.00      0.00      0.00
  7  2 28 17     -2.74    -22.99    229.87      0.00     26.58     -7.74    451.90     23.34     21.62     -0.24      0.93      0.00      0.00      0.00
  8  2 28 17     -3.24    -21.41    214.14      0.00     26.50     -7.74    451.90     23.34     21.62     -0.24      0.94      0.00      0.00      0.00
  9  2 28 17     -3.74    -19.93    199.31      0.00     26.42     -7.74    451.90     23.34     21.62     -0.24      0.94      0.00      0.00      0.00
 10  2 28 17     -4.24    -18.54    185.37      0.00     26.35     -7.74    451.90     23.34     21.62     -0.24      0.95      0.00      0.00      0.00
 11  2 28 17     -4.74    -17.23    172.27      0.00     26.27     -7.74    451.90     23.34     21.62     -0.24      0.95      0.00      0.00      0.00
 12  2 28 17     -5.24    -15.99    159.93      0.00     26.19     -7.74    451.90     23.34     21.62     -0.24      0.96      0.00      0.00      0.00
 13  2 28 17     -5.74    -14.83    148.28      0.00     26.12     -7.74    451.90     23.34     21.62     -0.24      0.97      0.00      0.00      0.00
 14  2 28 17     -6.24    -13.72    137.22      0.00     26.04     -7.74    451.90     23.34     21.62     -0.24      0.99      0.00      0.00      0.00
 15  2 28 17     -6.74    -12.66    126.58      0.00     25.12     -7.74    451.90     23.34     21.62     -0.24      1.00      0.00      0.00      0.00
 16  2 28 17     -7.24    -11.61    116.09      0.01     23.38     -7.74    451.90     23.34     21.62     -0.24      1.03      0.00      0.00      0.00
 17  2 28 17     -7.74    451.90    105.43      0.01     21.62     -7.74    451.90     23.34     21.62     -0.24      1.07      0.00      0.00      0.00
 18  2 28 17     -8.24     -9.44     94.35      0.01     19.88     -7.74    451.90     23.34     21.62     -0.24      1.13      0.00      0.00      0.00
 19  2 28 17     -8.74     -8.27     82.72      0.00     18.97     -7.74    451.90     23.34     21.62     -0.24      1.22      0.00      0.00      0.00
 20  2 28 17     -9.24     -7.06     70.61      0.00     18.92     -7.74    451.90     23.34     21.62     -0.24      1.36      0.00      0.00      0.00
 21  2 28 17     -9.74     -5.83     58.34      0.00     18.87     -7.74    451.90     23.34     21.62     -0.24      1.58      0.00      0.00      0.00
 22  2 28 17    -10.24     -4.63     46.33      0.00     18.82     -7.74    451.90     23.34     21.62     -0.24      1.92      0.00      0.00      0.00
 23  2 28 17    -10.74     -3.52     35.23      0.00     18.76     -7.74    451.90     23.34     21.62     -0.24      2.45      0.00      0.00      0.00
 24  2 28 17    -11.24     -2.59     25.89      0.00     18.71     -7.74    451.90     23.34     21.62     -0.24      3.27      0.00      0.00      0.00
 25  2 28 17    -11.74     -1.91     19.10      0.00     18.66     -7.74    451.90     23.34     21.62     -0.24      4.34      0.00      0.00      0.00
 26  2 28 17    -12.24     -1.52     15.16      0.00     18.61     -7.74    451.90     23.34     21.62     -0.24      5.38      0.00      0.00      0.00
 27  2 28 17    -12.74     -1.35     13.49      0.00     18.55     -7.74    451.90     23.34     21.62     -0.24      5.97      0.00      0.00      0.00
 28  2 28 17    -13.24   -127.15   1271.46      0.00     18.50     -7.74    451.90     23.34     21.62     -0.24      6.13      0.00      0.00      0.00
  1  2 26 16      0.24      0.00      0.00      0.00     26.96     -7.24    437.55     23.49     23.38     -0.24      0.00      0.00-870383.46      0.00
  2  2 26 16     -0.24      0.00       NaN       NaN     26.96     -7.24    437.55     23.49     23.38     -0.24       NaN       NaN      0.00       NaN
  3  2 26 16     -0.74    -30.89    308.86      0.00     26.88     -7.24    437.55     23.49     23.38     -0.24      6.10      0.00      0.00      0.00
  4  2 26 16     -1.24    -28.78    287.82      0.00     26.81     -7.24    437.55     23.49     23.38     -0.24      0.88      0.00      0.00      0.00
  5  2 26 16     -1.74    -26.81    268.08      0.00     26.73     -7.24    437.55     23.49     23.38     -0.24      0.88      0.00      0.00      0.00
  6  2 26 16     -2.24    -24.95    249.49      0.00     26.65     -7.24    437.55     23.49     23.38     -0.24      0.88      0.00      0.00      0.00
  7  2 26 16     -2.74    -23.19    231.91      0.00     26.58     -7.24    437.55     23.49     23.38     -0.24      0.88      0.00      0.00      0.00
  8  2 26 16     -3.24    -21.52    215.22      0.00     26.50     -7.24    437.55     23.49     23.38     -0.24      0.89      0.00      0.00      0.00
  9  2 26 16     -3.74    -19.94    199.37      0.00     26.42     -7.24    437.55     23.49     23.38     -0.24      0.89      0.00      0.00      0.00
 10  2 26 16     -4.24    -18.43    184.35      0.00     26.35     -7.24    437.55     23.49     23.38     -0.24      0.90      0.00      0.00      0.00
 11  2 26 16     -4.74    -17.01    170.08      0.00     26.27     -7.24    437.55     23.49     23.38     -0.24      0.91      0.00      0.00      0.00
 12  2 26 16     -5.24    -15.65    156.47      0.00     26.19     -7.24    437.55     23.49     23.38     -0.24      0.92      0.00      0.00      0.00
 13  2 26 16     -5.74    -14.34    143.43      0.00     26.12     -7.24    437.55     23.49     23.38     -0.24      0.94      0.00      0.00      0.00
 14  2 26 16     -6.24    -13.09    130.86      0.00     26.04     -7.24    437.55     23.49     23.38     -0.24      0.96      0.00      0.00      0.00
 15  2 26 16     -6.74    -11.86    118.58      0.00     25.12     -7.24    437.55     23.49     23.38     -0.24      1.00      0.00      0.00      0.00
 16  2 26 16     -7.24    437.55    106.34      0.01     23.38     -7.24    437.55     23.49     23.38     -0.24      1.05      0.00      0.00      0.00
 17  2 26 16     -7.74     -9.38     93.82      0.01     21.62     -7.24    437.55     23.49     23.38     -0.24      1.12      0.00      0.00      0.00
 18  2 26 16     -8.24     -8.08     80.84      0.01     19.88     -7.24    437.55     23.49     23.38     -0.24      1.23      0.00      0.00      0.00
 19  2 26 16     -8.74     -6.74     67.40      0.00     18.97     -7.24    437.55     23.49     23.38     -0.24      1.41      0.00      0.00      0.00
 20  2 26 16     -9.24     -5.39     53.87      0.00     18.92     -7.24    437.55     23.49     23.38     -0.24      1.69      0.00      0.00      0.00
 21  2 26 16     -9.74     -4.10     40.98      0.00     18.87     -7.24    437.55     23.49     23.38     -0.24      2.16      0.00      0.00      0.00
 22  2 26 16    -10.24     -2.97     29.73      0.00     18.82     -7.24    437.55     23.49     23.38     -0.24      2.90      0.00      0.00      0.00
 23  2 26 16    -10.74     -2.12     21.20      0.00     18.76     -7.24    437.55     23.49     23.38     -0.24      3.99      0.00      0.00      0.00
 24  2 26 16    -11.24     -1.61     16.06      0.00     18.71     -7.24    437.55     23.49     23.38     -0.24      5.18      0.00      0.00      0.00
 25  2 26 16    -11.74     -1.39     13.85      0.00     18.66     -7.24    437.55     23.49     23.38     -0.24      5.91      0.00      0.00      0.00
 26  2 26 16    -12.24   -129.32   1293.17      0.00     18.61     -7.24    437.55     23.49     23.38     -0.24      6.12      0.00      0.00      0.00
  1  2 25 16      0.25      0.00      0.00      0.00     26.96     -7.24    430.05     23.56     23.38     -0.25      0.00      0.00-874315.93      0.00
  2  2 25 16     -0.25      0.00       NaN       NaN     26.96     -7.24    430.05     23.56     23.38     -0.25       NaN       NaN      0.00       NaN
  3  2 25 16     -0.74    -31.11    311.13      0.00     26.88     -7.24    430.05     23.56     23.38     -0.25      6.10      0.00      0.00      0.00
  4  2 25 16     -1.24    -28.96    289.64      0.00     26.81     -7.24    430.05     23.56     23.38     -0.25      0.86      0.00      0.00      0.00
  5  2 25 16     -1.74    -26.95    269.46      0.00     26.73     -7.24    430.05     23.56     23.38     -0.25      0.86      0.00      0.00      0.00
  6  2 25 16     -2.24    -25.04    250.40      0.00     26.65     -7.24    430.05     23.56     23.38     -0.25      0.86      0.00      0.00      0.00
  7  2 25 16     -2.74    -23.23    232.33      0.00     26.58     -7.24    430.05     23.56     23.38     -0.25      0.86      0.00      0.00      0.00
  8  2 25 16     -3.24    -21.51    215.10      0.00     26.50     -7.24    430.05     23.56     23.38     -0.25      0.86      0.00      0.00      0.00
  9  2 25 16     -3.74    -19.87    198.68      0.00     26.42     -7.24    430.05     23.56     23.38     -0.25      0.87      0.00      0.00      0.00
 10  2 25 16     -4.24    -18.30    183.03      0.00     26.35     -7.24    430.05     23.56     23.38     -0.25      0.87      0.00      0.00      0.00
 11  2 25 16     -4.74    -16.81    168.07      0.00     26.27     -7.24    430.05     23.56     23.38     -0.25      0.89      0.00      0.00      0.00
 12  2 25 16     -5.24    -15.37    153.69      0.00     26.19     -7.24    430.05     23.56     23.38     -0.25      0.90      0.00      0.00      0.00
 13  2 25 16     -5.74    -13.98    139.80      0.00     26.12     -7.24    430.05     23.56     23.38     -0.25      0.93      0.00      0.00      0.00
 14  2 25 16     -6.24    -12.63    126.29      0.00     26.04     -7.24    430.05     23.56     23.38     -0.25      0.96      0.00      0.00      0.00
 15  2 25 16     -6.74    -11.30    113.01      0.00     25.12     -7.24    430.05     23.56     23.38     -0.25      1.01      0.00      0.00      0.00
 16  2 25 16     -7.24    430.05     99.70      0.01     23.38     -7.24    430.05     23.56     23.38     -0.25      1.07      0.00      0.00      0.00
 17  2 25 16     -7.74     -8.61     86.11      0.01     21.62     -7.24    430.05     23.56     23.38     -0.25      1.18      0.00      0.00      0.00
 18  2 25 16     -8.24     -7.21     72.13      0.01     19.88     -7.24    430.05     23.56     23.38     -0.25      1.34      0.00      0.00      0.00
 19  2 25 16     -8.74     -5.79     57.95      0.00     18.97     -7.24    430.05     23.56     23.38     -0.25      1.60      0.00      0.00      0.00
 20  2 25 16     -9.24     -4.42     44.17      0.00     18.92     -7.24    430.05     23.56     23.38     -0.25      2.03      0.00      0.00      0.00
 21  2 25 16     -9.74     -3.19     31.91      0.00     18.87     -7.24    430.05     23.56     23.38     -0.25      2.74      0.00      0.00      0.00
 22  2 25 16    -10.24     -2.24     22.43      0.00     18.82     -7.24    430.05     23.56     23.38     -0.25      3.82      0.00      0.00      0.00
 23  2 25 16    -10.74     -1.66     16.59      0.00     18.76     -7.24    430.05     23.56     23.38     -0.25      5.06      0.00      0.00      0.00
 24  2 25 16    -11.24     -1.41     14.05      0.00     18.71     -7.24    430.05     23.56     23.38     -0.25      5.88      0.00      0.00      0.00
 25  2 25 16    -11.74   -130.45   1304.53      0.00     18.66     -7.24    430.05     23.56     23.38     -0.25      6.12      0.00      0.00      0.00
  1  2 24 16      0.25      0.00      0.00      0.00     26.96     -7.24    421.95     23.62     23.38     -0.25      0.00      0.00-874922.73      0.00
  2  2 24 16     -0.25      0.00       NaN       NaN     26.96     -7.24    421.95     23.62     23.38     -0.25       NaN       NaN      0.00       NaN
  3  2 24 16     -0.74    -31.29    312.90      0.00     26.88     -7.24    421.95     23.62     23.38     -0.25      6.10      0.00      0.00      0.00
  4  2 24 16     -1.24    -29.10    290.97      0.00     26.81     -7.24    421.95     23.62     23.38     -0.25      0.83      0.00      0.00      0.00
  5  2 24 16     -1.74    -27.03    270.33      0.00     26.73     -7.24    421.95     23.62     23.38     -0.25      0.83      0.00      0.00      0.00
  6  2 24 16     -2.24    -25.08    250.79      0.00     26.65     -7.24    421.95     23.62     23.38     -0.25      0.83      0.00      0.00      0.00
  7  2 24 16     -2.74    -23.22    232.19      0.00     26.58     -7.24    421.95     23.62     23.38     -0.25      0.83      0.00      0.00      0.00
  8  2 24 16     -3.24    -21.44    214.40      0.00     26.50     -7.24    421.95     23.62     23.38     -0.25      0.84      0.00      0.00      0.00
  9  2 24 16     -3.74    -19.74    197.37      0.00     26.42     -7.24    421.95     23.62     23.38     -0.25      0.84      0.00      0.00      0.00
 10  2 24 16     -4.24    -18.10    181.03      0.00     26.35     -7.24    421.95     23.62     23.38     -0.25      0.85      0.00      0.00      0.00
 11  2 24 16     -4.74    -16.53    165.29      0.00     26.27     -7.24    421.95     23.62     23.38     -0.25      0.87      0.00      0.00      0.00
 12  2 24 16     -5.24    -15.00    150.04      0.00     26.19     -7.24    421.95     23.62     23.38     -0.25      0.89      0.00      0.00      0.00
 13  2 24 16     -5.74    -13.52    135.16      0.00     26.12     -7.24    421.95     23.62     23.38     -0.25      0.92      0.00      0.00      0.00
 14  2 24 16     -6.24    -12.06    120.57      0.00     26.04     -7.24    421.95     23.62     23.38     -0.25      0.97      0.00      0.00      0.00
 15  2 24 16     -6.74    -10.61    106.13      0.00     25.12     -7.24    421.95     23.62     23.38     -0.25      1.03      0.00      0.00      0.00
 16  2 24 16     -7.24    421.95     91.65      0.01     23.38     -7.24    421.95     23.62     23.38     -0.25      1.13      0.00      0.00      0.00
 17  2 24 16     -7.74     -7.70     76.95      0.01     21.62     -7.24    421.95     23.62     23.38     -0.25      1.27      0.00      0.00      0.00
 18  2 24 16     -8.24     -6.21     62.11      0.01     19.88     -7.24    421.95     23.62     23.38     -0.25      1.51      0.00      0.00      0.00
 19  2 24 16     -8.74     -4.76     47.55      0.00     18.97     -7.24    421.95     23.62     23.38     -0.25      1.90      0.00      0.00      0.00
 20  2 24 16     -9.24     -3.43     34.28      0.00     18.92     -7.24    421.95     23.62     23.38     -0.25      2.58      0.00      0.00      0.00
 21  2 24 16     -9.74     -2.38     23.78      0.00     18.87     -7.24    421.95     23.62     23.38     -0.25      3.64      0.00      0.00      0.00
 22  2 24 16    -10.24     -1.72     17.17      0.00     18.82     -7.24    421.95     23.62     23.38     -0.25      4.94      0.00      0.00      0.00
 23  2 24 16    -10.74     -1.43     14.27      0.00     18.76     -7.24    421.95     23.62     23.38     -0.25      5.85      0.00      0.00      0.00
 24  2 24 16    -11.24   -131.62   1316.24      0.00     18.71     -7.24    421.95     23.62     23.38     -0.25      6.11      0.00      0.00      0.00
  1  2 24 16      0.25      0.00      0.00      0.00     26.96     -7.24    421.93     23.62     23.38     -0.25      0.00      0.00-875051.17      0.00
  2  2 24 16     -0.25      0.00       NaN       NaN     26.96     -7.24    421.93     23.62     23.38     -0.25       NaN       NaN      0.00       NaN
  3  2 24 16     -0.74    -31.29    312.87      0.00     26.88     -7.24    421.93     23.62     23.38     -0.25      6.10      0.00      0.00      0.00
  4  2 24 16     -1.24    -29.09    290.94      0.00     26.81     -7.24    421.93     23.62     23.38     -0.25      0.83      0.00      0.00      0.00
  5  2 24 16     -1.74    -27.03    270.31      0.00     26.73     -7.24    421.93     23.62     23.38     -0.25      0.83      0.00      0.00      0.00
  6  2 24 16     -2.24    -25.08    250.77      0.00     26.65     -7.24    421.93     23.62     23.38     -0.25      0.83      0.00      0.00      0.00
  7  2 24 16     -2.74    -23.22    232.18      0.00     26.58     -7.24    421.93     23.62     23.38     -0.25      0.83      0.00      0.00      0.00
  8  2 24 16     -3.24    -21.44    214.38      0.00     26.50     -7.24    421.93     23.62     23.38     -0.25      0.84      0.00      0.00      0.00
  9  2 24 16     -3.74    -19.74    197.35      0.00     26.42     -7.24    421.93     23.62     23.38     -0.25      0.84      0.00      0.00      0.00
 10  2 24 16     -4.24    -18.10    181.02      0.00     26.35     -7.24    421.93     23.62     23.38     -0.25      0.85      0.00      0.00      0.00
 11  2 24 16     -4.74    -16.53    165.28      0.00     26.27     -7.24    421.93     23.62     23.38     -0.25      0.87      0.00      0.00      0.00
 12  2 24 16     -5.24    -15.00    150.03      0.00     26.19     -7.24    421.93     23.62     23.38     -0.25      0.89      0.00      0.00      0.00
 13  2 24 16     -5.74    -13.52    135.15      0.00     26.12     -7.24    421.93     23.62     23.38     -0.25      0.92      0.00      0.00      0.00
 14  2 24 16     -6.24    -12.06    120.56      0.00     26.04     -7.24    421.93     23.62     23.38     -0.25      0.97      0.00      0.00      0.00
 15  2 24 16     -6.74    -10.61    106.12      0.00     25.12     -7.24    421.93     23.62     23.38     -0.25      1.03      0.00      0.00      0.00
 16  2 24 16     -7.24    421.93     91.64      0.01     23.38     -7.24    421.93     23.62     23.38     -0.25      1.13      0.00      0.00      0.00
 17  2 24 16     -7.74     -7.69     76.95      0.01     21.62     -7.24    421.93     23.62     23.38     -0.25      1.27      0.00      0.00      0.00
 18  2 24 16     -8.24     -6.21     62.10      0.01     19.88     -7.24    421.93     23.62     23.38     -0.25      1.51      0.00      0.00      0.00
 19  2 24 16     -8.74     -4.75     47.55      0.00     18.97     -7.24    421.93     23.62     23.38     -0.25      1.91      0.00      0.00      0.00
 20  2 24 16     -9.24     -3.43     34.28      0.00     18.92     -7.24    421.93     23.62     23.38     -0.25      2.58      0.00      0.00      0.00
 21  2 24 16     -9.74     -2.38     23.77      0.00     18.87     -7.24    421.93     23.62     23.38     -0.25      3.64      0.00      0.00      0.00
 22  2 24 16    -10.24     -1.72     17.17      0.00     18.82     -7.24    421.93     23.62     23.38     -0.25      4.94      0.00      0.00      0.00
 23  2 24 16    -10.74     -1.43     14.27      0.00     18.76     -7.24    421.93     23.62     23.38     -0.25      5.85      0.00      0.00      0.00
 24  2 24 16    -11.24   -131.62   1316.21      0.00     18.71     -7.24    421.93     23.62     23.38     -0.25      6.11      0.00      0.00      0.00
  1  2 24 13      0.24      0.00      0.00      0.00     26.96     -5.72    634.71     23.88     23.87     -0.24      0.00      0.00**********      0.00
  2  2 24 13     -0.24      0.00       NaN       NaN     24.64     -5.72    634.71     23.88     23.87     -0.24       NaN       NaN      0.00       NaN
  3  2 24 13     -0.72    -44.26    442.62      0.00     24.63     -5.72    634.71     23.88     23.87     -0.24      6.10      0.00      0.00      0.00
  4  2 24 13     -1.22    -42.23    422.26      0.00     24.59     -5.72    634.71     23.88     23.87     -0.24      0.89      0.00      0.00      0.00
  5  2 24 13     -1.72    -40.30    403.03      0.00     24.54     -5.72    634.71     23.88     23.87     -0.24      0.87      0.00      0.00      0.00
  6  2 24 13     -2.22    -38.47    384.72      0.00     24.48     -5.72    634.71     23.88     23.87     -0.24      0.84      0.00      0.00      0.00
  7  2 24 13     -2.72    -36.71    367.14      0.00     24.38     -5.72    634.71     23.88     23.87     -0.24      0.82      0.00      0.00      0.00
  8  2 24 13     -3.22    -35.01    350.13      0.00     24.27     -5.72    634.71     23.88     23.87     -0.24      0.79      0.00      0.00      0.00
  9  2 24 13     -3.72    -33.35    333.52      0.00     24.16     -5.72    634.71     23.88     23.87     -0.24      0.77      0.00      0.00      0.00
 10  2 24 13     -4.22    -31.71    317.13      0.00     24.07     -5.72    634.71     23.88     23.87     -0.24      0.75      0.00      0.00      0.00
 11  2 24 13     -4.72    -30.08    300.79      0.00     24.00     -5.72    634.71     23.88     23.87     -0.24      0.72      0.00      0.00      0.00
 12  2 24 13     -5.22    -28.43    284.29      0.00     23.93     -5.72    634.71     23.88     23.87     -0.24      0.70      0.00      0.00      0.00
 13  2 24 13     -5.72    634.71    267.36      0.00     23.87     -5.72    634.71     23.88     23.87     -0.24      0.68      0.00      0.00      0.00
 14  2 24 13     -6.22    -24.97    249.70      0.00     23.82     -5.72    634.71     23.88     23.87     -0.24      0.66      0.00      0.00      0.00
 15  2 24 13     -6.72    -23.09    230.92      0.00     23.78     -5.72    634.71     23.88     23.87     -0.24      0.65      0.00      0.00      0.00
 16  2 24 13     -7.22    -21.06    210.62      0.01     23.74     -5.72    634.71     23.88     23.87     -0.24      0.64      0.00      0.00      0.00
 17  2 24 13     -7.72    -18.83    188.31      0.01     23.67     -5.72    634.71     23.88     23.87     -0.24      0.65      0.00      0.00      0.00
 18  2 24 13     -8.22    -16.34    163.44      0.01     23.57     -5.72    634.71     23.88     23.87     -0.24      0.69      0.00      0.00      0.00
 19  2 24 13     -8.72    -13.56    135.55      0.00     23.45     -5.72    634.71     23.88     23.87     -0.24      0.76      0.00      0.00      0.00
 20  2 24 13     -9.22    -10.47    104.69      0.00     23.31     -5.72    634.71     23.88     23.87     -0.24      0.91      0.00      0.00      0.00
 21  2 24 13     -9.72     -7.20     72.05      0.00     23.19     -5.72    634.71     23.88     23.87     -0.24      1.26      0.00      0.00      0.00
 22  2 24 13    -10.22     -4.14     41.39      0.00     23.09     -5.72    634.71     23.88     23.87     -0.24      2.15      0.00      0.00      0.00
 23  2 24 13    -10.72     -2.05     20.46      0.00     23.00     -5.72    634.71     23.88     23.87     -0.24      4.25      0.00      0.00      0.00
 24  2 24 13    -11.22   -132.43   1324.35      0.00     22.91     -5.72    634.71     23.88     23.87     -0.24      5.97      0.00      0.00      0.00
  1  2 25 12      0.24      0.00      0.00      0.00     26.96     -5.22    713.56     24.10     24.09     -0.24      0.00      0.00**********      0.00
  2  2 25 12     -0.24      0.00       NaN       NaN     24.17     -5.22    713.56     24.10     24.09     -0.24       NaN       NaN      0.00       NaN
  3  2 25 12     -0.72    -48.09    480.93      0.00     24.17     -5.22    713.56     24.10     24.09     -0.24      6.10      0.00      0.00      0.00
  4  2 25 12     -1.22    -46.02    460.21      0.00     24.16     -5.22    713.56     24.10     24.09     -0.24      0.92      0.00      0.00      0.00
  5  2 25 12     -1.72    -44.06    440.64      0.00     24.15     -5.22    713.56     24.10     24.09     -0.24      0.90      0.00      0.00      0.00
  6  2 25 12     -2.22    -42.20    422.03      0.00     24.14     -5.22    713.56     24.10     24.09     -0.24      0.88      0.00      0.00      0.00
  7  2 25 12     -2.72    -40.42    404.20      0.00     24.13     -5.22    713.56     24.10     24.09     -0.24      0.85      0.00      0.00      0.00
  8  2 25 12     -3.22    -38.70    386.98      0.00     24.12     -5.22    713.56     24.10     24.09     -0.24      0.82      0.00      0.00      0.00
  9  2 25 12     -3.72    -37.02    370.24      0.00     24.11     -5.22    713.56     24.10     24.09     -0.24      0.80      0.00      0.00      0.00
 10  2 25 12     -4.22    -35.38    353.81      0.00     24.10     -5.22    713.56     24.10     24.09     -0.24      0.77      0.00      0.00      0.00
 11  2 25 12     -4.72    -33.76    337.56      0.00     24.10     -5.22    713.56     24.10     24.09     -0.24      0.74      0.00      0.00      0.00
 12  2 25 12     -5.22    713.56    321.30      0.00     24.09     -5.22    713.56     24.10     24.09     -0.24      0.71      0.00      0.00      0.00
 13  2 25 12     -5.72    -30.48    304.83      0.00     24.09     -5.22    713.56     24.10     24.09     -0.24      0.69      0.00      0.00      0.00
 14  2 25 12     -6.22    -28.79    287.91      0.00     24.08     -5.22    713.56     24.10     24.09     -0.24      0.66      0.00      0.00      0.00
 15  2 25 12     -6.72    -27.02    270.22      0.00     24.08     -5.22    713.56     24.10     24.09     -0.24      0.64      0.00      0.00      0.00
 16  2 25 12     -7.22    -25.14    251.36      0.01     24.08     -5.22    713.56     24.10     24.09     -0.24      0.62      0.00      0.00      0.00
 17  2 25 12     -7.72    -23.08    230.81      0.01     24.07     -5.22    713.56     24.10     24.09     -0.24      0.61      0.00      0.00      0.00
 18  2 25 12     -8.22    -20.80    207.99      0.01     24.07     -5.22    713.56     24.10     24.09     -0.24      0.61      0.00      0.00      0.00
 19  2 25 12     -8.72    -18.23    182.28      0.00     24.06     -5.22    713.56     24.10     24.09     -0.24      0.63      0.00      0.00      0.00
 20  2 25 12     -9.22    -15.30    153.05      0.00     24.06     -5.22    713.56     24.10     24.09     -0.24      0.69      0.00      0.00      0.00
 21  2 25 12     -9.72    -12.00    120.03      0.00     24.05     -5.22    713.56     24.10     24.09     -0.24      0.81      0.00      0.00      0.00
 22  2 25 12    -10.22     -8.41     84.10      0.00     24.04     -5.22    713.56     24.10     24.09     -0.24      1.08      0.00      0.00      0.00
 23  2 25 12    -10.72     -4.88     48.80      0.00     24.03     -5.22    713.56     24.10     24.09     -0.24      1.82      0.00      0.00      0.00
 24  2 25 12    -11.22     -2.28     22.81      0.00     24.02     -5.22    713.56     24.10     24.09     -0.24      3.84      0.00      0.00      0.00
 25  2 25 12    -11.72   -131.48   1314.80      0.00     24.02     -5.22    713.56     24.10     24.09     -0.24      5.91      0.00      0.00      0.00
  1  2 26  1      0.23    764.41      0.00      0.00     26.96      0.23    764.41     23.79     23.76     -0.23      0.00      0.00**********      0.00
  2  2 26  1     -0.23      0.00       NaN       NaN     23.76      0.23    764.41     23.79     23.76     -0.23       NaN       NaN      0.00       NaN
  3  2 26  1     -0.72    -47.71    477.15      0.00     23.76      0.23    764.41     23.79     23.76     -0.23      6.10      0.00      0.00      0.00
  4  2 26  1     -1.22    -45.71    457.11      0.00     23.77      0.23    764.41     23.79     23.76     -0.23      0.96      0.00      0.00      0.00
  5  2 26  1     -1.72    -43.82    438.19      0.00     23.78      0.23    764.41     23.79     23.76     -0.23      0.93      0.00      0.00      0.00
  6  2 26  1     -2.22    -42.02    420.19      0.00     23.79      0.23    764.41     23.79     23.76     -0.23      0.91      0.00      0.00      0.00
  7  2 26  1     -2.72    -40.30    402.95      0.00     23.80      0.23    764.41     23.79     23.76     -0.23      0.88      0.00      0.00      0.00
  8  2 26  1     -3.22    -38.63    386.34      0.00     23.81      0.23    764.41     23.79     23.76     -0.23      0.86      0.00      0.00      0.00
  9  2 26  1     -3.72    -37.02    370.22      0.00     23.81      0.23    764.41     23.79     23.76     -0.23      0.83      0.00      0.00      0.00
 10  2 26  1     -4.22    -35.45    354.46      0.00     23.82      0.23    764.41     23.79     23.76     -0.23      0.80      0.00      0.00      0.00
 11  2 26  1     -4.72    -33.89    338.94      0.00     23.82      0.23    764.41     23.79     23.76     -0.23      0.77      0.00      0.00      0.00
 12  2 26  1     -5.22    -32.35    323.50      0.00     23.82      0.23    764.41     23.79     23.76     -0.23      0.75      0.00      0.00      0.00
 13  2 26  1     -5.72    -30.80    307.99      0.00     23.81      0.23    764.41     23.79     23.76     -0.23      0.72      0.00      0.00      0.00
 14  2 26  1     -6.22    -29.22    292.22      0.00     23.80      0.23    764.41     23.79     23.76     -0.23      0.69      0.00      0.00      0.00
 15  2 26  1     -6.72    -27.59    275.94      0.00     23.80      0.23    764.41     23.79     23.76     -0.23      0.67      0.00      0.00      0.00
 16  2 26  1     -7.22    -25.89    258.85      0.01     23.80      0.23    764.41     23.79     23.76     -0.23      0.65      0.00      0.00      0.00
 17  2 26  1     -7.72    -24.06    240.56      0.01     23.80      0.23    764.41     23.79     23.76     -0.23      0.63      0.00      0.00      0.00
 18  2 26  1     -8.22    -22.06    220.57      0.01     23.80      0.23    764.41     23.79     23.76     -0.23      0.62      0.00      0.00      0.00
 19  2 26  1     -8.72    -19.84    198.39      0.00     23.81      0.23    764.41     23.79     23.76     -0.23      0.63      0.00      0.00      0.00
 20  2 26  1     -9.22    -17.34    173.41      0.00     23.81      0.23    764.41     23.79     23.76     -0.23      0.65      0.00      0.00      0.00
 21  2 26  1     -9.72    -14.51    145.06      0.00     23.82      0.23    764.41     23.79     23.76     -0.23      0.71      0.00      0.00      0.00
 22  2 26  1    -10.22    -11.32    113.18      0.00     23.82      0.23    764.41     23.79     23.76     -0.23      0.84      0.00      0.00      0.00
 23  2 26  1    -10.72     -7.88     78.79      0.00     23.83      0.23    764.41     23.79     23.76     -0.23      1.14      0.00      0.00      0.00
 24  2 26  1    -11.22     -4.55     45.49      0.00     23.83      0.23    764.41     23.79     23.76     -0.23      1.93      0.00      0.00      0.00
 25  2 26  1    -11.72     -2.16     21.62      0.00     23.82      0.23    764.41     23.79     23.76     -0.23      3.99      0.00      0.00      0.00
 26  2 26  1    -12.22   -130.30   1302.97      0.00     23.76      0.23    764.41     23.79     23.76     -0.23      5.94      0.00      0.00      0.00
  1  2 28  1      0.23    793.41      0.00      0.00     26.96      0.23    793.41     23.27     23.25     -0.23      0.00      0.00**********      0.00
  2  2 28  1     -0.23      0.00       NaN       NaN     23.25      0.23    793.41     23.27     23.25     -0.23       NaN       NaN      0.00       NaN
  3  2 28  1     -0.72    -46.47    464.69      0.00     23.25      0.23    793.41     23.27     23.25     -0.23      6.10      0.00      0.00      0.00
  4  2 28  1     -1.22    -44.61    446.12      0.00     23.26      0.23    793.41     23.27     23.25     -0.23      1.02      0.00      0.00      0.00
  5  2 28  1     -1.72    -42.86    428.57      0.00     23.26      0.23    793.41     23.27     23.25     -0.23      1.00      0.00      0.00      0.00
  6  2 28  1     -2.22    -41.19    411.89      0.00     23.26      0.23    793.41     23.27     23.25     -0.23      0.98      0.00      0.00      0.00
  7  2 28  1     -2.72    -39.59    395.94      0.00     23.27      0.23    793.41     23.27     23.25     -0.23      0.95      0.00      0.00      0.00
  8  2 28  1     -3.22    -38.06    380.59      0.00     23.27      0.23    793.41     23.27     23.25     -0.23      0.93      0.00      0.00      0.00
  9  2 28  1     -3.72    -36.57    365.74      0.00     23.28      0.23    793.41     23.27     23.25     -0.23      0.90      0.00      0.00      0.00
 10  2 28  1     -4.22    -35.13    351.28      0.00     23.29      0.23    793.41     23.27     23.25     -0.23      0.87      0.00      0.00      0.00
 11  2 28  1     -4.72    -33.71    337.13      0.00     23.30      0.23    793.41     23.27     23.25     -0.23      0.84      0.00      0.00      0.00
 12  2 28  1     -5.22    -32.32    323.16      0.00     23.30      0.23    793.41     23.27     23.25     -0.23      0.82      0.00      0.00      0.00
 13  2 28  1     -5.72    -30.93    309.29      0.00     23.29      0.23    793.41     23.27     23.25     -0.23      0.79      0.00      0.00      0.00
 14  2 28  1     -6.22    -29.54    295.37      0.00     23.27      0.23    793.41     23.27     23.25     -0.23      0.76      0.00      0.00      0.00
 15  2 28  1     -6.72    -28.13    281.27      0.00     23.27      0.23    793.41     23.27     23.25     -0.23      0.74      0.00      0.00      0.00
 16  2 28  1     -7.22    -26.68    266.80      0.01     23.27      0.23    793.41     23.27     23.25     -0.23      0.71      0.00      0.00      0.00
 17  2 28  1     -7.72    -25.17    251.73      0.01     23.27      0.23    793.41     23.27     23.25     -0.23      0.69      0.00      0.00      0.00
 18  2 28  1     -8.22    -23.58    235.78      0.01     23.27      0.23    793.41     23.27     23.25     -0.23      0.67      0.00      0.00      0.00
 19  2 28  1     -8.72    -21.86    218.60      0.00     23.27      0.23    793.41     23.27     23.25     -0.23      0.66      0.00      0.00      0.00
 20  2 28  1     -9.22    -19.98    199.81      0.00     23.27      0.23    793.41     23.27     23.25     -0.23      0.65      0.00      0.00      0.00
 21  2 28  1     -9.72    -17.89    178.93      0.00     23.27      0.23    793.41     23.27     23.25     -0.23      0.66      0.00      0.00      0.00
 22  2 28  1    -10.22    -15.54    155.45      0.00     23.27      0.23    793.41     23.27     23.25     -0.23      0.69      0.00      0.00      0.00
 23  2 28  1    -10.72    -12.89    128.94      0.00     23.27      0.23    793.41     23.27     23.25     -0.23      0.77      0.00      0.00      0.00
 24  2 28  1    -11.22     -9.95     99.49      0.00     23.27      0.23    793.41     23.27     23.25     -0.23      0.93      0.00      0.00      0.00
 25  2 28  1    -11.72     -6.84     68.36      0.00     23.27      0.23    793.41     23.27     23.25     -0.23      1.28      0.00      0.00      0.00
 26  2 28  1    -12.22     -3.93     39.26      0.00     23.27      0.23    793.41     23.27     23.25     -0.23      2.19      0.00      0.00      0.00
 27  2 28  1    -12.72     -1.96     19.58      0.00     23.26      0.23    793.41     23.27     23.25     -0.23      4.28      0.00      0.00      0.00
 28  2 28  1    -13.22   -128.04   1280.37      0.00     23.26      0.23    793.41     23.27     23.25     -0.23      5.97      0.00      0.00      0.00
  1  2 29  8      0.23      0.00      0.00      0.00     26.96     -3.22    770.60     23.09     23.09     -0.23      0.00      0.00**********      0.00
  2  2 29  8     -0.23      0.00       NaN       NaN     23.11     -3.22    770.60     23.09     23.09     -0.23       NaN       NaN      0.00       NaN
  3  2 29  8     -0.72    -45.94    459.36      0.00     23.11     -3.22    770.60     23.09     23.09     -0.23      6.10      0.00      0.00      0.00
  4  2 29  8     -1.22    -44.14    441.43      0.00     23.11     -3.22    770.60     23.09     23.09     -0.23      1.06      0.00      0.00      0.00
  5  2 29  8     -1.72    -42.45    424.49      0.00     23.10     -3.22    770.60     23.09     23.09     -0.23      1.03      0.00      0.00      0.00
  6  2 29  8     -2.22    -40.84    408.39      0.00     23.10     -3.22    770.60     23.09     23.09     -0.23      1.01      0.00      0.00      0.00
  7  2 29  8     -2.72    -39.30    392.99      0.00     23.10     -3.22    770.60     23.09     23.09     -0.23      0.99      0.00      0.00      0.00
  8  2 29  8     -3.22    770.60    378.19      0.00     23.09     -3.22    770.60     23.09     23.09     -0.23      0.96      0.00      0.00      0.00
  9  2 29  8     -3.72    -36.39    363.88      0.00     23.08     -3.22    770.60     23.09     23.09     -0.23      0.93      0.00      0.00      0.00
 10  2 29  8     -4.22    -35.00    349.97      0.00     23.07     -3.22    770.60     23.09     23.09     -0.23      0.91      0.00      0.00      0.00
 11  2 29  8     -4.72    -33.64    336.38      0.00     23.08     -3.22    770.60     23.09     23.09     -0.23      0.88      0.00      0.00      0.00
 12  2 29  8     -5.22    -32.30    323.02      0.00     23.09     -3.22    770.60     23.09     23.09     -0.23      0.85      0.00      0.00      0.00
 13  2 29  8     -5.72    -30.98    309.79      0.00     23.09     -3.22    770.60     23.09     23.09     -0.23      0.82      0.00      0.00      0.00
 14  2 29  8     -6.22    -29.66    296.59      0.00     23.09     -3.22    770.60     23.09     23.09     -0.23      0.80      0.00      0.00      0.00
 15  2 29  8     -6.72    -28.33    283.31      0.00     23.09     -3.22    770.60     23.09     23.09     -0.23      0.77      0.00      0.00      0.00
 16  2 29  8     -7.22    -26.98    269.79      0.01     23.09     -3.22    770.60     23.09     23.09     -0.23      0.74      0.00      0.00      0.00
 17  2 29  8     -7.72    -25.59    255.87      0.01     23.09     -3.22    770.60     23.09     23.09     -0.23      0.72      0.00      0.00      0.00
 18  2 29  8     -8.22    -24.13    241.32      0.01     23.09     -3.22    770.60     23.09     23.09     -0.23      0.70      0.00      0.00      0.00
 19  2 29  8     -8.72    -22.59    225.86      0.00     23.09     -3.22    770.60     23.09     23.09     -0.23      0.68      0.00      0.00      0.00
 20  2 29  8     -9.22    -20.92    209.18      0.00     23.09     -3.22    770.60     23.09     23.09     -0.23      0.67      0.00      0.00      0.00
 21  2 29  8     -9.72    -19.09    190.93      0.00     23.08     -3.22    770.60     23.09     23.09     -0.23      0.67      0.00      0.00      0.00
 22  2 29  8    -10.22    -17.06    170.62      0.00     23.08     -3.22    770.60     23.09     23.09     -0.23      0.68      0.00      0.00      0.00
 23  2 29  8    -10.72    -14.78    147.79      0.00     23.08     -3.22    770.60     23.09     23.09     -0.23      0.72      0.00      0.00      0.00
 24  2 29  8    -11.22    -12.21    122.10      0.00     23.09     -3.22    770.60     23.09     23.09     -0.23      0.80      0.00      0.00      0.00
 25  2 29  8    -11.72     -9.37     93.73      0.00     23.09     -3.22    770.60     23.09     23.09     -0.23      0.97      0.00      0.00      0.00
 26  2 29  8    -12.22     -6.40     64.02      0.00     23.09     -3.22    770.60     23.09     23.09     -0.23      1.35      0.00      0.00      0.00
 27  2 29  8    -12.72     -3.67     36.73      0.00     23.10     -3.22    770.60     23.09     23.09     -0.23      2.32      0.00      0.00      0.00
 28  2 29  8    -13.22     -1.88     18.77      0.00     23.10     -3.22    770.60     23.09     23.09     -0.23      4.41      0.00      0.00      0.00
 29  2 29  8    -13.72   -126.97   1269.67      0.00     23.10     -3.22    770.60     23.09     23.09     -0.23      5.99      0.00      0.00      0.00
  1  2 28  1      0.23    778.72      0.00      0.00     26.96      0.23    778.72     23.07     23.07     -0.23      0.00      0.00**********      0.00
  2  2 28  1     -0.23      0.00       NaN       NaN     23.07      0.23    778.72     23.07     23.07     -0.23       NaN       NaN      0.00       NaN
  3  2 28  1     -0.72    -45.49    454.94      0.00     23.07      0.23    778.72     23.07     23.07     -0.23      6.10      0.00      0.00      0.00
  4  2 28  1     -1.22    -43.69    436.86      0.00     23.06      0.23    778.72     23.07     23.07     -0.23      1.03      0.00      0.00      0.00
  5  2 28  1     -1.72    -41.98    419.76      0.00     23.06      0.23    778.72     23.07     23.07     -0.23      1.00      0.00      0.00      0.00
  6  2 28  1     -2.22    -40.35    403.49      0.00     23.06      0.23    778.72     23.07     23.07     -0.23      0.98      0.00      0.00      0.00
  7  2 28  1     -2.72    -38.79    387.90      0.00     23.06      0.23    778.72     23.07     23.07     -0.23      0.95      0.00      0.00      0.00
  8  2 28  1     -3.22    -37.29    372.90      0.00     23.07      0.23    778.72     23.07     23.07     -0.23      0.93      0.00      0.00      0.00
  9  2 28  1     -3.72    -35.84    358.36      0.00     23.08      0.23    778.72     23.07     23.07     -0.23      0.90      0.00      0.00      0.00
 10  2 28  1     -4.22    -34.42    344.20      0.00     23.09      0.23    778.72     23.07     23.07     -0.23      0.87      0.00      0.00      0.00
 11  2 28  1     -4.72    -33.03    330.31      0.00     23.09      0.23    778.72     23.07     23.07     -0.23      0.85      0.00      0.00      0.00
 12  2 28  1     -5.22    -31.66    316.60      0.00     23.08      0.23    778.72     23.07     23.07     -0.23      0.82      0.00      0.00      0.00
 13  2 28  1     -5.72    -30.30    302.96      0.00     23.07      0.23    778.72     23.07     23.07     -0.23      0.79      0.00      0.00      0.00
 14  2 28  1     -6.22    -28.93    289.27      0.00     23.07      0.23    778.72     23.07     23.07     -0.23      0.76      0.00      0.00      0.00
 15  2 28  1     -6.72    -27.54    275.37      0.00     23.07      0.23    778.72     23.07     23.07     -0.23      0.74      0.00      0.00      0.00
 16  2 28  1     -7.22    -26.11    261.08      0.01     23.07      0.23    778.72     23.07     23.07     -0.23      0.71      0.00      0.00      0.00
 17  2 28  1     -7.72    -24.62    246.19      0.01     23.07      0.23    778.72     23.07     23.07     -0.23      0.69      0.00      0.00      0.00
 18  2 28  1     -8.22    -23.04    230.40      0.01     23.07      0.23    778.72     23.07     23.07     -0.23      0.68      0.00      0.00      0.00
 19  2 28  1     -8.72    -21.34    213.38      0.00     23.07      0.23    778.72     23.07     23.07     -0.23      0.66      0.00      0.00      0.00
 20  2 28  1     -9.22    -19.48    194.79      0.00     23.08      0.23    778.72     23.07     23.07     -0.23      0.66      0.00      0.00      0.00
 21  2 28  1     -9.72    -17.41    174.14      0.00     23.08      0.23    778.72     23.07     23.07     -0.23      0.67      0.00      0.00      0.00
 22  2 28  1    -10.22    -15.09    150.94      0.00     23.09      0.23    778.72     23.07     23.07     -0.23      0.71      0.00      0.00      0.00
 23  2 28  1    -10.72    -12.48    124.84      0.00     23.09      0.23    778.72     23.07     23.07     -0.23      0.79      0.00      0.00      0.00
 24  2 28  1    -11.22     -9.60     95.98      0.00     23.08      0.23    778.72     23.07     23.07     -0.23      0.96      0.00      0.00      0.00
 25  2 28  1    -11.72     -6.57     65.68      0.00     23.07      0.23    778.72     23.07     23.07     -0.23      1.33      0.00      0.00      0.00
 26  2 28  1    -12.22     -3.77     37.69      0.00     23.07      0.23    778.72     23.07     23.07     -0.23      2.28      0.00      0.00      0.00
 27  2 28  1    -12.72     -1.91     19.12      0.00     23.07      0.23    778.72     23.07     23.07     -0.23      4.37      0.00      0.00      0.00
 28  2 28  1    -13.22   -128.00   1280.01      0.00     23.06      0.23    778.72     23.07     23.07     -0.23      5.98      0.00      0.00      0.00
  1  2 26  1      0.24    748.14      0.00      0.00     26.96      0.24    748.14     23.53     23.51     -0.24      0.00      0.00**********      0.00
  2  2 26  1     -0.24      0.00       NaN       NaN     23.51      0.24    748.14     23.53     23.51     -0.24       NaN       NaN      0.00       NaN
  3  2 26  1     -0.72    -46.57    465.75      0.00     23.52      0.24    748.14     23.53     23.51     -0.24      6.10      0.00      0.00      0.00
  4  2 26  1     -1.22    -44.63    446.28      0.00     23.53      0.24    748.14     23.53     23.51     -0.24      0.96      0.00      0.00      0.00
  5  2 26  1     -1.72    -42.79    427.87      0.00     23.53      0.24    748.14     23.53     23.51     -0.24      0.94      0.00      0.00      0.00
  6  2 26  1     -2.22    -41.03    410.34      0.00     23.55      0.24    748.14     23.53     23.51     -0.24      0.91      0.00      0.00      0.00
  7  2 26  1     -2.72    -39.35    393.54      0.00     23.55      0.24    748.14     23.53     23.51     -0.24      0.89      0.00      0.00      0.00
  8  2 26  1     -3.22    -37.73    377.32      0.00     23.56      0.24    748.14     23.53     23.51     -0.24      0.86      0.00      0.00      0.00
  9  2 26  1     -3.72    -36.16    361.57      0.00     23.57      0.24    748.14     23.53     23.51     -0.24      0.83      0.00      0.00      0.00
 10  2 26  1     -4.22    -34.62    346.15      0.00     23.57      0.24    748.14     23.53     23.51     -0.24      0.81      0.00      0.00      0.00
 11  2 26  1     -4.72    -33.09    330.94      0.00     23.54      0.24    748.14     23.53     23.51     -0.24      0.78      0.00      0.00      0.00
 12  2 26  1     -5.22    -31.58    315.81      0.00     23.53      0.24    748.14     23.53     23.51     -0.24      0.75      0.00      0.00      0.00
 13  2 26  1     -5.72    -30.06    300.57      0.00     23.52      0.24    748.14     23.53     23.51     -0.24      0.72      0.00      0.00      0.00
 14  2 26  1     -6.22    -28.51    285.05      0.00     23.52      0.24    748.14     23.53     23.51     -0.24      0.70      0.00      0.00      0.00
 15  2 26  1     -6.72    -26.90    269.01      0.00     23.52      0.24    748.14     23.53     23.51     -0.24      0.68      0.00      0.00      0.00
 16  2 26  1     -7.22    -25.21    252.14      0.01     23.52      0.24    748.14     23.53     23.51     -0.24      0.66      0.00      0.00      0.00
 17  2 26  1     -7.72    -23.41    234.05      0.01     23.52      0.24    748.14     23.53     23.51     -0.24      0.64      0.00      0.00      0.00
 18  2 26  1     -8.22    -21.43    214.30      0.01     23.53      0.24    748.14     23.53     23.51     -0.24      0.63      0.00      0.00      0.00
 19  2 26  1     -8.72    -19.24    192.41      0.00     23.54      0.24    748.14     23.53     23.51     -0.24      0.64      0.00      0.00      0.00
 20  2 26  1     -9.22    -16.78    167.77      0.00     23.55      0.24    748.14     23.53     23.51     -0.24      0.67      0.00      0.00      0.00
 21  2 26  1     -9.72    -13.99    139.90      0.00     23.55      0.24    748.14     23.53     23.51     -0.24      0.73      0.00      0.00      0.00
 22  2 26  1    -10.22    -10.87    108.71      0.00     23.56      0.24    748.14     23.53     23.51     -0.24      0.87      0.00      0.00      0.00
 23  2 26  1    -10.72     -7.53     75.30      0.00     23.57      0.24    748.14     23.53     23.51     -0.24      1.19      0.00      0.00      0.00
 24  2 26  1    -11.22     -4.34     43.35      0.00     23.57      0.24    748.14     23.53     23.51     -0.24      2.02      0.00      0.00      0.00
 25  2 26  1    -11.72     -2.09     20.93      0.00     23.55      0.24    748.14     23.53     23.51     -0.24      4.11      0.00      0.00      0.00
 26  2 26  1    -12.22   -130.24   1302.40      0.00     23.47      0.24    748.14     23.53     23.51     -0.24      5.95      0.00      0.00      0.00
  1  2 25  1      0.24    746.04      0.00      0.00     26.96      0.24    746.04     24.00     23.98     -0.24      0.00      0.00**********      0.00
  2  2 25  1     -0.24      0.00       NaN       NaN     23.98      0.24    746.04     24.00     23.98     -0.24       NaN       NaN      0.00       NaN
  3  2 25  1     -0.72    -48.11    481.08      0.00     23.98      0.24    746.04     24.00     23.98     -0.24      6.10      0.00      0.00      0.00
  4  2 25  1     -1.22    -46.04    460.40      0.00     23.99      0.24    746.04     24.00     23.98     -0.24      0.92      0.00      0.00      0.00
  5  2 25  1     -1.72    -44.09    440.86      0.00     24.00      0.24    746.04     24.00     23.98     -0.24      0.90      0.00      0.00      0.00
  6  2 25  1     -2.22    -42.23    422.27      0.00     24.01      0.24    746.04     24.00     23.98     -0.24      0.87      0.00      0.00      0.00
  7  2 25  1     -2.72    -40.44    404.44      0.00     24.01      0.24    746.04     24.00     23.98     -0.24      0.85      0.00      0.00      0.00
  8  2 25  1     -3.22    -38.72    387.23      0.00     24.02      0.24    746.04     24.00     23.98     -0.24      0.82      0.00      0.00      0.00
  9  2 25  1     -3.72    -37.05    370.48      0.00     24.03      0.24    746.04     24.00     23.98     -0.24      0.80      0.00      0.00      0.00
 10  2 25  1     -4.22    -35.40    354.05      0.00     24.03      0.24    746.04     24.00     23.98     -0.24      0.77      0.00      0.00      0.00
 11  2 25  1     -4.72    -33.78    337.79      0.00     24.03      0.24    746.04     24.00     23.98     -0.24      0.74      0.00      0.00      0.00
 12  2 25  1     -5.22    -32.15    321.52      0.00     24.03      0.24    746.04     24.00     23.98     -0.24      0.71      0.00      0.00      0.00
 13  2 25  1     -5.72    -30.50    305.05      0.00     24.02      0.24    746.04     24.00     23.98     -0.24      0.69      0.00      0.00      0.00
 14  2 25  1     -6.22    -28.81    288.12      0.00     24.01      0.24    746.04     24.00     23.98     -0.24      0.66      0.00      0.00      0.00
 15  2 25  1     -6.72    -27.04    270.42      0.00     24.00      0.24    746.04     24.00     23.98     -0.24      0.64      0.00      0.00      0.00
 16  2 25  1     -7.22    -25.16    251.55      0.01     24.00      0.24    746.04     24.00     23.98     -0.24      0.62      0.00      0.00      0.00
 17  2 25  1     -7.72    -23.10    230.99      0.01     24.00      0.24    746.04     24.00     23.98     -0.24      0.61      0.00      0.00      0.00
 18  2 25  1     -8.22    -20.82    208.15      0.01     24.01      0.24    746.04     24.00     23.98     -0.24      0.61      0.00      0.00      0.00
 19  2 25  1     -8.72    -18.24    182.42      0.00     24.01      0.24    746.04     24.00     23.98     -0.24      0.63      0.00      0.00      0.00
 20  2 25  1     -9.22    -15.32    153.16      0.00     24.02      0.24    746.04     24.00     23.98     -0.24      0.69      0.00      0.00      0.00
 21  2 25  1     -9.72    -12.01    120.11      0.00     24.02      0.24    746.04     24.00     23.98     -0.24      0.81      0.00      0.00      0.00
 22  2 25  1    -10.22     -8.41     84.14      0.00     24.03      0.24    746.04     24.00     23.98     -0.24      1.08      0.00      0.00      0.00
 23  2 25  1    -10.72     -4.88     48.79      0.00     24.03      0.24    746.04     24.00     23.98     -0.24      1.82      0.00      0.00      0.00
 24  2 25  1    -11.22     -2.28     22.77      0.00     24.03      0.24    746.04     24.00     23.98     -0.24      3.85      0.00      0.00      0.00
 25  2 25  1    -11.72   -131.46   1314.63      0.00     23.97      0.24    746.04     24.00     23.98     -0.24      5.92      0.00      0.00      0.00
  1  2 24 13      0.24      0.00      0.00      0.00     26.96     -5.72    693.96     24.26     24.26     -0.24      0.00      0.00**********      0.00
  2  2 24 13     -0.24      0.00       NaN       NaN     24.31     -5.72    693.96     24.26     24.26     -0.24       NaN       NaN      0.00       NaN
  3  2 24 13     -0.72    -48.28    482.75      0.00     24.31     -5.72    693.96     24.26     24.26     -0.24      6.10      0.00      0.00      0.00
  4  2 24 13     -1.22    -46.15    461.47      0.00     24.31     -5.72    693.96     24.26     24.26     -0.24      0.89      0.00      0.00      0.00
  5  2 24 13     -1.72    -44.13    441.35      0.00     24.30     -5.72    693.96     24.26     24.26     -0.24      0.87      0.00      0.00      0.00
  6  2 24 13     -2.22    -42.22    422.18      0.00     24.30     -5.72    693.96     24.26     24.26     -0.24      0.84      0.00      0.00      0.00
  7  2 24 13     -2.72    -40.38    403.78      0.00     24.29     -5.72    693.96     24.26     24.26     -0.24      0.82      0.00      0.00      0.00
  8  2 24 13     -3.22    -38.60    385.97      0.00     24.29     -5.72    693.96     24.26     24.26     -0.24      0.79      0.00      0.00      0.00
  9  2 24 13     -3.72    -36.86    368.59      0.00     24.28     -5.72    693.96     24.26     24.26     -0.24      0.76      0.00      0.00      0.00
 10  2 24 13     -4.22    -35.15    351.46      0.00     24.27     -5.72    693.96     24.26     24.26     -0.24      0.73      0.00      0.00      0.00
 11  2 24 13     -4.72    -33.44    334.40      0.00     24.27     -5.72    693.96     24.26     24.26     -0.24      0.71      0.00      0.00      0.00
 12  2 24 13     -5.22    -31.72    317.20      0.00     24.26     -5.72    693.96     24.26     24.26     -0.24      0.68      0.00      0.00      0.00
 13  2 24 13     -5.72    693.96    299.60      0.00     24.26     -5.72    693.96     24.26     24.26     -0.24      0.66      0.00      0.00      0.00
 14  2 24 13     -6.22    -28.13    281.27      0.00     24.25     -5.72    693.96     24.26     24.26     -0.24      0.63      0.00      0.00      0.00
 15  2 24 13     -6.72    -26.18    261.80      0.00     24.25     -5.72    693.96     24.26     24.26     -0.24      0.62      0.00      0.00      0.00
 16  2 24 13     -7.22    -24.07    240.66      0.01     24.25     -5.72    693.96     24.26     24.26     -0.24      0.60      0.00      0.00      0.00
 17  2 24 13     -7.72    -21.72    217.18      0.01     24.25     -5.72    693.96     24.26     24.26     -0.24      0.60      0.00      0.00      0.00
 18  2 24 13     -8.22    -19.07    190.74      0.01     24.25     -5.72    693.96     24.26     24.26     -0.24      0.62      0.00      0.00      0.00
 19  2 24 13     -8.72    -16.06    160.62      0.00     24.24     -5.72    693.96     24.26     24.26     -0.24      0.67      0.00      0.00      0.00
 20  2 24 13     -9.22    -12.65    126.48      0.00     24.24     -5.72    693.96     24.26     24.26     -0.24      0.78      0.00      0.00      0.00
 21  2 24 13     -9.72     -8.91     89.09      0.00     24.24     -5.72    693.96     24.26     24.26     -0.24      1.03      0.00      0.00      0.00
 22  2 24 13    -10.22     -5.19     51.90      0.00     24.23     -5.72    693.96     24.26     24.26     -0.24      1.73      0.00      0.00      0.00
 23  2 24 13    -10.72     -2.39     23.90      0.00     24.22     -5.72    693.96     24.26     24.26     -0.24      3.72      0.00      0.00      0.00
 24  2 24 13    -11.22   -132.68   1326.80      0.00     24.19     -5.72    693.96     24.26     24.26     -0.24      5.89      0.00      0.00      0.00
  1  2 24 13      0.24      0.00      0.00      0.00     26.96     -5.72    659.28     24.13     24.11     -0.24      0.00      0.00**********      0.00
  2  2 24 13     -0.24      0.00       NaN       NaN     24.66     -5.72    659.28     24.13     24.11     -0.24       NaN       NaN      0.00       NaN
  3  2 24 13     -0.72    -45.96    459.60      0.00     24.65     -5.72    659.28     24.13     24.11     -0.24      6.10      0.00      0.00      0.00
  4  2 24 13     -1.22    -43.88    438.76      0.00     24.63     -5.72    659.28     24.13     24.11     -0.24      0.89      0.00      0.00      0.00
  5  2 24 13     -1.72    -41.91    419.07      0.00     24.59     -5.72    659.28     24.13     24.11     -0.24      0.87      0.00      0.00      0.00
  6  2 24 13     -2.22    -40.03    400.33      0.00     24.54     -5.72    659.28     24.13     24.11     -0.24      0.84      0.00      0.00      0.00
  7  2 24 13     -2.72    -38.24    382.36      0.00     24.48     -5.72    659.28     24.13     24.11     -0.24      0.82      0.00      0.00      0.00
  8  2 24 13     -3.22    -36.50    364.97      0.00     24.41     -5.72    659.28     24.13     24.11     -0.24      0.79      0.00      0.00      0.00
  9  2 24 13     -3.72    -34.80    348.01      0.00     24.33     -5.72    659.28     24.13     24.11     -0.24      0.77      0.00      0.00      0.00
 10  2 24 13     -4.22    -33.13    331.29      0.00     24.27     -5.72    659.28     24.13     24.11     -0.24      0.74      0.00      0.00      0.00
 11  2 24 13     -4.72    -31.46    314.65      0.00     24.21     -5.72    659.28     24.13     24.11     -0.24      0.71      0.00      0.00      0.00
 12  2 24 13     -5.22    -29.79    297.85      0.00     24.16     -5.72    659.28     24.13     24.11     -0.24      0.69      0.00      0.00      0.00
 13  2 24 13     -5.72    659.28    280.65      0.00     24.11     -5.72    659.28     24.13     24.11     -0.24      0.67      0.00      0.00      0.00
 14  2 24 13     -6.22    -26.27    262.73      0.00     24.07     -5.72    659.28     24.13     24.11     -0.24      0.65      0.00      0.00      0.00
 15  2 24 13     -6.72    -24.37    243.68      0.00     24.03     -5.72    659.28     24.13     24.11     -0.24      0.63      0.00      0.00      0.00
 16  2 24 13     -7.22    -22.30    223.02      0.01     23.99     -5.72    659.28     24.13     24.11     -0.24      0.63      0.00      0.00      0.00
 17  2 24 13     -7.72    -20.02    200.23      0.01     23.93     -5.72    659.28     24.13     24.11     -0.24      0.63      0.00      0.00      0.00
 18  2 24 13     -8.22    -17.47    174.71      0.01     23.86     -5.72    659.28     24.13     24.11     -0.24      0.66      0.00      0.00      0.00
 19  2 24 13     -8.72    -14.59    145.90      0.00     23.78     -5.72    659.28     24.13     24.11     -0.24      0.72      0.00      0.00      0.00
 20  2 24 13     -9.22    -11.37    113.66      0.00     23.70     -5.72    659.28     24.13     24.11     -0.24      0.85      0.00      0.00      0.00
 21  2 24 13     -9.72     -7.90     79.03      0.00     23.61     -5.72    659.28     24.13     24.11     -0.24      1.16      0.00      0.00      0.00
 22  2 24 13    -10.22     -4.56     45.65      0.00     23.54     -5.72    659.28     24.13     24.11     -0.24      1.96      0.00      0.00      0.00
 23  2 24 13    -10.72     -2.18     21.84      0.00     23.50     -5.72    659.28     24.13     24.11     -0.24      4.02      0.00      0.00      0.00
 24  2 24 13    -11.22   -132.54   1325.45      0.00     23.49     -5.72    659.28     24.13     24.11     -0.24      5.94      0.00      0.00      0.00
