Surface boundary condition file for si3d model 
Clear Lake simulations 
Time is in given in hours 03:00 hrs on 9-July-2022) 
   Time in   // Data format is (10X,G11.2,...) Time attc Pa Hsw Ta Rh lwi ua va 
   60-min    // SOURCE = Clear Lake ) 
 intervals  (Note : file prepared on 10-Jul-2024) 
 No. Stats 7 
 Grid Locs     143.00      82.00     199.00      87.00     227.00      26.00     145.00      62.00      18.00     172.00     115.00      77.00     117.00     120.00
   npts = 1124 
    0.0000     0.5000  96065.074     0.0000    19.8000     0.6300   196.2981     1.7990    -1.7554     0.0000    19.8000     0.6300   196.2981    -0.0000    -5.5734     0.0000    19.8000     0.6300   196.2981    -0.5000    -3.6818     0.0000    19.8000     0.6300   196.2981     2.9935     0.3692     0.0000    19.8000     0.6300   196.2981     1.0722     0.7164     0.0000    19.8000     0.6300   196.2981    -2.5943    -0.6161     0.0000    19.8000     0.6300   196.2981    -2.5943    -0.6161
    0.0417     0.5000  96119.256     0.9700    19.9000     0.6300   252.6106     1.7990    -1.7554     0.9700    19.9000     0.6300   252.6106    -0.0000    -5.5734     0.9700    19.9000     0.6300   252.6106    -0.5000    -3.6818     0.9700    19.9000     0.6300   252.6106     2.9935     0.3692     0.9700    19.9000     0.6300   252.6106     1.0722     0.7164     0.9700    19.9000     0.6300   252.6106    -2.5943    -0.6161     0.9700    19.9000     0.6300   252.6106    -2.5943    -0.6161
    0.0833     0.5000  96156.506    77.6000    19.7000     0.6700   198.4553     1.7990    -1.7554    77.6000    19.7000     0.6700   198.4553    -0.0000    -5.5734    77.6000    19.7000     0.6700   198.4553    -0.5000    -3.6818    77.6000    19.7000     0.6700   198.4553     2.9935     0.3692    77.6000    19.7000     0.6700   198.4553    -2.5943    -0.6161    77.6000    19.7000     0.6700   198.4553    -2.5943    -0.6161    77.6000    19.7000     0.6700   198.4553    -2.5943    -0.6161
    0.1250     0.5000  96207.302   263.8400    20.1000     0.7200   204.7858     1.9376    -1.7999   263.8400    20.1000     0.7200   204.7858    -0.0000    -6.9284   263.8400    20.1000     0.7200   204.7858    -1.7739    -4.1382   263.8400    20.1000     0.7200   204.7858     3.7106    -0.8332   263.8400    20.1000     0.7200   204.7858    -2.5943    -0.6161   263.8400    20.1000     0.7200   204.7858    -2.5943    -0.6161   263.8400    20.1000     0.7200   204.7858    -2.5943    -0.6161
    0.1667     0.5000  96258.098   461.7200    20.6000     0.6800   205.7314     2.0794    -1.8387   461.7200    20.6000     0.6800   205.7314    -0.0000    -8.2835   461.7200    20.6000     0.6800   205.7314    -3.3050    -4.1295   461.7200    20.6000     0.6800   205.7314     3.8777    -2.4555   461.7200    20.6000     0.6800   205.7314    -2.5943    -0.6161   461.7200    20.6000     0.6800   205.7314    -2.5943    -0.6161   461.7200    20.6000     0.6800   205.7314    -2.5943    -0.6161
    0.2083     0.5000  96281.803   640.2000    22.9000     0.5200   209.7340     2.2243    -1.8715   640.2000    22.9000     0.5200   209.7340    -0.0000    -9.6386   640.2000    22.9000     0.5200   209.7340    -4.9244    -3.5593   640.2000    22.9000     0.5200   209.7340     3.3079    -4.2387   640.2000    22.9000     0.5200   209.7340    -2.5943    -0.6161   640.2000    22.9000     0.5200   209.7340    -2.5943    -0.6161   640.2000    22.9000     0.5200   209.7340    -2.5943    -0.6161
    0.2500     0.5000  96322.439   658.6300    24.3000     0.4500   215.7067     2.2912    -1.9278   658.6300    24.3000     0.4500   215.7067    -1.8763   -10.0774   658.6300    24.3000     0.4500   215.7067    -5.4735    -3.9562   658.6300    24.3000     0.4500   215.7067     2.7479    -5.2963   658.6300    24.3000     0.4500   215.7067    -2.5943    -0.6161   658.6300    24.3000     0.4500   215.7067    -2.5943    -0.6161   658.6300    24.3000     0.4500   215.7067    -2.5943    -0.6161
    0.2917     0.5000  96305.507   883.6700    25.8000     0.4700   226.4359     2.2759    -2.0124   883.6700    25.8000     0.4700   226.4359    -5.3086    -8.6153   883.6700    25.8000     0.4700   226.4359    -4.5751    -5.7164   883.6700    25.8000     0.4700   226.4359     2.7897    -5.7157   883.6700    25.8000     0.4700   226.4359    -2.5706    -0.2851   883.6700    25.8000     0.4700   226.4359    -3.0847    -0.3421   883.6700    25.8000     0.4700   226.4359    -3.0847    -0.3421
    0.3333     0.5000  96298.735   934.1100    27.4000     0.3700   226.3948     2.2578    -2.0974   934.1100    27.4000     0.3700   226.3948    -7.9491    -6.0480   934.1100    27.4000     0.3700   226.3948    -3.1086    -7.2519   934.1100    27.4000     0.3700   226.3948     2.8124    -6.1402   934.1100    27.4000     0.3700   226.3948    -3.5405     0.0435   934.1100    27.4000     0.3700   226.3948    -3.5405     0.0435   934.1100    27.4000     0.3700   226.3948    -3.5405     0.0435
    0.3750     0.5000  96288.575   930.2300    28.1000     0.4000   235.7651     2.2370    -2.1827   930.2300    28.1000     0.4000   235.7651    -9.4671    -2.7454   930.2300    28.1000     0.4000   235.7651    -1.1383    -8.3814   930.2300    28.1000     0.4000   235.7651     2.8159    -6.5689   930.2300    28.1000     0.4000   235.7651    -3.9417     0.5353   930.2300    28.1000     0.4000   235.7651    -3.2847     0.4461   930.2300    28.1000     0.4000   235.7651    -3.9417     0.5353
    0.4167     0.5000  96271.643   876.8800    28.8000     0.3800   238.4954     2.1791    -2.1791   876.8800    28.8000     0.3800   238.4954    -9.7536     1.5694   876.8800    28.8000     0.3800   238.4954    -0.0000    -9.1578   876.8800    28.8000     0.3800   238.4954     2.8354    -6.8453   876.8800    28.8000     0.3800   238.4954    -2.9556     1.5798   876.8800    28.8000     0.3800   238.4954    -3.5467     1.8957   876.8800    28.8000     0.3800   238.4954    -3.5467     1.8957
    0.4583     0.5000  96247.939   774.0600    29.6000     0.3700   243.3176     2.0864    -2.0864   774.0600    29.6000     0.3700   243.3176    -7.8495     6.2823   774.0600    29.6000     0.3700   243.3176    -0.0000    -9.9883   774.0600    29.6000     0.3700   243.3176     2.8856    -6.9664   774.0600    29.6000     0.3700   243.3176    -1.7309     3.2383   774.0600    29.6000     0.3700   243.3176    -1.7309     3.2383   774.0600    29.6000     0.3700   243.3176    -1.4424     2.6986
    0.5000     0.5000  96210.688   625.6500    30.1000     0.3600   247.9777     1.9937    -1.9937   625.6500    30.1000     0.3600   247.9777    -3.7981     9.4975   625.6500    30.1000     0.3600   247.9777    -0.0000   -10.8189   625.6500    30.1000     0.3600   247.9777     2.9358    -7.0876   625.6500    30.1000     0.3600   247.9777     0.3256     3.3062   625.6500    30.1000     0.3600   247.9777     0.2714     2.7551   625.6500    30.1000     0.3600   247.9777     0.3256     3.3062
    0.5417     0.5000  96180.211   448.1400    29.1000     0.4400   259.4041     1.9009    -1.9009   448.1400    29.1000     0.4400   259.4041     1.4001    10.3090   448.1400    29.1000     0.4400   259.4041    -0.0000   -11.6494   448.1400    29.1000     0.4400   259.4041     2.9860    -7.2088   448.1400    29.1000     0.4400   259.4041     1.8857     2.2977   448.1400    29.1000     0.4400   259.4041     1.8857     2.2977   448.1400    29.1000     0.4400   259.4041     1.8857     2.2977
    0.5833     0.5000  96190.370   258.9900    27.7000     0.5000   268.8254     1.9056    -1.7702   258.9900    27.7000     0.5000   268.8254    -0.4837     9.8453   258.9900    27.7000     0.5000   268.8254    -0.0000   -11.2779   258.9900    27.7000     0.5000   268.8254     3.2307    -6.6193   258.9900    27.7000     0.5000   268.8254     2.1299     1.2066   258.9900    27.7000     0.5000   268.8254     2.1299     1.2066   258.9900    27.7000     0.5000   268.8254     2.1299     1.2066
    0.6250     0.5000  96197.143    18.4300    25.6000     0.5300   292.4387     1.9965    -1.5979    18.4300    25.6000     0.5300   292.4387    -6.8992     5.1168    18.4300    25.6000     0.5300   292.4387    -0.0000    -9.7042    18.4300    25.6000     0.5300   292.4387     3.4684    -5.3313    18.4300    25.6000     0.5300   292.4387     1.6313     0.6293    18.4300    25.6000     0.5300   292.4387     1.6313     0.6293    18.4300    25.6000     0.5300   292.4387     1.6313     0.6293
    0.6667     0.5000  96251.325     0.0000    24.4000     0.4900   217.9578     2.0726    -1.4220     0.0000    24.4000     0.4900   217.9578    -7.1024    -1.7791     0.0000    24.4000     0.4900   217.9578    -0.0000    -8.1305     0.0000    24.4000     0.4900   217.9578     3.4476    -4.0973     0.0000    24.4000     0.4900   217.9578     1.0236     0.2299     0.0000    24.4000     0.4900   217.9578     1.0236     0.2299     0.0000    24.4000     0.4900   217.9578     1.0236     0.2299
    0.7083     0.5000  96295.348     0.0000    23.2000     0.5300   212.8816     2.1338    -1.2436     0.0000    23.2000     0.5300   212.8816    -2.5885    -5.4729     0.0000    23.2000     0.5300   212.8816    -0.0000    -6.5569     0.0000    23.2000     0.5300   212.8816     3.1866    -2.9602     0.0000    23.2000     0.5300   212.8816     0.3488     0.0257     0.0000    23.2000     0.5300   212.8816     0.3488     0.0257     0.0000    23.2000     0.5300   212.8816     0.3488     0.0257
    0.7500     0.5000  96278.416     0.0000    22.6000     0.5500   210.2445     2.0488    -1.1276     0.0000    22.6000     0.5500   210.2445    -0.0000    -4.9177     0.0000    22.6000     0.5500   210.2445    -0.0000    -5.2674     0.0000    22.6000     0.5500   210.2445     3.0641    -1.4955     0.0000    22.6000     0.5500   210.2445     0.0437     0.0000     0.0000    22.6000     0.5500   210.2445     0.0437     0.0000     0.0000    22.6000     0.5500   210.2445     0.0437     0.0000
    0.7917     0.5000  96247.939     0.0000    22.1000     0.5700   208.2864     1.8317    -1.0675     0.0000    22.1000     0.5700   208.2864    -0.0000    -3.9123     0.0000    22.1000     0.5700   208.2864    -0.0000    -4.2620     0.0000    22.1000     0.5700   208.2864     2.5351     0.0311     0.0000    22.1000     0.5700   208.2864     0.1311     0.0000     0.0000    22.1000     0.5700   208.2864     0.1311     0.0000     0.0000    22.1000     0.5700   208.2864     0.1311     0.0000
    0.8333     0.5000  96241.166     0.0000    21.8000     0.5800   206.9181     1.6189    -0.9975     0.0000    21.8000     0.5800   206.9181    -0.0000    -2.9069     0.0000    21.8000     0.5800   206.9181    -0.0000    -3.2566     0.0000    21.8000     0.5800   206.9181     1.4744     0.7650     0.0000    21.8000     0.5800   206.9181     0.2186     0.0000     0.0000    21.8000     0.5800   206.9181     0.2186     0.0000     0.0000    21.8000     0.5800   206.9181     0.2186     0.0000
    0.8750     0.5000  96217.461     0.0000    21.2000     0.6200   205.7146     1.4107    -0.9177     0.0000    21.2000     0.6200   205.7146    -0.0000    -1.9015     0.0000    21.2000     0.6200   205.7146    -0.0000    -2.2512     0.0000    21.2000     0.6200   205.7146     0.4609     0.6377     0.0000    21.2000     0.6200   205.7146     0.3060     0.0000     0.0000    21.2000     0.6200   205.7146     0.3060     0.0000     0.0000    21.2000     0.6200   205.7146     0.3060     0.0000
    0.9167     0.5000  96217.461     0.0000    20.2000     0.6700   202.0910     1.2866    -0.9061     0.0000    20.2000     0.6700   202.0910    -0.2391    -1.3782     0.0000    20.2000     0.6700   202.0910    -0.0000    -1.6611     0.0000    20.2000     0.6700   202.0910     0.2155     0.3803     0.0000    20.2000     0.6700   202.0910     0.3346     0.1015     0.0000    20.2000     0.6700   202.0910     0.3346     0.1015     0.0000    20.2000     0.6700   202.0910     0.3346     0.1015
    0.9583     0.5000  96234.393     0.0000    19.8000     0.7100   201.9181     1.2406    -0.9682     0.0000    19.8000     0.7100   201.9181    -0.6895    -1.2171     0.0000    19.8000     0.7100   201.9181    -0.0000    -1.4862     0.0000    19.8000     0.7100   201.9181     0.4220     0.4432     0.0000    19.8000     0.7100   201.9181     0.2218     0.2703     0.0000    19.8000     0.7100   201.9181     0.2218     0.2703     0.0000    19.8000     0.7100   201.9181     0.2218     0.2703
    1.0000     0.5000  96241.166     0.0000    19.3000     0.7300   199.5822     1.1916    -1.0279     0.0000    19.3000     0.7300   199.5822    -1.0592    -0.9137     0.0000    19.3000     0.7300   199.5822    -0.0000    -1.3114     0.0000    19.3000     0.7300   199.5822     0.6648     0.4210     0.0000    19.3000     0.7300   199.5822     0.0343     0.3480     0.0000    19.3000     0.7300   199.5822     0.0343     0.3480     0.0000    19.3000     0.7300   199.5822     0.0343     0.3480
    1.0417     0.5000  96251.325     0.9700    18.8000     0.7800   254.9963     1.1397    -1.0851     0.9700    18.8000     0.7800   254.9963    -1.3051    -0.5034     0.9700    18.8000     0.7800   254.9963    -0.0000    -1.1365     0.9700    18.8000     0.7800   254.9963     0.9131     0.3017     0.9700    18.8000     0.7800   254.9963    -0.1648     0.3084     0.9700    18.8000     0.7800   254.9963    -0.1648     0.3084     0.9700    18.8000     0.7800   254.9963    -0.1648     0.3084
    1.0833     0.5000  96241.166    64.9900    19.6000     0.7100   208.4750     1.2406    -0.9682    64.9900    19.6000     0.7100   208.4750    -1.7438    -0.1286    64.9900    19.6000     0.7100   208.4750    -0.0000    -1.9234    64.9900    19.6000     0.7100   208.4750     1.0808     0.4169    64.9900    19.6000     0.7100   208.4750    -0.3653     0.2779    64.9900    19.6000     0.7100   208.4750    -0.3653     0.2779    64.9900    19.6000     0.7100   208.4750    -0.3653     0.2779
    1.1250     0.5000  96268.257   262.8700    20.2000     0.7300   206.1847     1.4386    -0.6377   262.8700    20.2000     0.7300   206.1847    -2.4119     0.4185   262.8700    20.2000     0.7300   206.1847    -0.0000    -3.6719   262.8700    20.2000     0.7300   206.1847     1.0426     0.8994   262.8700    20.2000     0.7300   206.1847    -0.6291     0.2516   262.8700    20.2000     0.7300   206.1847    -0.6291     0.2516   262.8700    20.2000     0.7300   206.1847    -0.6291     0.2516
    1.1667     0.5000  96268.257   459.7800    21.2000     0.7100   212.2783     1.5505    -0.2690   459.7800    21.2000     0.7100   212.2783    -2.8773     1.2754   459.7800    21.2000     0.7100   212.2783    -0.0000    -5.4204   459.7800    21.2000     0.7100   212.2783     0.7864     1.3882   459.7800    21.2000     0.7100   212.2783    -0.7422     0.0823   459.7800    21.2000     0.7100   212.2783    -0.8906     0.0988   459.7800    21.2000     0.7100   212.2783    -0.8906     0.0988
    1.2083     0.5000  96227.620   641.1700    23.3000     0.6500   223.7905     1.5694     0.1158   641.1700    23.3000     0.6500   223.7905    -3.0325     2.3666   641.1700    23.3000     0.6500   223.7905    -0.0000    -7.1689   641.1700    23.3000     0.6500   223.7905     0.3101     1.7874   641.1700    23.3000     0.6500   223.7905    -0.9171    -0.1476   641.1700    23.3000     0.6500   223.7905    -1.1005    -0.1771   641.1700    23.3000     0.6500   223.7905    -1.1005    -0.1771
    1.2500     0.5000  96217.461   671.2400    25.7000     0.5500   234.8008     1.6313     0.1607   671.2400    25.7000     0.5500   234.8008    -2.4383     4.0680   671.2400    25.7000     0.5500   234.8008    -0.0000    -8.0213   671.2400    25.7000     0.5500   234.8008     0.7510     2.0990   671.2400    25.7000     0.5500   234.8008    -1.1545    -0.3348   671.2400    25.7000     0.5500   234.8008    -1.3854    -0.4018   671.2400    25.7000     0.5500   234.8008    -1.3854    -0.4018
    1.2917     0.5000  96153.120   885.6100    28.8000     0.4000   241.2054     1.7618    -0.1735   885.6100    28.8000     0.4000   241.2054    -0.2863     5.8286   885.6100    28.8000     0.4000   241.2054    -0.0000    -7.9775   885.6100    28.8000     0.4000   241.2054     2.0309     1.2173   885.6100    28.8000     0.4000   241.2054    -1.5146    -0.3992   885.6100    28.8000     0.4000   241.2054    -1.8176    -0.4791   885.6100    28.8000     0.4000   241.2054    -1.8176    -0.4791
    1.3333     0.5000  96092.165   934.1100    30.8000     0.3500   249.7768     1.8196    -0.5520   934.1100    30.8000     0.3500   249.7768     2.9623     6.2632   934.1100    30.8000     0.3500   249.7768    -0.0000    -7.9338   934.1100    30.8000     0.3500   249.7768     3.4159    -0.5067   934.1100    30.8000     0.3500   249.7768    -1.8784    -0.4461   934.1100    30.8000     0.3500   249.7768    -2.2541    -0.5353   934.1100    30.8000     0.3500   249.7768    -2.2541    -0.5353
    1.3750     0.5000  96044.755   930.2300    32.9000     0.2100   238.7691     1.7926    -0.9582   930.2300    32.9000     0.2100   238.7691     6.4427     4.7783   930.2300    32.9000     0.2100   238.7691    -0.0000    -7.8901   930.2300    32.9000     0.2100   238.7691     2.7301    -3.0122   930.2300    32.9000     0.2100   238.7691    -2.6942    -0.5704   930.2300    32.9000     0.2100   238.7691    -2.6942    -0.5704   930.2300    32.9000     0.2100   238.7691    -2.6942    -0.5704
    1.4167     0.5000  95990.573   872.0300    33.6000     0.2600   255.7158     1.6901    -1.1293   872.0300    33.6000     0.2600   255.7158     7.8334     3.1326   872.0300    33.6000     0.2600   255.7158    -0.0000    -7.8683   872.0300    33.6000     0.2600   255.7158     1.6812    -4.0587   872.0300    33.6000     0.2600   255.7158    -2.3977     0.1769   872.0300    33.6000     0.2600   255.7158    -2.8772     0.2122   872.0300    33.6000     0.2600   255.7158    -2.8772     0.2122
    1.4583     0.5000  95916.073   767.2700    34.6000     0.2400   259.2350     1.5810    -1.0564   767.2700    34.6000     0.2400   259.2350     7.6620     2.8481   767.2700    34.6000     0.2400   259.2350    -0.0000    -7.8683   767.2700    34.6000     0.2400   259.2350     1.6979    -4.0991   767.2700    34.6000     0.2400   259.2350    -1.8465     1.3005   767.2700    34.6000     0.2400   259.2350    -2.2158     1.5605   767.2700    34.6000     0.2400   259.2350    -2.2158     1.5605
    1.5000     0.5000  95821.254   620.8000    34.9000     0.2500   266.8728     1.4720    -0.9836   620.8000    34.9000     0.2500   266.8728     7.4816     2.5738   620.8000    34.9000     0.2500   266.8728    -0.0000    -7.8683   620.8000    34.9000     0.2500   266.8728     1.7146    -4.1395   620.8000    34.9000     0.2500   266.8728    -1.0274     2.3178   620.8000    34.9000     0.2500   266.8728    -1.0274     2.3178   620.8000    34.9000     0.2500   266.8728    -1.0274     2.3178
    1.5417     0.5000  95750.140   445.2300    35.7000     0.2600   284.4875     1.3630    -0.9107   445.2300    35.7000     0.2600   284.4875     7.2925     2.3103   445.2300    35.7000     0.2600   284.4875    -0.0000    -7.8683   445.2300    35.7000     0.2600   284.4875     1.7314    -4.1799   445.2300    35.7000     0.2600   284.4875     0.2889     2.3427   445.2300    35.7000     0.2600   284.4875     0.2889     2.3427   445.2300    35.7000     0.2600   284.4875     0.2889     2.3427
    1.5833     0.5000  95719.662   257.0500    33.9000     0.3600   303.4010     1.6261    -1.1452   257.0500    33.9000     0.3600   303.4010     5.5689     3.8207   257.0500    33.9000     0.3600   303.4010    -0.0000    -7.2344   257.0500    33.9000     0.3600   303.4010     2.3660    -3.3594   257.0500    33.9000     0.3600   303.4010     0.9376     1.7541   257.0500    33.9000     0.3600   303.4010     0.9376     1.7541   257.0500    33.9000     0.3600   303.4010     0.9376     1.7541
    1.6250     0.5000  95682.412    19.4000    31.7000     0.4300   336.2473     2.2227    -1.7346    19.4000    31.7000     0.4300   336.2473     1.8200     4.8963    19.4000    31.7000     0.4300   336.2473    -0.0000    -5.9668    19.4000    31.7000     0.4300   336.2473     2.8145    -1.5944    19.4000    31.7000     0.4300   336.2473     0.9013     1.0982    19.4000    31.7000     0.4300   336.2473     0.9013     1.0982    19.4000    31.7000     0.4300   336.2473     0.9013     1.0982
    1.6667     0.5000  95695.957     0.0000    29.5000     0.4800   256.6474     2.7638    -2.3841     0.0000    29.5000     0.4800   256.6474    -0.9414     3.5717     0.0000    29.5000     0.4800   256.6474    -0.0000    -4.6991     0.0000    29.5000     0.4800   256.6474     2.3541    -0.1736     0.0000    29.5000     0.4800   256.6474     0.6589     0.5408     0.0000    29.5000     0.4800   256.6474     0.6589     0.5408     0.0000    29.5000     0.4800   256.6474     0.6589     0.5408
    1.7083     0.5000  95733.208     0.0000    29.1000     0.4700   252.2613     3.2450    -3.0895     0.0000    29.1000     0.4700   252.2613    -1.6556     1.3931     0.0000    29.1000     0.4700   252.2613    -0.0000    -3.4314     0.0000    29.1000     0.4700   252.2613     1.3866     0.5349     0.0000    29.1000     0.4700   252.2613     0.2506     0.1339     0.0000    29.1000     0.4700   252.2613     0.2506     0.1339     0.0000    29.1000     0.4700   252.2613     0.2506     0.1339
    1.7500     0.5000  95750.140     0.0000    28.1000     0.4800   245.4165     3.1682    -3.1682     0.0000    28.1000     0.4800   245.4165    -1.1525     0.5279     0.0000    28.1000     0.4800   245.4165    -0.0000    -2.6883     0.0000    28.1000     0.4800   245.4165     0.7116     0.6139     0.0000    28.1000     0.4800   245.4165     0.0412     0.0147     0.0000    28.1000     0.4800   245.4165     0.0412     0.0147     0.0000    28.1000     0.4800   245.4165     0.0412     0.0147
    1.7917     0.5000  95699.344     0.0000    27.6000     0.4800   241.4665     2.5809    -2.5809     0.0000    27.6000     0.4800   241.4665    -0.7340     0.4040     0.0000    27.6000     0.4800   241.4665    -0.0000    -2.4698     0.0000    27.6000     0.4800   241.4665     0.4153     0.5897     0.0000    27.6000     0.4800   241.4665     0.1272     0.0319     0.0000    27.6000     0.4800   241.4665     0.1272     0.0319     0.0000    27.6000     0.4800   241.4665     0.1272     0.0319
    1.8333     0.5000  95695.957     0.0000    25.6000     0.6200   239.2395     1.9937    -1.9937     0.0000    25.6000     0.6200   239.2395    -0.5191     0.3377     0.0000    25.6000     0.6200   239.2395    -0.0000    -2.2512     0.0000    25.6000     0.6200   239.2395     0.1809     0.4690     0.0000    25.6000     0.6200   239.2395     0.2162     0.0321     0.0000    25.6000     0.6200   239.2395     0.2162     0.0321     0.0000    25.6000     0.6200   239.2395     0.2162     0.0321
    1.8750     0.5000  95641.775     0.0000    24.0000     0.6200   226.7653     1.4064    -1.4064     0.0000    24.0000     0.6200   226.7653    -0.3827     0.2912     0.0000    24.0000     0.6200   226.7653    -0.0000    -2.0326     0.0000    24.0000     0.6200   226.7653     0.0348     0.2820     0.0000    24.0000     0.6200   226.7653     0.3056     0.0150     0.0000    24.0000     0.6200   226.7653     0.3056     0.0150     0.0000    24.0000     0.6200   226.7653     0.3056     0.0150
    1.9167     0.5000  95590.979     0.0000    23.7000     0.6800   229.1711     1.0536    -0.8865     0.0000    23.7000     0.6800   229.1711    -0.2365     0.1941     0.0000    23.7000     0.6800   229.1711    -0.0231    -1.8795     0.0000    23.7000     0.6800   229.1711     0.0268     0.2169     0.0000    23.7000     0.6800   229.1711     0.3037     0.0375     0.0000    23.7000     0.6800   229.1711     0.3037     0.0375     0.0000    23.7000     0.6800   229.1711     0.3037     0.0375
    1.9583     0.5000  95577.434     0.0000    22.8000     0.6900   222.9762     0.8497    -0.4952     0.0000    22.8000     0.6900   222.9762    -0.1690     0.1387     0.0000    22.8000     0.6900   222.9762    -0.0660    -1.7910     0.0000    22.8000     0.6900   222.9762     0.1101     0.2855     0.0000    22.8000     0.6900   222.9762     0.2039     0.0787     0.0000    22.8000     0.6900   222.9762     0.2039     0.0787     0.0000    22.8000     0.6900   222.9762     0.2039     0.0787
    2.0000     0.5000  95590.979     0.0000    21.3000     0.7300   214.3916     0.5531    -0.2056     0.0000    21.3000     0.7300   214.3916    -0.1014     0.0832     0.0000    21.3000     0.7300   214.3916    -0.1045    -1.7016     0.0000    21.3000     0.7300   214.3916     0.2265     0.3216     0.0000    21.3000     0.7300   214.3916     0.1072     0.0755     0.0000    21.3000     0.7300   214.3916     0.1072     0.0755     0.0000    21.3000     0.7300   214.3916     0.1072     0.0755
    2.0417     0.5000  95563.888     0.9700    20.4000     0.8100   270.9813     0.1934    -0.0360     0.9700    20.4000     0.8100   270.9813    -0.0338     0.0277     0.9700    20.4000     0.8100   270.9813    -0.1388    -1.6114     0.9700    20.4000     0.8100   270.9813     0.3641     0.3141     0.9700    20.4000     0.8100   270.9813     0.0286     0.0331     0.9700    20.4000     0.8100   270.9813     0.0286     0.0331     0.9700    20.4000     0.8100   270.9813     0.0286     0.0331
    2.0833     0.5000  95597.752    73.7200    22.3000     0.7900   225.9789     0.1742    -0.0150    73.7200    22.3000     0.7900   225.9789    -0.0000     0.0000    73.7200    22.3000     0.7900   225.9789    -0.1725    -2.0034    73.7200    22.3000     0.7900   225.9789     0.3776     0.5091    73.7200    22.3000     0.7900   225.9789     0.0334     0.1268    73.7200    22.3000     0.7900   225.9789     0.0334     0.1268    73.7200    22.3000     0.7900   225.9789     0.0334     0.1268
    2.1250     0.5000  95611.298   250.2600    23.4000     0.7200   229.7751     0.5236    -0.0322   250.2600    23.4000     0.7200   229.7751    -0.0000     0.0000   250.2600    23.4000     0.7200   229.7751    -0.1474    -2.3997   250.2600    23.4000     0.7200   229.7751    -0.0418     0.8514   250.2600    23.4000     0.7200   229.7751    -0.1550     0.3616   250.2600    23.4000     0.7200   229.7751    -0.1550     0.3616   250.2600    23.4000     0.7200   229.7751    -0.1550     0.3616
    2.1667     0.5000  95614.684   447.1700    23.9000     0.7000   232.2220     0.8737    -0.0322   447.1700    23.9000     0.7000   232.2220    -0.0000     0.0000   447.1700    23.9000     0.7000   232.2220    -0.1384    -3.7567   447.1700    23.9000     0.7000   232.2220    -0.7192     0.7935   447.1700    23.9000     0.7000   232.2220    -0.5744     0.3162   447.1700    23.9000     0.7000   232.2220    -0.5744     0.3162   447.1700    23.9000     0.7000   232.2220    -0.5744     0.3162
    2.2083     0.5000  95587.593   624.6800    25.6000     0.5800   235.7385     1.2239    -0.0150   624.6800    25.6000     0.5800   235.7385    -0.0000     0.0000   624.6800    25.6000     0.5800   235.7385    -0.0569    -4.6332   624.6800    25.6000     0.5800   235.7385    -1.2756     0.1892   624.6800    25.6000     0.5800   235.7385    -0.7553    -0.1215   624.6800    25.6000     0.5800   235.7385    -0.9063    -0.1458   624.6800    25.6000     0.5800   235.7385    -0.9063    -0.1458
    2.2500     0.5000  95560.502   657.6600    28.3000     0.4600   247.6007     1.4148     0.2814   657.6600    28.3000     0.4600   247.6007    -0.0000     0.0000   657.6600    28.3000     0.4600   247.6007    -1.6525    -4.4456   657.6600    28.3000     0.4600   247.6007    -1.3434    -0.4622   657.6600    28.3000     0.4600   247.6007    -0.7386    -0.4677   657.6600    28.3000     0.4600   247.6007    -0.8863    -0.5613   657.6600    28.3000     0.4600   247.6007    -0.8863    -0.5613
    2.2917     0.5000  95543.570   864.2700    31.4000     0.3900   260.5410     1.2721     0.8500   864.2700    31.4000     0.3900   260.5410    -0.0000     0.0000   864.2700    31.4000     0.3900   260.5410    -3.5806    -1.9707   864.2700    31.4000     0.3900   260.5410    -1.2075    -0.8284   864.2700    31.4000     0.3900   260.5410    -0.6620    -0.5710   864.2700    31.4000     0.3900   260.5410    -0.7944    -0.6852   864.2700    31.4000     0.3900   260.5410    -0.7944    -0.6852
    2.3333     0.5000  95486.001   917.6200    32.9000     0.3000   258.0452     0.8986     1.3448   917.6200    32.9000     0.3000   258.0452    -0.0000    -0.0000   917.6200    32.9000     0.3000   258.0452    -3.3570     0.7107   917.6200    32.9000     0.3000   258.0452    -0.9710    -1.1539   917.6200    32.9000     0.3000   258.0452    -0.6852    -0.7944   917.6200    32.9000     0.3000   258.0452    -0.6852    -0.7944   917.6200    32.9000     0.3000   258.0452    -0.5710    -0.6620
    2.3750     0.5000  95428.433   914.7100    33.7000     0.3000   264.4920     0.3326     1.6720   914.7100    33.7000     0.3000   264.4920    -0.0000    -0.0000   914.7100    33.7000     0.3000   264.4920    -1.6807     2.2090   914.7100    33.7000     0.3000   264.4920    -0.6462    -1.4108   914.7100    33.7000     0.3000   264.4920    -0.5613    -0.8863   914.7100    33.7000     0.3000   264.4920    -0.5613    -0.8863   914.7100    33.7000     0.3000   264.4920    -0.5613    -0.8863
    2.4167     0.5000  95330.227   866.2100    36.0000     0.2200   265.5635     0.4141     1.7437   866.2100    36.0000     0.2200   265.5635    -1.0670    -0.0919   866.2100    36.0000     0.2200   265.5635    -0.6406     2.4305   866.2100    36.0000     0.2200   265.5635    -1.1984    -1.0862   866.2100    36.0000     0.2200   265.5635    -1.0973    -1.0973   866.2100    36.0000     0.2200   265.5635    -1.0973    -1.0973   866.2100    36.0000     0.2200   265.5635    -0.9144    -0.9144
    2.4583     0.5000  95286.204   759.5100    36.9000     0.2300   275.4180     1.2102     1.4382   759.5100    36.9000     0.2300   275.4180    -2.4069     2.1283   759.5100    36.9000     0.2300   275.4180    -0.4841     2.5999   759.5100    36.9000     0.2300   275.4180    -1.6051     0.5743   759.5100    36.9000     0.2300   275.4180    -2.0900    -0.4157   759.5100    36.9000     0.2300   275.4180    -2.5081    -0.4989   759.5100    36.9000     0.2300   275.4180    -2.5081    -0.4989
    2.5000     0.5000  95218.477   613.0400    37.4000     0.2700   293.3289     1.8080     0.7750   613.0400    37.4000     0.2700   293.3289    -0.1971     5.3512   613.0400    37.4000     0.2700   293.3289    -0.3059     2.7588   613.0400    37.4000     0.2700   293.3289    -0.2630     1.7728   613.0400    37.4000     0.2700   293.3289    -3.2914     1.3633   613.0400    37.4000     0.2700   293.3289    -3.2914     1.3633   613.0400    37.4000     0.2700   293.3289    -3.2914     1.3633
    2.5417     0.5000  95218.477   439.4100    36.4000     0.2800   295.9412     2.0506    -0.1260   439.4100    36.4000     0.2800   295.9412     5.2355     5.3656   439.4100    36.4000     0.2800   295.9412    -0.1070     2.9049   439.4100    36.4000     0.2800   295.9412     1.5097     1.1197   439.4100    36.4000     0.2800   295.9412    -2.5378     3.7981   439.4100    36.4000     0.2800   295.9412    -2.1149     3.1651   439.4100    36.4000     0.2800   295.9412    -2.5378     3.7981
    2.5833     0.5000  95201.545   249.2900    34.6000     0.3200   304.3937     2.0487    -0.7615   249.2900    34.6000     0.3200   304.3937     6.4151     4.5180   249.2900    34.6000     0.3200   304.3937     0.1287     2.6196   249.2900    34.6000     0.3200   304.3937     1.7569     0.5329   249.2900    34.6000     0.3200   304.3937    -0.2828     4.6030   249.2900    34.6000     0.3200   304.3937    -0.2828     4.6030   249.2900    34.6000     0.3200   304.3937    -0.2828     4.6030
    2.6250     0.5000  95245.568    23.2800    32.0000     0.3600   327.3994     2.0953    -1.0871    23.2800    32.0000     0.3600   327.3994     3.1565     5.5719    23.2800    32.0000     0.3600   327.3994     0.2822     1.9025    23.2800    32.0000     0.3600   327.3994     1.2840     1.0538    23.2800    32.0000     0.3600   327.3994     1.4553     3.3949    23.2800    32.0000     0.3600   327.3994     1.4553     3.3949    23.2800    32.0000     0.3600   327.3994     1.4553     3.3949
    2.6667     0.5000  95299.750     0.0000    29.3000     0.4400   250.2714     2.0906    -1.4343     0.0000    29.3000     0.4400   250.2714     0.3650     4.9479     0.0000    29.3000     0.4400   250.2714     0.2974     1.1873     0.0000    29.3000     0.4400   250.2714     0.5838     1.0923     0.0000    29.3000     0.4400   250.2714     2.1239     1.7871     0.0000    29.3000     0.4400   250.2714     1.7699     1.4893     0.0000    29.3000     0.4400   250.2714     2.1239     1.7871
    2.7083     0.5000  95381.023     0.0000    28.3000     0.4000   237.3132     2.0303    -1.7953     0.0000    28.3000     0.4000   237.3132    -1.2664     3.2831     0.0000    28.3000     0.4000   237.3132     0.1767     0.4939     0.0000    28.3000     0.4000   237.3132     0.1285     1.3051     0.0000    28.3000     0.4000   237.3132     1.8075     0.4293     0.0000    28.3000     0.4000   237.3132     1.8075     0.4293     0.0000    28.3000     0.4000   237.3132     1.5063     0.3577
    2.7500     0.5000  95387.796     0.0000    27.9000     0.3800   231.5630     1.9812    -1.7518     0.0000    27.9000     0.3800   231.5630    -2.0191     1.7417     0.0000    27.9000     0.3800   231.5630     0.0585     0.1413     0.0000    27.9000     0.3800   231.5630    -0.1093     1.1093     0.0000    27.9000     0.3800   231.5630     1.2656     0.0726     0.0000    27.9000     0.3800   231.5630     1.2656     0.0726     0.0000    27.9000     0.3800   231.5630     1.2656     0.0726
    2.7917     0.5000  95353.932     0.0000    26.9000     0.4700   234.8911     1.9284    -1.3230     0.0000    26.9000     0.4700   234.8911    -2.3688     0.4110     0.0000    26.9000     0.4700   234.8911     0.0418     0.1010     0.0000    26.9000     0.4700   234.8911    -0.0878     0.8918     0.0000    26.9000     0.4700   234.8911     0.9906     0.1719     0.0000    26.9000     0.4700   234.8911     0.9906     0.1719     0.0000    26.9000     0.4700   234.8911     0.9906     0.1719
    2.8333     0.5000  95320.068     0.0000    26.4000     0.4300   226.4707     1.8042    -0.9361     0.0000    26.4000     0.4300   226.4707    -1.9984    -0.7709     0.0000    26.4000     0.4300   226.4707     0.0251     0.0606     0.0000    26.4000     0.4300   226.4707    -0.0664     0.6743     0.0000    26.4000     0.4300   226.4707     0.7129     0.2099     0.0000    26.4000     0.4300   226.4707     0.7129     0.2099     0.0000    26.4000     0.4300   226.4707     0.7129     0.2099
    2.8750     0.5000  95292.977     0.0000    25.1000     0.4800   222.1916     1.6185    -0.6016     0.0000    25.1000     0.4800   222.1916    -1.1564    -1.4818     0.0000    25.1000     0.4800   222.1916     0.0084     0.0202     0.0000    25.1000     0.4800   222.1916    -0.0450     0.4568     0.0000    25.1000     0.4800   222.1916     0.4427     0.1876     0.0000    25.1000     0.4800   222.1916     0.4427     0.1876     0.0000    25.1000     0.4800   222.1916     0.4427     0.1876
    2.9167     0.5000  95309.909     0.0000    24.0000     0.5800   223.3826     1.3644    -0.3957     0.0000    24.0000     0.5800   223.3826    -0.6524    -1.5750     0.0000    24.0000     0.5800   223.3826     0.0000     0.0000     0.0000    24.0000     0.5800   223.3826    -0.0000     0.3060     0.0000    24.0000     0.5800   223.3826     0.3195     0.1897     0.0000    24.0000     0.5800   223.3826     0.2662     0.1581     0.0000    24.0000     0.5800   223.3826     0.3195     0.1897
    2.9583     0.5000  95296.363     0.0000    23.3000     0.6200   221.4104     1.0779    -0.2841     0.0000    23.3000     0.6200   221.4104    -0.6189    -1.4943     0.0000    23.3000     0.6200   221.4104     0.0000     0.0000     0.0000    23.3000     0.6200   221.4104     0.0426     0.2144     0.0000    23.3000     0.6200   221.4104     0.3199     0.2648     0.0000    23.3000     0.6200   221.4104     0.3199     0.2648     0.0000    23.3000     0.6200   221.4104     0.3199     0.2648
    3.0000     0.5000  95289.591     0.0000    22.4000     0.6100   213.8168     0.7868    -0.1869     0.0000    22.4000     0.6100   213.8168    -0.5855    -1.4135     0.0000    22.4000     0.6100   213.8168     0.0000     0.0000     0.0000    22.4000     0.6100   213.8168     0.0502     0.1212     0.0000    22.4000     0.6100   213.8168     0.3040     0.3438     0.0000    22.4000     0.6100   213.8168     0.3040     0.3438     0.0000    22.4000     0.6100   213.8168     0.3040     0.3438
    3.0417     0.5000  95306.523     0.0000    21.3000     0.6800   268.8748     0.4918    -0.1041     0.0000    21.3000     0.6800   268.8748    -0.5520    -1.3327     0.0000    21.3000     0.6800   268.8748     0.0000     0.0000     0.0000    21.3000     0.6800   268.8748     0.0243     0.0363     0.0000    21.3000     0.6800   268.8748     0.2707     0.4236     0.0000    21.3000     0.6800   268.8748     0.2707     0.4236     0.0000    21.3000     0.6800   268.8748     0.2707     0.4236
    3.0833     0.5000  95357.318    75.6600    23.7000     0.6500   226.8635     0.4363     0.0268    75.6600    23.7000     0.6500   226.8635    -1.2464    -0.9244    75.6600    23.7000     0.6500   226.8635     0.0344     0.0804    75.6600    23.7000     0.6500   226.8635     0.0000     0.0000    75.6600    23.7000     0.6500   226.8635     0.2283     0.6379    75.6600    23.7000     0.6500   226.8635     0.2283     0.6379    75.6600    23.7000     0.6500   226.8635     0.2283     0.6379
    3.1250     0.5000  95367.478   271.6000    24.7000     0.6000   230.4899     0.5130     0.3337   271.6000    24.7000     0.6000   230.4899    -1.6794     0.7943   271.6000    24.7000     0.6000   230.4899     0.1092     0.2385   271.6000    24.7000     0.6000   230.4899     0.0000     0.0000   271.6000    24.7000     0.6000   230.4899     0.0483     0.9823   271.6000    24.7000     0.6000   230.4899     0.0483     0.9823   271.6000    24.7000     0.6000   230.4899     0.0483     0.9823
    3.1667     0.5000  95394.569   468.5100    25.1000     0.5900   232.7270     0.3624     0.6984   468.5100    25.1000     0.5900   232.7270    -0.1062     2.1612   468.5100    25.1000     0.5900   232.7270     0.1917     0.3928   468.5100    25.1000     0.5900   232.7270     0.0000    -0.0000   468.5100    25.1000     0.5900   232.7270    -0.3133     1.2509   468.5100    25.1000     0.5900   232.7270    -0.3133     1.2509   468.5100    25.1000     0.5900   232.7270    -0.3133     1.2509
    3.2083     0.5000  95397.955   639.2300    25.9000     0.5700   237.1782    -0.0354     0.9610   639.2300    25.9000     0.5700   237.1782     2.1184     1.2697   639.2300    25.9000     0.5700   237.1782     0.2818     0.5432   639.2300    25.9000     0.5700   237.1782     0.0000    -0.0000   639.2300    25.9000     0.5700   237.1782    -0.8203     1.3685   639.2300    25.9000     0.5700   237.1782    -0.8203     1.3685   639.2300    25.9000     0.5700   237.1782    -0.8203     1.3685
    3.2500     0.5000  95377.637   692.5800    27.3000     0.4300   233.3571    -0.0300     1.2236   692.5800    27.3000     0.4300   233.3571     3.4970     0.0000   692.5800    27.3000     0.4300   233.3571     0.3084     0.7712   692.5800    27.3000     0.4300   233.3571     0.2426    -0.5856   692.5800    27.3000     0.4300   233.3571    -0.9705     1.5326   692.5800    27.3000     0.4300   233.3571    -0.8088     1.2772   692.5800    27.3000     0.4300   233.3571    -0.9705     1.5326
    3.2917     0.5000  95333.614   887.5500    29.4000     0.4100   247.2459     0.7757     1.3692   887.5500    29.4000     0.4100   247.2459     5.2455     0.0000   887.5500    29.4000     0.4100   247.2459     0.1736     1.0789   887.5500    29.4000     0.4100   247.2459     0.7277    -1.7568   887.5500    29.4000     0.4100   247.2459    -0.6102     1.8470   887.5500    29.4000     0.4100   247.2459    -0.6102     1.8470   887.5500    29.4000     0.4100   247.2459    -0.6102     1.8470
    3.3333     0.5000  95303.136   932.1700    30.9000     0.3400   248.9966     1.6735     0.9480   932.1700    30.9000     0.3400   248.9966     6.9940     0.0000   932.1700    30.9000     0.3400   248.9966    -0.0692     1.1271   932.1700    30.9000     0.3400   248.9966     1.2128    -2.9279   932.1700    30.9000     0.3400   248.9966    -0.1527     2.0707   932.1700    30.9000     0.3400   248.9966    -0.1273     1.7256   932.1700    30.9000     0.3400   248.9966    -0.1527     2.0707
    3.3750     0.5000  95276.045   919.5600    32.8000     0.2900   255.3742     2.2724    -0.0558   919.5600    32.8000     0.2900   255.3742     8.7425     0.0000   919.5600    32.8000     0.2900   255.3742    -0.4505     1.5534   919.5600    32.8000     0.2900   255.3742     1.6979    -4.0991   919.5600    32.8000     0.2900   255.3742     0.3774     2.1750   919.5600    32.8000     0.2900   255.3742     0.3145     1.8125   919.5600    32.8000     0.2900   255.3742     0.3774     2.1750
    3.4167     0.5000  95242.181   877.8500    33.4000     0.3000   262.0649     2.3248    -0.6127   877.8500    33.4000     0.3000   262.0649     9.5068    -0.1167   877.8500    33.4000     0.3000   262.0649    -0.7069     1.9756   877.8500    33.4000     0.3000   262.0649     3.1982    -3.4428   877.8500    33.4000     0.3000   262.0649     0.8680     1.9582   877.8500    33.4000     0.3000   262.0649     0.8680     1.9582   877.8500    33.4000     0.3000   262.0649     0.8680     1.9582
    3.4583     0.5000  95204.931   771.1500    34.3000     0.2300   254.5059     2.2776    -0.4241   771.1500    34.3000     0.2300   254.5059     9.2826    -0.3419   771.1500    34.3000     0.2300   254.5059    -0.6798     2.7138   771.1500    34.3000     0.2300   254.5059     3.9319    -0.4360   771.1500    34.3000     0.2300   254.5059     1.1564     1.4818   771.1500    34.3000     0.2300   254.5059     0.9637     1.2348   771.1500    34.3000     0.2300   254.5059     1.1564     1.4818
    3.5000     0.5000  95201.545   590.7300    33.9000     0.2100   253.5252     2.2158    -0.2457   590.7300    33.9000     0.2100   253.5252     9.0533    -0.5562   590.7300    33.9000     0.2100   253.5252    -0.5131     3.4592   590.7300    33.9000     0.2100   253.5252     2.6493     1.8176   590.7300    33.9000     0.2100   253.5252     1.2750     0.9951   590.7300    33.9000     0.2100   253.5252     1.2750     0.9951   590.7300    33.9000     0.2100   253.5252     1.2750     0.9951
    3.5417     0.5000  95177.840   465.6000    33.6000     0.2100   250.9474     2.1405    -0.0788   465.6000    33.6000     0.2100   250.9474     8.8192    -0.7595   465.6000    33.6000     0.2100   250.9474    -0.2059     4.1914   465.6000    33.6000     0.2100   250.9474     0.5245     1.9902   465.6000    33.6000     0.2100   250.9474     1.2388     0.5491   465.6000    33.6000     0.2100   250.9474     1.2388     0.5491   465.6000    33.6000     0.2100   250.9474     1.2388     0.5491
    3.5833     0.5000  95177.840   261.9000    32.1000     0.3300   280.5926     2.7873    -0.2400   261.9000    32.1000     0.3300   280.5926     7.2378     3.9836   261.9000    32.1000     0.3300   280.5926    -0.0000     4.5024   261.9000    32.1000     0.3300   280.5926     0.2833     1.9097   261.9000    32.1000     0.3300   280.5926     1.1513     0.1277   261.9000    32.1000     0.3300   280.5926     1.1513     0.1277   261.9000    32.1000     0.3300   280.5926     1.1513     0.1277
    3.6250     0.5000  95221.863    14.5500    29.2000     0.3800   304.7824     4.0578    -1.0695    14.5500    29.2000     0.3800   304.7824    -0.9824     7.2336    14.5500    29.2000     0.3800   304.7824    -0.0000     4.4150    14.5500    29.2000     0.3800   304.7824     1.6405     2.2119    14.5500    29.2000     0.3800   304.7824     0.9933    -0.2618    14.5500    29.2000     0.3800   304.7824     0.9933    -0.2618    14.5500    29.2000     0.3800   304.7824     0.9933    -0.2618
    3.6667     0.5000  95252.340     0.0000    26.9000     0.4800   235.9901     5.0870    -2.3300     0.0000    26.9000     0.4800   235.9901    -6.1668     1.4645     0.0000    26.9000     0.4800   235.9901    -0.0000     4.3275     0.0000    26.9000     0.4800   235.9901     2.8846     1.3643     0.0000    26.9000     0.4800   235.9901     0.7263    -0.5249     0.0000    26.9000     0.4800   235.9901     0.7263    -0.5249     0.0000    26.9000     0.4800   235.9901     0.6052    -0.4374
    3.7083     0.5000  95320.068     0.0000    25.2000     0.5700   231.7192     5.7672    -3.9567     0.0000    25.2000     0.5700   231.7192    -3.0417    -4.4335     0.0000    25.2000     0.5700   231.7192    -0.0000     4.2401     0.0000    25.2000     0.5700   231.7192     3.6238    -0.1780     0.0000    25.2000     0.5700   231.7192     0.4172    -0.6412     0.0000    25.2000     0.5700   231.7192     0.4172    -0.6412     0.0000    25.2000     0.5700   231.7192     0.4172    -0.6412
    3.7500     0.5000  95313.295     0.0000    24.0000     0.5800   223.3826     5.7924    -4.9966     0.0000    24.0000     0.5800   223.3826    -0.0000    -4.5461     0.0000    24.0000     0.5800   223.3826    -0.2252     3.6649     0.0000    24.0000     0.5800   223.3826     3.3735    -0.6281     0.0000    24.0000     0.5800   223.3826     0.3524    -0.5003     0.0000    24.0000     0.5800   223.3826     0.3524    -0.5003     0.0000    24.0000     0.5800   223.3826     0.3524    -0.5003
    3.7917     0.5000  95333.614     0.0000    23.3000     0.6000   219.7683     5.4770    -5.2145     0.0000    23.3000     0.6000   219.7683    -0.0000    -3.8467     0.0000    23.3000     0.6000   219.7683    -0.4801     2.5784     0.0000    23.3000     0.6000   219.7683     2.5991     0.0957     0.0000    23.3000     0.6000   219.7683     0.3803    -0.2155     0.0000    23.3000     0.6000   219.7683     0.3803    -0.2155     0.0000    23.3000     0.6000   219.7683     0.3803    -0.2155
    3.8333     0.5000  95357.318     0.0000    22.4000     0.6300   215.4049     5.1542    -5.4136     0.0000    22.4000     0.6300   215.4049    -0.0000    -3.1473     0.0000    22.4000     0.6300   215.4049    -0.4753     1.5002     0.0000    22.4000     0.6300   215.4049     1.7119     0.4512     0.0000    22.4000     0.6300   215.4049     0.2616    -0.0193     0.0000    22.4000     0.6300   215.4049     0.2616    -0.0193     0.0000    22.4000     0.6300   215.4049     0.2616    -0.0193
    3.8750     0.5000  95370.864     0.0000    21.8000     0.7100   216.7934     4.8253    -5.5938     0.0000    21.8000     0.7100   216.7934    -0.0000    -2.4479     0.0000    21.8000     0.7100   216.7934    -0.2184     0.4769     0.0000    21.8000     0.7100   216.7934     0.8342     0.4328     0.0000    21.8000     0.7100   216.7934     0.0816     0.0315     0.0000    21.8000     0.7100   216.7934     0.0816     0.0315     0.0000    21.8000     0.7100   216.7934     0.0816     0.0315
    3.9167     0.5000  95370.864     0.0000    20.8000     0.7100   209.2933     4.6397    -5.3787     0.0000    20.8000     0.7100   209.2933    -0.0000    -2.0763     0.0000    20.8000     0.7100   209.2933    -0.0000     0.0000     0.0000    20.8000     0.7100   209.2933     0.4696     0.4257     0.0000    20.8000     0.7100   209.2933     0.0000     0.0000     0.0000    20.8000     0.7100   209.2933     0.0000     0.0000     0.0000    20.8000     0.7100   209.2933     0.0000     0.0000
    3.9583     0.5000  95401.342     0.0000    20.6000     0.7300   209.1515     4.5665    -4.7963     0.0000    20.6000     0.7300   209.1515    -0.0000    -2.0326     0.0000    20.6000     0.7300   209.1515    -0.0000     0.0000     0.0000    20.6000     0.7300   209.1515     0.4382     0.7311     0.0000    20.6000     0.7300   209.1515     0.0000     0.0000     0.0000    20.6000     0.7300   209.1515     0.0000     0.0000     0.0000    20.6000     0.7300   209.1515     0.0000     0.0000
    4.0000     0.5000  95435.205     0.0000    20.2000     0.7500   207.4853     4.4481    -4.2349     0.0000    20.2000     0.7500   207.4853    -0.0000    -1.9889     0.0000    20.2000     0.7500   207.4853    -0.0000     0.0000     0.0000    20.2000     0.7500   207.4853     0.2602     1.0389     0.0000    20.2000     0.7500   207.4853    -0.0000     0.0000     0.0000    20.2000     0.7500   207.4853    -0.0000     0.0000     0.0000    20.2000     0.7500   207.4853    -0.0000     0.0000
    4.0417     0.5000  95441.978     0.0000    19.2000     0.7500   256.2485     4.2864    -3.6975     0.0000    19.2000     0.7500   256.2485    -0.0000    -1.9452     0.0000    19.2000     0.7500   256.2485    -0.0000    -0.0000     0.0000    19.2000     0.7500   256.2485    -0.0633     1.2880     0.0000    19.2000     0.7500   256.2485    -0.0000     0.0000     0.0000    19.2000     0.7500   256.2485    -0.0000     0.0000     0.0000    19.2000     0.7500   256.2485    -0.0000     0.0000
    4.0833     0.5000  95499.547    58.9760    19.1000     0.7600   210.5908     3.8799    -3.2647    58.9760    19.1000     0.7600   210.5908    -0.0000    -2.2731    58.9760    19.1000     0.7600   210.5908    -0.0000    -0.0000    58.9760    19.1000     0.7600   210.5908    -0.4337     1.2607    58.9760    19.1000     0.7600   210.5908    -0.1959     0.2058    58.9760    19.1000     0.7600   210.5908    -0.1959     0.2058    58.9760    19.1000     0.7600   210.5908    -0.1959     0.2058
    4.1250     0.5000  95563.888   243.4700    19.7000     0.7600   204.4227     3.2747    -2.8956   243.4700    19.7000     0.7600   204.4227    -0.0000    -2.9725   243.4700    19.7000     0.7600   204.4227    -0.0000    -0.0000   243.4700    19.7000     0.7600   204.4227    -0.6801     0.9912   243.4700    19.7000     0.7600   204.4227    -0.5568     0.6454   243.4700    19.7000     0.7600   204.4227    -0.5568     0.6454   243.4700    19.7000     0.7600   204.4227    -0.5568     0.6454
    4.1667     0.5000  95611.298   390.5220    20.4000     0.7300   209.2276     2.6902    -2.4991   390.5220    20.4000     0.7300   209.2276    -0.0000    -3.6719   390.5220    20.4000     0.7300   209.2276    -0.0000    -0.0000   390.5220    20.4000     0.7300   209.2276    -0.8195     0.6895   390.5220    20.4000     0.7300   209.2276    -0.8740     1.1200   390.5220    20.4000     0.7300   209.2276    -0.7284     0.9333   390.5220    20.4000     0.7300   209.2276    -0.8740     1.1200
    4.2083     0.5000  95641.775   589.9540    21.8000     0.6400   211.6893     2.1275    -2.0759   589.9540    21.8000     0.6400   211.6893    -0.0000    -4.3713   589.9540    21.8000     0.6400   211.6893    -0.0000     0.0000   589.9540    21.8000     0.6400   211.6893    -0.7120     0.3261   589.9540    21.8000     0.6400   211.6893    -1.1452     1.6261   589.9540    21.8000     0.6400   211.6893    -0.9544     1.3551   589.9540    21.8000     0.6400   211.6893    -1.1452     1.6261
    4.2500     0.5000  95641.775   753.1080    23.7000     0.6000   222.8063     1.9554    -1.9080   753.1080    23.7000     0.6000   222.8063    -2.7685    -4.1434   753.1080    23.7000     0.6000   222.8063    -0.1924     0.0407   753.1080    23.7000     0.6000   222.8063    -0.8948     0.4504   753.1080    23.7000     0.6000   222.8063    -1.2023     2.0059   753.1080    23.7000     0.6000   222.8063    -1.2023     2.0059   753.1080    23.7000     0.6000   222.8063    -1.2023     2.0059
    4.2917     0.5000  95641.775   859.6140    26.6000     0.5400   239.8326     2.1618    -2.0082   859.6140    26.6000     0.5400   239.8326    -5.4020     1.0745   859.6140    26.6000     0.5400   239.8326    -0.4471     0.2048   859.6140    26.6000     0.5400   239.8326    -1.0675     1.1212   859.6140    26.6000     0.5400   239.8326    -1.0560     2.2326   859.6140    26.6000     0.5400   239.8326    -1.0560     2.2326   859.6140    26.6000     0.5400   239.8326    -1.0560     2.2326
    4.3333     0.5000  95614.684   913.5460    26.8000     0.5800   245.2204     2.3741    -2.0993   913.5460    26.8000     0.5800   245.2204    -1.1769     5.9164   913.5460    26.8000     0.5800   245.2204    -0.7827     0.5955   913.5460    26.8000     0.5800   245.2204    -0.8488     1.9149   913.5460    26.8000     0.5800   245.2204    -0.8762     2.4489   913.5460    26.8000     0.5800   245.2204    -0.8762     2.4489   913.5460    26.8000     0.5800   245.2204    -0.8762     2.4489
    4.3750     0.5000  95574.047   913.1580    27.8000     0.5500   250.3680     2.5922    -2.1811   913.1580    27.8000     0.5500   250.3680     5.4519     3.6428   913.1580    27.8000     0.5500   250.3680    -0.8865     1.0536   913.1580    27.8000     0.5500   250.3680    -0.2331     3.1606   913.1580    27.8000     0.5500   250.3680    -0.6638     2.6502   913.1580    27.8000     0.5500   250.3680    -0.6638     2.6502   913.1580    27.8000     0.5500   250.3680    -0.6638     2.6502
    4.4167     0.5000  95546.956   856.5100    30.8000     0.3700   252.8035     2.7034    -1.8547   856.5100    30.8000     0.3700   252.8035     7.1689     0.0000   856.5100    30.8000     0.3700   252.8035    -0.7899     1.4778   856.5100    30.8000     0.3700   252.8035     1.4745     3.2191   856.5100    30.8000     0.3700   252.8035    -0.0349     2.8411   856.5100    30.8000     0.3700   252.8035    -0.0291     2.3676   856.5100    30.8000     0.3700   252.8035    -0.0349     2.8411
    4.4583     0.5000  95557.115   752.7200    31.0000     0.4000   258.7072     2.5832    -1.1832   752.7200    31.0000     0.4000   258.7072     7.8683     0.0000   752.7200    31.0000     0.4000   258.7072    -0.8375     2.7608   752.7200    31.0000     0.4000   258.7072     3.2205     1.6709   752.7200    31.0000     0.4000   258.7072     1.0204     2.7452   752.7200    31.0000     0.4000   258.7072     1.0204     2.7452   752.7200    31.0000     0.4000   258.7072     1.0204     2.7452
    4.5000     0.5000  95526.638   611.1000    32.2000     0.3800   269.7175     2.3248    -0.6127   611.1000    32.2000     0.3800   269.7175     8.5677     0.0000   611.1000    32.2000     0.3800   269.7175    -0.3685     3.7412   611.1000    32.2000     0.3800   269.7175     3.6528    -0.6801   611.1000    32.2000     0.3800   269.7175     1.9980     2.2595   611.1000    32.2000     0.3800   269.7175     1.9980     2.2595   611.1000    32.2000     0.3800   269.7175     1.9980     2.2595
    4.5417     0.5000  95513.092   434.5600    31.8000     0.4000   278.4591     1.9598    -0.1688   434.5600    31.8000     0.4000   278.4591     9.2671     0.0000   434.5600    31.8000     0.4000   278.4591     0.4542     4.6112   434.5600    31.8000     0.4000   278.4591     2.5192    -2.8490   434.5600    31.8000     0.4000   278.4591     2.7549     1.4293   434.5600    31.8000     0.4000   278.4591     2.7549     1.4293   434.5600    31.8000     0.4000   278.4591     2.7549     1.4293
    4.5833     0.5000  95509.706   247.3500    30.6000     0.4500   289.9571     1.7888    -0.1099   247.3500    30.6000     0.4500   289.9571     7.2691     4.8571   247.3500    30.6000     0.4500   289.9571     0.9423     4.7374   247.3500    30.6000     0.4500   289.9571     1.6608    -3.2011   247.3500    30.6000     0.4500   289.9571     2.6248     0.9030   247.3500    30.6000     0.4500   289.9571     2.1873     0.7525   247.3500    30.6000     0.4500   289.9571     2.6248     0.9030
    4.6250     0.5000  95506.320    19.4000    28.6000     0.4900   315.2056     1.8479    -0.3440    19.4000    28.6000     0.4900   315.2056    -1.3645     6.8596    19.4000    28.6000     0.4900   315.2056     0.8485     4.2658    19.4000    28.6000     0.4900   315.2056     1.8925    -2.4873    19.4000    28.6000     0.4900   315.2056     1.8682     0.8008    19.4000    28.6000     0.4900   315.2056     1.5569     0.6674    19.4000    28.6000     0.4900   315.2056     1.8682     0.8008
    4.6667     0.5000  95536.797     0.0000    27.0000     0.5100   239.9588     1.8752    -0.5941     0.0000    27.0000     0.5100   239.9588    -5.1447     1.0233     0.0000    27.0000     0.5100   239.9588     0.7547     3.7942     0.0000    27.0000     0.5100   239.9588     1.9376    -1.7999     0.0000    27.0000     0.5100   239.9588     1.1446     0.5939     0.0000    27.0000     0.5100   239.9588     0.9539     0.4949     0.0000    27.0000     0.5100   239.9588     1.1446     0.5939
    4.7083     0.5000  95560.502     0.0000    26.3000     0.5300   236.4967     1.8679    -0.8556     0.0000    26.3000     0.5300   236.4967    -1.9428    -2.9077     0.0000    26.3000     0.5300   236.4967     0.6609     3.3226     0.0000    26.3000     0.5300   236.4967     1.8137    -1.1800     0.0000    26.3000     0.5300   236.4967     0.4652     0.2866     0.0000    26.3000     0.5300   236.4967     0.4652     0.2866     0.0000    26.3000     0.5300   236.4967     0.4652     0.2866
    4.7500     0.5000  95594.366     0.0000    25.4000     0.5600   232.3552     1.7424    -0.9590     0.0000    25.4000     0.5600   232.3552    -0.3367    -2.2701     0.0000    25.4000     0.5600   232.3552     0.4708     2.7133     0.0000    25.4000     0.5600   232.3552     1.4290    -0.9297     0.0000    25.4000     0.5600   232.3552     0.1723     0.0948     0.0000    25.4000     0.5600   232.3552     0.1723     0.0948     0.0000    25.4000     0.5600   232.3552     0.1723     0.0948
    4.7917     0.5000  95570.661     0.0000    24.8000     0.6000   231.2652     1.5295    -0.8914     0.0000    24.8000     0.6000   231.2652    -0.7009    -1.4818     0.0000    24.8000     0.6000   231.2652     0.2408     1.9523     0.0000    24.8000     0.6000   231.2652     0.9288    -0.8628     0.0000    24.8000     0.6000   231.2652     0.2273     0.0782     0.0000    24.8000     0.6000   231.2652     0.2273     0.0782     0.0000    24.8000     0.6000   231.2652     0.2273     0.0782
    4.8333     0.5000  95570.661     0.0000    23.9000     0.6200   225.9965     1.3211    -0.8141     0.0000    23.9000     0.6200   225.9965    -0.6605    -0.7288     0.0000    23.9000     0.6200   225.9965     0.0868     1.1770     0.0000    23.9000     0.6200   225.9965     0.5029    -0.6610     0.0000    23.9000     0.6200   225.9965     0.2805     0.0451     0.0000    23.9000     0.6200   225.9965     0.2805     0.0451     0.0000    23.9000     0.6200   225.9965     0.2805     0.0451
    4.8750     0.5000  95557.115     0.0000    23.1000     0.6400   221.4823     1.1175    -0.7270     0.0000    23.1000     0.6400   221.4823    -0.2812    -0.1685     0.0000    23.1000     0.6400   221.4823     0.0097     0.3933     0.0000    23.1000     0.6400   221.4823     0.1812    -0.3492     0.0000    23.1000     0.6400   221.4823     0.3278    -0.0040     0.0000    23.1000     0.6400   221.4823     0.3278    -0.0040     0.0000    23.1000     0.6400   221.4823     0.3278    -0.0040
    4.9167     0.5000  95560.502     0.0000    22.6000     0.6800   220.7148     0.9552    -0.6553     0.0000    22.6000     0.6800   220.7148    -0.0000    -0.0000     0.0000    22.6000     0.6800   220.7148     0.0000     0.0000     0.0000    22.6000     0.6800   220.7148     0.1004    -0.2423     0.0000    22.6000     0.6800   220.7148     0.3709     0.0228     0.0000    22.6000     0.6800   220.7148     0.3709     0.0228     0.0000    22.6000     0.6800   220.7148     0.3709     0.0228
    4.9583     0.5000  95590.979     0.0000    21.7000     0.7000   215.3373     0.8325    -0.6018     0.0000    21.7000     0.7000   215.3373    -0.0000     0.0000     0.0000    21.7000     0.7000   215.3373     0.0000     0.0000     0.0000    21.7000     0.7000   215.3373     0.1673    -0.4039     0.0000    21.7000     0.7000   215.3373     0.3856     0.1542     0.0000    21.7000     0.7000   215.3373     0.3856     0.1542     0.0000    21.7000     0.7000   215.3373     0.3856     0.1542
    5.0000     0.5000  95614.684     0.0000    21.1000     0.7700   215.5111     0.7132    -0.5426     0.0000    21.1000     0.7700   215.5111    -0.0000     0.0000     0.0000    21.1000     0.7700   215.5111     0.0000     0.0000     0.0000    21.1000     0.7700   215.5111     0.2342    -0.5654     0.0000    21.1000     0.7700   215.5111     0.3512     0.2955     0.0000    21.1000     0.7700   215.5111     0.3512     0.2955     0.0000    21.1000     0.7700   215.5111     0.3512     0.2955
    5.0417     0.5000  95641.775     0.0000    20.0000     0.7800   265.3330     0.5972    -0.4780     0.0000    20.0000     0.7800   265.3330    -0.0000     0.0000     0.0000    20.0000     0.7800   265.3330     0.0000     0.0000     0.0000    20.0000     0.7800   265.3330     0.3011    -0.7269     0.0000    20.0000     0.7800   265.3330     0.2637     0.4280     0.0000    20.0000     0.7800   265.3330     0.2637     0.4280     0.0000    20.0000     0.7800   265.3330     0.2637     0.4280
    5.0833     0.5000  95662.093    71.7800    21.4000     0.7400   215.8167     0.6542    -0.4371    71.7800    21.4000     0.7400   215.8167    -0.0000     0.0000    71.7800    21.4000     0.7400   215.8167     0.0954     0.1466    71.7800    21.4000     0.7400   215.8167     0.8325    -0.6018    71.7800    21.4000     0.7400   215.8167     0.1465     0.6167    71.7800    21.4000     0.7400   215.8167     0.1465     0.6167    71.7800    21.4000     0.7400   215.8167     0.1465     0.6167
    5.1250     0.5000  95672.253   255.1100    21.8000     0.7400   218.8497     0.8885    -0.3680   255.1100    21.8000     0.7400   218.8497    -0.0000     0.0000   255.1100    21.8000     0.7400   218.8497     0.2752     0.4466   255.1100    21.8000     0.7400   218.8497     1.1834     0.6140   255.1100    21.8000     0.7400   218.8497    -0.0731     0.8493   255.1100    21.8000     0.7400   218.8497    -0.0731     0.8493   255.1100    21.8000     0.7400   218.8497    -0.0731     0.8493
    5.1667     0.5000  95719.662   450.0800    23.7000     0.7000   230.6614     1.1147    -0.2217   450.0800    23.7000     0.7000   230.6614    -0.0000     0.0000   450.0800    23.7000     0.7000   230.6614     0.4402     0.7553   450.0800    23.7000     0.7000   230.6614    -0.0201     1.6391   450.0800    23.7000     0.7000   230.6614    -0.3516     0.8203   450.0800    23.7000     0.7000   230.6614    -0.4219     0.9843   450.0800    23.7000     0.7000   230.6614    -0.4219     0.9843
    5.2083     0.5000  95723.048   609.1600    24.0000     0.6900   232.2589     1.3114     0.0000   609.1600    24.0000     0.6900   232.2589    -0.0000     0.0000   609.1600    24.0000     0.6900   232.2589     0.5902     1.0723   609.1600    24.0000     0.6900   232.2589    -1.7481     0.8532   609.1600    24.0000     0.6900   232.2589    -0.8542     0.9660   609.1600    24.0000     0.6900   232.2589    -0.8542     0.9660   609.1600    24.0000     0.6900   232.2589    -0.8542     0.9660
    5.2500     0.5000  95723.048   659.6000    26.7000     0.5900   247.6124     1.6163     0.0595   659.6000    26.7000     0.5900   247.6124    -0.1528     0.0075   659.6000    26.7000     0.5900   247.6124     0.9575     1.6428   659.6000    26.7000     0.5900   247.6124    -2.3709     1.1214   659.6000    26.7000     0.5900   247.6124    -1.0859     1.1690   659.6000    26.7000     0.5900   247.6124    -1.0859     1.1690   659.6000    26.7000     0.5900   247.6124    -1.0859     1.1690
    5.2917     0.5000  95695.957   865.2400    27.5000     0.5500   247.9594     2.0469    -0.1763   865.2400    27.5000     0.5500   247.9594    -0.4322     0.1546   865.2400    27.5000     0.5500   247.9594     1.6445     2.3970   865.2400    27.5000     0.5500   247.9594    -0.1802     3.6674   865.2400    27.5000     0.5500   247.9594    -0.9160     1.7654   865.2400    27.5000     0.5500   247.9594    -0.9160     1.7654   865.2400    27.5000     0.5500   247.9594    -0.9160     1.7654
    5.3333     0.5000  95658.707   910.8300    29.2000     0.4600   251.8906     2.4376    -0.5160   910.8300    29.2000     0.4600   251.8906    -0.6144     0.4557   910.8300    29.2000     0.4600   251.8906     2.4446     3.0545   910.8300    29.2000     0.4600   251.8906     4.0493     2.4271   910.8300    29.2000     0.4600   251.8906    -0.4934     2.3307   910.8300    29.2000     0.4600   251.8906    -0.4934     2.3307   910.8300    29.2000     0.4600   251.8906    -0.4934     2.3307
    5.3750     0.5000  95641.775   906.9500    31.8000     0.3600   259.3216     2.7694    -0.9528   906.9500    31.8000     0.3600   259.3216    -0.6380     0.8602   906.9500    31.8000     0.3600   259.3216     3.3470     3.6029   906.9500    31.8000     0.3600   259.3216     4.9491    -2.9664   906.9500    31.8000     0.3600   259.3216     0.1702     2.7705   906.9500    31.8000     0.3600   259.3216     0.1418     2.3088   906.9500    31.8000     0.3600   259.3216     0.1702     2.7705
    5.4167     0.5000  95590.979   855.5400    32.4000     0.3400   260.9856     2.8673    -1.1877   855.5400    32.4000     0.3400   260.9856    -0.5869     0.8784   855.5400    32.4000     0.3400   260.9856     3.9577     3.8618   855.5400    32.4000     0.3400   260.9856     2.8587    -5.5097   855.5400    32.4000     0.3400   260.9856     1.3909     2.6022   855.5400    32.4000     0.3400   260.9856     1.3909     2.6022   855.5400    32.4000     0.3400   260.9856     1.3909     2.6022
    5.4583     0.5000  95536.797   753.6900    32.9000     0.3400   265.0457     2.7866    -1.1542   753.6900    32.9000     0.3400   265.0457    -0.7985     0.7985   753.6900    32.9000     0.3400   265.0457     4.2114     3.9122   753.6900    32.9000     0.3400   265.0457     2.6459    -5.4211   753.6900    32.9000     0.3400   265.0457     2.5636     1.3703   753.6900    32.9000     0.3400   265.0457     2.5636     1.3703   753.6900    32.9000     0.3400   265.0457     2.5636     1.3703
    5.5000     0.5000  95499.547   610.1300    33.7000     0.3600   279.1252     2.7058    -1.1208   610.1300    33.7000     0.3600   279.1252    -1.1994     0.8014   610.1300    33.7000     0.3600   279.1252     4.4699     3.9525   610.1300    33.7000     0.3600   279.1252     2.4392    -5.3254   610.1300    33.7000     0.3600   279.1252     2.8494    -0.2806   610.1300    33.7000     0.3600   279.1252     2.8494    -0.2806   610.1300    33.7000     0.3600   279.1252     2.3745    -0.2339
    5.5417     0.5000  95486.001   438.4400    32.8000     0.3500   278.1553     2.6250    -1.0873   438.4400    32.8000     0.3500   278.1553    -1.4135     0.5855   438.4400    32.8000     0.3500   278.1553     4.7328     3.9823   438.4400    32.8000     0.3500   278.1553     2.2389    -5.2230   438.4400    32.8000     0.3500   278.1553     2.1795    -1.7886   438.4400    32.8000     0.3500   278.1553     2.1795    -1.7886   438.4400    32.8000     0.3500   278.1553     2.1795    -1.7886
    5.5833     0.5000  95509.706   255.1100    30.1000     0.4200   279.0528     2.5645    -1.0622   255.1100    30.1000     0.4200   279.0528    -1.4377     0.4555   255.1100    30.1000     0.4200   279.0528     4.5346     3.9116   255.1100    30.1000     0.4200   279.0528     2.9676    -4.3254   255.1100    30.1000     0.4200   279.0528     1.4096    -2.0546   255.1100    30.1000     0.4200   279.0528     1.4096    -2.0546   255.1100    30.1000     0.4200   279.0528     1.1747    -1.7121
    5.6250     0.5000  95567.275    17.4600    27.5000     0.4400   298.3388     2.5241    -1.0455    17.4600    27.5000     0.4400   298.3388    -1.0850     0.3733    17.4600    27.5000     0.4400   298.3388     3.8940     3.7074    17.4600    27.5000     0.4400   298.3388     3.8704    -2.3848    17.4600    27.5000     0.4400   298.3388     1.1011    -1.5234    17.4600    27.5000     0.4400   298.3388     1.1011    -1.5234    17.4600    27.5000     0.4400   298.3388     0.9176    -1.2695
    5.6667     0.5000  95563.888     0.0000    26.1000     0.3800   217.9980     2.4837    -1.0288     0.0000    26.1000     0.3800   217.9980    -1.1677     0.4341     0.0000    26.1000     0.3800   217.9980     3.2854     3.4508     0.0000    26.1000     0.3800   217.9980     3.8117    -0.5177     0.0000    26.1000     0.3800   217.9980     0.7676    -1.0089     0.0000    26.1000     0.3800   217.9980     0.7676    -1.0089     0.0000    26.1000     0.3800   217.9980     0.6397    -0.8407
    5.7083     0.5000  95631.616     0.0000    24.6000     0.4400   214.1263     2.4433    -1.0120     0.0000    24.6000     0.4400   214.1263    -1.0350     0.4139     0.0000    24.6000     0.4400   214.1263     2.7124     3.1445     0.0000    24.6000     0.4400   214.1263     3.0228     0.8766     0.0000    24.6000     0.4400   214.1263     0.4097    -0.5119     0.0000    24.6000     0.4400   214.1263     0.4097    -0.5119     0.0000    24.6000     0.4400   214.1263     0.4097    -0.5119
    5.7500     0.5000  95638.389     0.0000    23.7000     0.4900   212.7457     2.4352    -0.9739     0.0000    23.7000     0.4900   212.7457    -0.9681     0.4579     0.0000    23.7000     0.4900   212.7457     1.9060     3.0099     0.0000    23.7000     0.4900   212.7457     1.8536     1.5989     0.0000    23.7000     0.4900   212.7457     0.1970    -0.2341     0.0000    23.7000     0.4900   212.7457     0.1970    -0.2341     0.0000    23.7000     0.4900   212.7457     0.1970    -0.2341
    5.7917     0.5000  95635.002     0.0000    23.2000     0.4900   209.0594     2.4584    -0.9138     0.0000    23.2000     0.4900   209.0594    -0.7967     0.4775     0.0000    23.2000     0.4900   209.0594     0.9393     2.8432     0.0000    23.2000     0.4900   209.0594     0.7086     1.5985     0.0000    23.2000     0.4900   209.0594     0.1448    -0.1637     0.0000    23.2000     0.4900   209.0594     0.1448    -0.1637     0.0000    23.2000     0.4900   209.0594     0.1448    -0.1637
    5.8333     0.5000  95624.843     0.0000    22.6000     0.5800   212.8356     2.4801    -0.8532     0.0000    22.6000     0.5800   212.8356    -0.9304     0.6900     0.0000    22.6000     0.5800   212.8356     0.1785     2.4195     0.0000    22.6000     0.5800   212.8356    -0.0257     1.0488     0.0000    22.6000     0.5800   212.8356     0.0893    -0.0961     0.0000    22.6000     0.5800   212.8356     0.0893    -0.0961     0.0000    22.6000     0.5800   212.8356     0.0893    -0.0961
    5.8750     0.5000  95611.298     0.0000    21.3000     0.6200   206.4496     2.5003    -0.7921     0.0000    21.3000     0.6200   206.4496    -0.8907     0.8073     0.0000    21.3000     0.6200   206.4496    -0.3176     1.8304     0.0000    21.3000     0.6200   206.4496    -0.1572     0.3124     0.0000    21.3000     0.6200   206.4496     0.0305    -0.0313     0.0000    21.3000     0.6200   206.4496     0.0305    -0.0313     0.0000    21.3000     0.6200   206.4496     0.0305    -0.0313
    5.9167     0.5000  95645.161     0.0000    20.8000     0.6400   204.2996     2.8272    -1.0509     0.0000    20.8000     0.6400   204.2996    -0.7785     0.7978     0.0000    20.8000     0.6400   204.2996    -0.5916     1.2916     0.0000    20.8000     0.6400   204.2996    -0.0000     0.0000     0.0000    20.8000     0.6400   204.2996     0.0000    -0.0000     0.0000    20.8000     0.6400   204.2996     0.0000    -0.0000     0.0000    20.8000     0.6400   204.2996     0.0000    -0.0000
    5.9583     0.5000  95641.775     0.0000    20.4000     0.6300   200.6336     3.3757    -1.7514     0.0000    20.4000     0.6300   200.6336    -0.6099     0.6565     0.0000    20.4000     0.6300   200.6336    -0.7177     0.8529     0.0000    20.4000     0.6300   200.6336    -0.0000     0.0000     0.0000    20.4000     0.6300   200.6336     0.0000    -0.0000     0.0000    20.4000     0.6300   200.6336     0.0000    -0.0000     0.0000    20.4000     0.6300   200.6336     0.0000    -0.0000
    6.0000     0.5000  95679.025     0.0000    19.6000     0.7100   200.4579     3.7847    -2.5966     0.0000    19.6000     0.7100   200.4579    -0.4488     0.5076     0.0000    19.6000     0.7100   200.4579    -0.6668     0.4575     0.0000    19.6000     0.7100   200.4579     0.0000     0.0000     0.0000    19.6000     0.7100   200.4579     0.0000    -0.0000     0.0000    19.6000     0.7100   200.4579     0.0000    -0.0000     0.0000    19.6000     0.7100   200.4579     0.0000    -0.0000
    6.0417     0.5000  95702.730     0.0000    19.4000     0.7300   256.4637     4.0278    -3.5616     0.0000    19.4000     0.7300   256.4637    -0.2955     0.3512     0.0000    19.4000     0.7300   256.4637    -0.4754     0.1635     0.0000    19.4000     0.7300   256.4637     0.0000     0.0000     0.0000    19.4000     0.7300   256.4637     0.0000     0.0000     0.0000    19.4000     0.7300   256.4637     0.0000     0.0000     0.0000    19.4000     0.7300   256.4637     0.0000     0.0000
    6.0833     0.5000  95739.980    61.4333    18.7000     0.7600   200.7665     4.0028    -4.0028    61.4333    18.7000     0.7600   200.7665    -0.1903     0.2207    61.4333    18.7000     0.7600   200.7665    -0.5763     0.2639    61.4333    18.7000     0.7600   200.7665     0.0157     0.0092    61.4333    18.7000     0.7600   200.7665     0.1787     0.1259    61.4333    18.7000     0.7600   200.7665     0.1787     0.1259    61.4333    18.7000     0.7600   200.7665     0.1787     0.1259
    6.1250     0.5000  95777.231   242.5000    19.2000     0.7600   200.7521     3.8482    -3.8482   242.5000    19.2000     0.7600   200.7521    -0.2009     0.2111   242.5000    19.2000     0.7600   200.7521    -0.7511     0.9385   242.5000    19.2000     0.7600   200.7521     0.0541     0.0371   242.5000    19.2000     0.7600   200.7521     0.3232     0.5705   242.5000    19.2000     0.7600   200.7521     0.3232     0.5705   242.5000    19.2000     0.7600   200.7521     0.3232     0.5705
    6.1667     0.5000  95804.322   419.0400    20.2000     0.7700   208.7564     3.6937    -3.6937   419.0400    20.2000     0.7700   208.7564    -0.2533     0.2411   419.0400    20.2000     0.7700   208.7564    -0.3667     1.7320   419.0400    20.2000     0.7700   208.7564     0.0853     0.0683   419.0400    20.2000     0.7700   208.7564     0.0670     0.9082   419.0400    20.2000     0.7700   208.7564     0.0804     1.0899   419.0400    20.2000     0.7700   208.7564     0.0804     1.0899
    6.2083     0.5000  95804.322   560.0133    21.3000     0.6600   209.4679     3.5391    -3.5391   560.0133    21.3000     0.6600   209.4679    -0.2648     0.2284   560.0133    21.3000     0.6600   209.4679     0.5960     2.2614   560.0133    21.3000     0.6600   209.4679     0.1121     0.1041   560.0133    21.3000     0.6600   209.4679    -0.5506     1.4274   560.0133    21.3000     0.6600   209.4679    -0.4588     1.1895   560.0133    21.3000     0.6600   209.4679    -0.5506     1.4274
    6.2500     0.5000  95828.026   739.4633    23.3000     0.6500   223.7905     3.5510    -3.4649   739.4633    23.3000     0.6500   223.7905    -0.3111     0.2751   739.4633    23.3000     0.6500   223.7905     1.3682     2.4151   739.4633    23.3000     0.6500   223.7905     0.0970     0.1712   739.4633    23.3000     0.6500   223.7905    -0.8652     1.4435   739.4633    23.3000     0.6500   223.7905    -0.7210     1.2029   739.4633    23.3000     0.6500   223.7905    -0.8652     1.4435
    6.2917     0.5000  95838.186   849.0733    25.6000     0.5600   233.9097     3.7311    -3.4660   849.0733    25.6000     0.5600   233.9097    -0.3816     0.3911   849.0733    25.6000     0.5600   233.9097     1.6487     2.6036   849.0733    25.6000     0.5600   233.9097    -0.0049     0.2003   849.0733    25.6000     0.5600   233.9097    -0.6635     1.4028   849.0733    25.6000     0.5600   233.9097    -0.6635     1.4028   849.0733    25.6000     0.5600   233.9097    -0.6635     1.4028
    6.3333     0.5000  95784.003   912.1233    27.4000     0.5500   247.1591     3.9132    -3.4602   912.1233    27.4000     0.5500   247.1591    -0.4362     0.5184   912.1233    27.4000     0.5500   247.1591     1.9507     2.7698   912.1233    27.4000     0.5500   247.1591    -0.1520     0.2400   912.1233    27.4000     0.5500   247.1591    -0.4786     1.3376   912.1233    27.4000     0.5500   247.1591    -0.4786     1.3376   912.1233    27.4000     0.5500   247.1591    -0.4786     1.3376
    6.3750     0.5000  95746.753   915.0333    29.2000     0.5300   259.6968     4.0973    -3.4476   915.0333    29.2000     0.5300   259.6968    -0.3948     0.5462   915.0333    29.2000     0.5300   259.6968     2.2725     2.9119   915.0333    29.2000     0.5300   259.6968    -0.2928     0.1474   915.0333    29.2000     0.5300   259.6968    -0.2611     1.0424   915.0333    29.2000     0.5300   259.6968    -0.3133     1.2509   915.0333    29.2000     0.5300   259.6968    -0.3133     1.2509
    6.4167     0.5000  95719.662   856.1867    30.8000     0.4300   261.1103     4.3314    -3.6446   856.1867    30.8000     0.4300   261.1103    -0.4774     0.6437   856.1867    30.8000     0.4300   261.1103     2.6696     3.0948   856.1867    30.8000     0.4300   261.1103    -0.3616     0.1550   856.1867    30.8000     0.4300   261.1103     0.2466     1.4213   856.1867    30.8000     0.4300   261.1103     0.2466     1.4213   856.1867    30.8000     0.4300   261.1103     0.2466     1.4213
    6.4583     0.5000  95655.321   753.6900    31.8000     0.4400   270.6433     4.6009    -4.0683   753.6900    31.8000     0.4400   270.6433    -0.7632     0.8421   753.6900    31.8000     0.4400   270.6433     3.1498     3.3083   753.6900    31.8000     0.4400   270.6433    -0.3273     0.3523   753.6900    31.8000     0.4400   270.6433     1.4818     1.1564   753.6900    31.8000     0.4400   270.6433     1.4818     1.1564   753.6900    31.8000     0.4400   270.6433     1.4818     1.1564
    6.5000     0.5000  95624.843   609.8067    32.1000     0.4100   273.1671     4.8520    -4.5073   609.8067    32.1000     0.4100   273.1671    -0.9717     0.8807   609.8067    32.1000     0.4100   273.1671     3.6566     3.4814   609.8067    32.1000     0.4100   273.1671    -0.1849     0.5374   609.8067    32.1000     0.4100   273.1671     2.3105    -0.1704   609.8067    32.1000     0.4100   273.1671     2.3105    -0.1704   609.8067    32.1000     0.4100   273.1671     1.9254    -0.1420
    6.5417     0.5000  95604.525   438.4400    31.2000     0.5300   288.7512     5.0840    -4.9608   438.4400    31.2000     0.5300   288.7512    -1.1937     0.8853   438.4400    31.2000     0.5300   288.7512     4.1871     3.6118   438.4400    31.2000     0.5300   288.7512     0.0469     0.5444   438.4400    31.2000     0.5300   288.7512     1.8989    -1.9945   438.4400    31.2000     0.5300   288.7512     1.8989    -1.9945   438.4400    31.2000     0.5300   288.7512     1.5824    -1.6621
    6.5833     0.5000  95580.820   259.3133    31.5000     0.4000   286.7322     5.1592    -5.2874   259.3133    31.5000     0.4000   286.7322    -1.0063     0.6904   259.3133    31.5000     0.4000   286.7322     4.1425     3.6629   259.3133    31.5000     0.4000   286.7322     0.2281     0.5914   259.3133    31.5000     0.4000   286.7322     1.0037    -2.4231   259.3133    31.5000     0.4000   286.7322     1.0037    -2.4231   259.3133    31.5000     0.4000   286.7322     0.8364    -2.0193
    6.6250     0.5000  95621.457     0.0000    30.7000     0.3100   305.7923     5.0874    -5.4765     0.0000    30.7000     0.3100   305.7923    -0.8414     0.6082     0.0000    30.7000     0.3100   305.7923     3.5260     3.6136     0.0000    30.7000     0.3100   305.7923     0.2478     0.4374     0.0000    30.7000     0.3100   305.7923     0.7360    -1.7769     0.0000    30.7000     0.3100   305.7923     0.7360    -1.7769     0.0000    30.7000     0.3100   305.7923     0.6134    -1.4808
    6.6667     0.5000  95628.230     0.0000    27.4000     0.4300   234.1285     5.0094    -5.6652     0.0000    27.4000     0.4300   234.1285    -0.8175     0.6220     0.0000    27.4000     0.4300   234.1285     2.9410     3.4953     0.0000    27.4000     0.4300   234.1285     0.2286     0.2929     0.0000    27.4000     0.4300   234.1285     0.4684    -1.1308     0.0000    27.4000     0.4300   234.1285     0.4684    -1.1308     0.0000    27.4000     0.4300   234.1285     0.3903    -0.9423
    6.7083     0.5000  95668.866     0.0000    25.8000     0.4200   220.7546     4.9251    -5.8533     0.0000    25.8000     0.4200   220.7546    -0.6314     0.5053     0.0000    25.8000     0.4200   220.7546     2.3942     3.3124     0.0000    25.8000     0.4200   220.7546     0.1741     0.1658     0.0000    25.8000     0.4200   220.7546     0.2007    -0.4846     0.0000    25.8000     0.4200   220.7546     0.2007    -0.4846     0.0000    25.8000     0.4200   220.7546     0.2007    -0.4846
    6.7500     0.5000  95706.116     0.0000    25.1000     0.4500   218.9595     4.6865    -5.7106     0.0000    25.1000     0.4500   218.9595    -0.5627     0.4854     0.0000    25.1000     0.4500   218.9595     1.2114     3.1403     0.0000    25.1000     0.4500   218.9595     0.1108     0.1055     0.0000    25.1000     0.4500   218.9595     0.0911    -0.1229     0.0000    25.1000     0.4500   218.9595     0.0911    -0.1229     0.0000    25.1000     0.4500   218.9595     0.0911    -0.1229
    6.7917     0.5000  95702.730     0.0000    24.3000     0.4800   216.1884     4.2983    -5.2375     0.0000    24.3000     0.4800   216.1884    -0.6015     0.5727     0.0000    24.3000     0.4800   216.1884    -0.1769     2.3977     0.0000    24.3000     0.4800   216.1884     0.0672     0.0862     0.0000    24.3000     0.4800   216.1884     0.0988    -0.0467     0.0000    24.3000     0.4800   216.1884     0.0988    -0.0467     0.0000    24.3000     0.4800   216.1884     0.0988    -0.0467
    6.8333     0.5000  95665.480     0.0000    23.2000     0.5400   213.7983     3.9101    -4.7644     0.0000    23.2000     0.5400   213.7983    -0.5275     0.5540     0.0000    23.2000     0.5400   213.7983    -0.7110     1.2551     0.0000    23.2000     0.5400   213.7983     0.0323     0.0571     0.0000    23.2000     0.5400   213.7983     0.0655     0.0032     0.0000    23.2000     0.5400   213.7983     0.0655     0.0032     0.0000    23.2000     0.5400   213.7983     0.0655     0.0032
    6.8750     0.5000  95655.321     0.0000    21.9000     0.6100   210.0947     3.5218    -4.2914     0.0000    21.9000     0.6100   210.0947    -0.6567     0.7613     0.0000    21.9000     0.6100   210.0947    -0.3931     0.2769     0.0000    21.9000     0.6100   210.0947     0.0079     0.0204     0.0000    21.9000     0.6100   210.0947     0.0187     0.0112     0.0000    21.9000     0.6100   210.0947     0.0187     0.0112     0.0000    21.9000     0.6100   210.0947     0.0187     0.0112
    6.9167     0.5000  95645.161     0.0000    20.8000     0.6100   202.0148     4.5052    -1.8017     0.0000    20.8000     0.6100   202.0148    -0.5910     0.7024     0.0000    20.8000     0.6100   202.0148    -0.0000     0.0000     0.0000    20.8000     0.6100   202.0148     0.0000     0.0000     0.0000    20.8000     0.6100   202.0148     0.0000     0.0000     0.0000    20.8000     0.6100   202.0148     0.0000     0.0000     0.0000    20.8000     0.6100   202.0148     0.0000     0.0000
    6.9583     0.5000  95590.979     0.0000    20.5000     0.6700   204.2871     3.2947     2.3814     0.0000    20.5000     0.6700   204.2871    -0.4343     0.4912     0.0000    20.5000     0.6700   204.2871    -0.0000     0.0000     0.0000    20.5000     0.6700   204.2871     0.0000     0.0000     0.0000    20.5000     0.6700   204.2871     0.0000     0.0000     0.0000    20.5000     0.6700   204.2871     0.0000     0.0000     0.0000    20.5000     0.6700   204.2871     0.0000     0.0000
    7.0000     0.5000  95624.843     0.0000    19.7000     0.7100   201.1874    -0.2010     3.2723     0.0000    19.7000     0.7100   201.1874    -0.2678     0.2882     0.0000    19.7000     0.7100   201.1874    -0.0000     0.0000     0.0000    19.7000     0.7100   201.1874     0.0000     0.0000     0.0000    19.7000     0.7100   201.1874    -0.0000     0.0000     0.0000    19.7000     0.7100   201.1874    -0.0000     0.0000     0.0000    19.7000     0.7100   201.1874    -0.0000     0.0000
    7.0417     0.5000  95631.616     0.0000    19.3000     0.7200   254.8521    -2.1828     1.2014     0.0000    19.3000     0.7200   254.8521    -0.0916     0.0939     0.0000    19.3000     0.7200   254.8521     0.0000     0.0000     0.0000    19.3000     0.7200   254.8521     0.0000     0.0000     0.0000    19.3000     0.7200   254.8521    -0.0000     0.0000     0.0000    19.3000     0.7200   254.8521    -0.0000     0.0000     0.0000    19.3000     0.7200   254.8521    -0.0000     0.0000
    7.0833     0.5000  95692.571    48.7425    18.6000     0.7300   212.6925    -2.1010     1.1230    48.7425    18.6000     0.7300   212.6925    -0.0000     0.0000    48.7425    18.6000     0.7300   212.6925     0.1206     0.2812    48.7425    18.6000     0.7300   212.6925     0.0043     0.0214    48.7425    18.6000     0.7300   212.6925    -0.1185     0.0561    48.7425    18.6000     0.7300   212.6925    -0.1185     0.0561    48.7425    18.6000     0.7300   212.6925    -0.1185     0.0561
    7.1250     0.5000  95679.025   239.3475    20.1000     0.7100   204.1176    -0.2892     2.9364   239.3475    20.1000     0.7100   204.1176    -0.0000     0.0000   239.3475    20.1000     0.7100   204.1176     0.3823     0.8346   239.3475    20.1000     0.7100   204.1176    -0.0000     0.0656   239.3475    20.1000     0.7100   204.1176    -0.3374     0.2023   239.3475    20.1000     0.7100   204.1176    -0.3374     0.2023   239.3475    20.1000     0.7100   204.1176    -0.3374     0.2023
    7.1667     0.5000  95729.821   419.0400    21.0000     0.7500   213.4619     2.7201     2.2323   419.0400    21.0000     0.7500   213.4619    -0.0000     0.0000   419.0400    21.0000     0.7500   213.4619     0.6711     1.3749   419.0400    21.0000     0.7500   213.4619    -0.0213     0.1072   419.0400    21.0000     0.7500   213.4619    -0.4389     0.3255   419.0400    21.0000     0.7500   213.4619    -0.5267     0.3906   419.0400    21.0000     0.7500   213.4619    -0.5267     0.3906
    7.2083     0.5000  95709.503   560.3367    22.4000     0.7300   222.7511     3.9111    -1.1864   560.3367    22.4000     0.7300   222.7511    -0.0000     0.0000   560.3367    22.4000     0.7300   222.7511     0.9864     1.9013   560.3367    22.4000     0.7300   222.7511    -0.0585     0.1413   560.3367    22.4000     0.7300   222.7511    -0.6802     0.6165   560.3367    22.4000     0.7300   222.7511    -0.6802     0.6165   560.3367    22.4000     0.7300   222.7511    -0.6802     0.6165
    7.2500     0.5000  95702.730   734.2900    23.7000     0.6800   229.1711     3.0909    -3.0909   734.2900    23.7000     0.6800   229.1711    -0.5801     0.6245   734.2900    23.7000     0.6800   229.1711     1.2820     2.2630   734.2900    23.7000     0.6800   229.1711    -0.0660     0.2084   734.2900    23.7000     0.6800   229.1711    -0.9273     0.9273   734.2900    23.7000     0.6800   229.1711    -0.7727     0.7727   734.2900    23.7000     0.6800   229.1711    -0.9273     0.9273
    7.2917     0.5000  95682.412   851.6600    25.7000     0.6300   240.8768     3.0909    -3.0909   851.6600    25.7000     0.6300   240.8768    -0.7122     2.4560   851.6600    25.7000     0.6300   240.8768     1.5552     2.4559   851.6600    25.7000     0.6300   240.8768     0.0268     0.4363   851.6600    25.7000     0.6300   240.8768    -1.2982     1.2982   851.6600    25.7000     0.6300   240.8768    -1.2982     1.2982   851.6600    25.7000     0.6300   240.8768    -1.2982     1.2982
    7.3333     0.5000  95645.161   907.2733    28.4000     0.5400   254.2122     3.0909    -3.0909   907.2733    28.4000     0.5400   254.2122     0.7801     4.1900   907.2733    28.4000     0.5400   254.2122     1.8500     2.6268   907.2733    28.4000     0.5400   254.2122     0.2548     0.5564   907.2733    28.4000     0.5400   254.2122    -1.6691     1.6691   907.2733    28.4000     0.5400   254.2122    -1.6691     1.6691   907.2733    28.4000     0.5400   254.2122    -1.6691     1.6691
    7.3750     0.5000  95577.434   911.8000    29.8000     0.4700   257.9187     3.0909    -3.0909   911.8000    29.8000     0.4700   257.9187     3.6129     4.7486   911.8000    29.8000     0.4700   257.9187     2.1649     2.7741   911.8000    29.8000     0.4700   257.9187     0.5632     0.5495   911.8000    29.8000     0.4700   257.9187    -2.0400     2.0400   911.8000    29.8000     0.4700   257.9187    -2.0400     2.0400   911.8000    29.8000     0.4700   257.9187    -2.0400     2.0400
    7.4167     0.5000  95513.092   860.3900    34.6000     0.2300   256.8758     2.9945    -2.7817   860.3900    34.6000     0.2300   256.8758     5.6881     3.8007   860.3900    34.6000     0.2300   256.8758     2.4757     2.7998   860.3900    34.6000     0.2300   256.8758     0.7953     0.3068   860.3900    34.6000     0.2300   256.8758    -1.3176     2.7859   860.3900    34.6000     0.2300   256.8758    -1.3176     2.7859   860.3900    34.6000     0.2300   256.8758    -1.3176     2.7859
    7.4583     0.5000  95431.819   760.4800    35.8000     0.2200   263.9576     2.7473    -2.1988   760.4800    35.8000     0.2200   263.9576     6.3607     2.6347   760.4800    35.8000     0.2200   263.9576     2.7689     2.7017   760.4800    35.8000     0.2200   263.9576     0.8065    -0.0595   760.4800    35.8000     0.2200   263.9576     0.7169     2.8622   760.4800    35.8000     0.2200   263.9576     0.7169     2.8622   760.4800    35.8000     0.2200   263.9576     0.7169     2.8622
    7.5000     0.5000  95391.182   620.8000    36.3000     0.2000   264.7296     2.4330    -1.6692   620.8000    36.3000     0.2000   264.7296     6.7953     1.3517   620.8000    36.3000     0.2000   264.7296     3.0604     2.5751   620.8000    36.3000     0.2000   264.7296     0.6656    -0.3771   620.8000    36.3000     0.2000   264.7296     2.2646     1.6796   620.8000    36.3000     0.2000   264.7296     2.2646     1.6796   620.8000    36.3000     0.2000   264.7296     2.2646     1.6796
    7.5417     0.5000  95357.318   449.1100    36.5000     0.1700   264.6174     2.0583    -1.1996   449.1100    36.5000     0.1700   264.6174     6.9722    -0.0000   449.1100    36.5000     0.1700   264.6174     3.3479     2.4198   449.1100    36.5000     0.1700   264.6174     0.4153    -0.5897   449.1100    36.5000     0.1700   264.6174     2.6851    -0.1319   449.1100    36.5000     0.1700   264.6174     2.6851    -0.1319   449.1100    36.5000     0.1700   264.6174     2.2376    -0.1099
    7.5833     0.5000  95313.295   256.0800    33.7000     0.3900   305.2153     1.8119    -0.9685   256.0800    33.7000     0.3900   305.2153     6.0026     2.2312   256.0800    33.7000     0.3900   305.2153     3.1424     2.3305   256.0800    33.7000     0.3900   305.2153     0.4915    -0.3646   256.0800    33.7000     0.3900   305.2153     2.0239    -1.0818   256.0800    33.7000     0.3900   305.2153     2.0239    -1.0818   256.0800    33.7000     0.3900   305.2153     1.6866    -0.9015
    7.6250     0.5000  95347.159    17.4600    32.1000     0.4900   348.9853     1.7348    -0.9273    17.4600    32.1000     0.4900   348.9853     1.5776     4.9797    17.4600    32.1000     0.4900   348.9853     2.4778     2.2457    17.4600    32.1000     0.4900   348.9853     0.3952     0.1869    17.4600    32.1000     0.4900   348.9853     1.2671    -1.0399    17.4600    32.1000     0.4900   348.9853     1.2671    -1.0399    17.4600    32.1000     0.4900   348.9853     1.0559    -0.8666
    7.6667     0.5000  95340.387     0.0000    30.6000     0.3400   246.6329     1.6577    -0.8861     0.0000    30.6000     0.3400   246.6329    -2.2875     3.3342     0.0000    30.6000     0.3400   246.6329     1.8641     2.0567     0.0000    30.6000     0.3400   246.6329     0.0107     0.2183     0.0000    30.6000     0.3400   246.6329     0.6239    -0.7603     0.0000    30.6000     0.3400   246.6329     0.6239    -0.7603     0.0000    30.6000     0.3400   246.6329     0.6239    -0.7603
    7.7083     0.5000  95381.023     0.0000    29.1000     0.3700   239.4186     1.5806    -0.8448     0.0000    29.1000     0.3700   239.4186    -2.8578     0.1756     0.0000    29.1000     0.3700   239.4186     1.3150     1.7731     0.0000    29.1000     0.3700   239.4186    -0.0750     0.0449     0.0000    29.1000     0.3700   239.4186     0.1545    -0.2891     0.0000    29.1000     0.3700   239.4186     0.1545    -0.2891     0.0000    29.1000     0.3700   239.4186     0.1545    -0.2891
    7.7500     0.5000  95381.023     0.0000    28.3000     0.3800   234.6317     1.5908    -0.8254     0.0000    28.3000     0.3800   234.6317    -1.8747    -1.1236     0.0000    28.3000     0.3800   234.6317     0.9690     1.3759     0.0000    28.3000     0.3800   234.6317    -0.0000     0.0000     0.0000    28.3000     0.3800   234.6317     0.0000    -0.0000     0.0000    28.3000     0.3800   234.6317     0.0000    -0.0000     0.0000    28.3000     0.3800   234.6317     0.0000    -0.0000
    7.7917     0.5000  95340.387     0.0000    26.9000     0.4700   234.8911     1.6892    -0.8244     0.0000    26.9000     0.4700   234.8911    -1.3504    -1.4899     0.0000    26.9000     0.4700   234.8911     0.7396     0.9477     0.0000    26.9000     0.4700   234.8911    -0.0000     0.0000     0.0000    26.9000     0.4700   234.8911     0.0000    -0.0000     0.0000    26.9000     0.4700   234.8911     0.0000    -0.0000     0.0000    26.9000     0.4700   234.8911     0.0000    -0.0000
    7.8333     0.5000  95296.363     0.0000    25.9000     0.4500   224.9863     1.7884    -0.8191     0.0000    25.9000     0.4500   224.9863    -0.7850    -1.6597     0.0000    25.9000     0.4500   224.9863     0.4711     0.5461     0.0000    25.9000     0.4500   224.9863    -0.0000     0.0000     0.0000    25.9000     0.4500   224.9863     0.0000    -0.0000     0.0000    25.9000     0.4500   224.9863     0.0000    -0.0000     0.0000    25.9000     0.4500   224.9863     0.0000    -0.0000
    7.8750     0.5000  95286.204     0.0000    24.5000     0.5400   223.5811     1.8883    -0.8095     0.0000    24.5000     0.5400   223.5811    -0.2437    -1.6431     0.0000    24.5000     0.5400   223.5811     0.1658     0.1741     0.0000    24.5000     0.5400   223.5811    -0.0000     0.0000     0.0000    24.5000     0.5400   223.5811     0.0000     0.0000     0.0000    24.5000     0.5400   223.5811     0.0000     0.0000     0.0000    24.5000     0.5400   223.5811     0.0000     0.0000
    7.9167     0.5000  95262.500     0.0000    23.3000     0.5800   218.0785     1.8873    -0.7548     0.0000    23.3000     0.5800   218.0785    -0.0386    -1.5732     0.0000    23.3000     0.5800   218.0785     0.0000     0.0000     0.0000    23.3000     0.5800   218.0785    -0.0074     0.0206     0.0000    23.3000     0.5800   218.0785     0.0000     0.0000     0.0000    23.3000     0.5800   218.0785     0.0000     0.0000     0.0000    23.3000     0.5800   218.0785     0.0000     0.0000
    7.9583     0.5000  95286.204     0.0000    22.4000     0.5700   210.5018     1.7823    -0.6625     0.0000    22.4000     0.5700   210.5018    -0.1158    -1.5694     0.0000    22.4000     0.5700   210.5018     0.0000     0.0000     0.0000    22.4000     0.5700   210.5018    -0.0486     0.0440     0.0000    22.4000     0.5700   210.5018     0.0000     0.0000     0.0000    22.4000     0.5700   210.5018     0.0000     0.0000     0.0000    22.4000     0.5700   210.5018     0.0000     0.0000
    8.0000     0.5000  95255.727     0.0000    21.9000     0.6200   210.8856     1.6741    -0.5759     0.0000    21.9000     0.6200   210.8856    -0.1926    -1.5618     0.0000    21.9000     0.6200   210.8856     0.0000     0.0000     0.0000    21.9000     0.6200   210.8856    -0.1060     0.0266     0.0000    21.9000     0.6200   210.8856    -0.0000     0.0000     0.0000    21.9000     0.6200   210.8856    -0.0000     0.0000     0.0000    21.9000     0.6200   210.8856    -0.0000     0.0000
    8.0417     0.5000  95282.818     0.0000    21.4000     0.6600   268.0466     1.5627    -0.4951     0.0000    21.4000     0.6600   268.0466    -0.2690    -1.5505     0.0000    21.4000     0.6600   268.0466     0.0000     0.0000     0.0000    21.4000     0.6600   268.0466    -0.1237    -0.0310     0.0000    21.4000     0.6600   268.0466    -0.0000     0.0000     0.0000    21.4000     0.6600   268.0466    -0.0000     0.0000     0.0000    21.4000     0.6600   268.0466    -0.0000     0.0000
    8.0833     0.5000  95289.591    68.8700    22.1000     0.6500   214.6930     1.5217    -0.4011    68.8700    22.1000     0.6500   214.6930    -0.9474    -1.3108    68.8700    22.1000     0.6500   214.6930     0.0107     0.1745    68.8700    22.1000     0.6500   214.6930    -0.1691    -0.0446    68.8700    22.1000     0.6500   214.6930    -0.0763     0.0782    68.8700    22.1000     0.6500   214.6930    -0.0763     0.0782    68.8700    22.1000     0.6500   214.6930    -0.0763     0.0782
    8.1250     0.5000  95299.750   256.0800    22.4000     0.6500   216.9504     1.5471    -0.2880   256.0800    22.4000     0.6500   216.9504    -1.6985    -0.1463   256.0800    22.4000     0.6500   216.9504     0.0960     0.5157   256.0800    22.4000     0.6500   216.9504    -0.1425     0.0302   256.0800    22.4000     0.6500   216.9504    -0.2231     0.2402   256.0800    22.4000     0.6500   216.9504    -0.2231     0.2402   256.0800    22.4000     0.6500   216.9504    -0.2231     0.2402
    8.1667     0.5000  95306.523   460.7500    23.2000     0.6100   219.8370     1.5641    -0.1735   460.7500    23.2000     0.6100   219.8370    -1.2827     1.2516   460.7500    23.2000     0.6100   219.8370     0.2640     0.8334   460.7500    23.2000     0.6100   219.8370    -0.1365     0.1093   460.7500    23.2000     0.6100   219.8370    -0.3619     0.4093   460.7500    23.2000     0.6100   219.8370    -0.3619     0.4093   460.7500    23.2000     0.6100   219.8370    -0.3619     0.4093
    8.2083     0.5000  95303.136   630.5000    24.8000     0.5400   225.8686     1.5726    -0.0579   630.5000    24.8000     0.5400   225.8686     0.1153     1.8761   630.5000    24.8000     0.5400   225.8686     0.5097     1.1128   630.5000    24.8000     0.5400   225.8686    -0.0728     0.1590   630.5000    24.8000     0.5400   225.8686    -0.4925     0.5853   630.5000    24.8000     0.5400   225.8686    -0.4925     0.5853   630.5000    24.8000     0.5400   225.8686    -0.4925     0.5853
    8.2500     0.5000  95316.682   636.3200    27.8000     0.4300   242.2967     1.7183    -0.1692   636.3200    27.8000     0.4300   242.2967     1.3972     2.0365   636.3200    27.8000     0.4300   242.2967     0.8511     1.5023   636.3200    27.8000     0.4300   242.2967    -0.0560     0.3230   636.3200    27.8000     0.4300   242.2967    -0.6167     0.8756   636.3200    27.8000     0.4300   242.2967    -0.5139     0.7297   636.3200    27.8000     0.4300   242.2967    -0.6167     0.8756
    8.2917     0.5000  95276.045   881.7300    29.9000     0.4100   251.2215     1.9451    -0.5900   881.7300    29.9000     0.4100   251.2215     2.6101     2.4247   881.7300    29.9000     0.4100   251.2215     1.2745     2.0127   881.7300    29.9000     0.4100   251.2215    -0.0647     0.5242   881.7300    29.9000     0.4100   251.2215    -0.6584     1.3080   881.7300    29.9000     0.4100   251.2215    -0.6584     1.3080   881.7300    29.9000     0.4100   251.2215    -0.6584     1.3080
    8.3333     0.5000  95265.886   923.4400    32.3000     0.2700   247.5380     2.0625    -1.1024   923.4400    32.3000     0.2700   247.5380     4.0221     2.3442   923.4400    32.3000     0.2700   247.5380     1.7493     2.4838   923.4400    32.3000     0.2700   247.5380    -0.0691     0.9373   923.4400    32.3000     0.2700   247.5380    -0.5828     1.7640   923.4400    32.3000     0.2700   247.5380    -0.5828     1.7640   923.4400    32.3000     0.2700   247.5380    -0.5828     1.7640
    8.3750     0.5000  95204.931   927.3200    34.3000     0.1700   238.2559     2.0443    -1.6777   927.3200    34.3000     0.1700   238.2559     5.4798     1.7360   927.3200    34.3000     0.1700   238.2559     2.2725     2.9119   927.3200    34.3000     0.1700   238.2559    -0.0306     1.2454   927.3200    34.3000     0.1700   238.2559    -0.3849     2.2181   927.3200    34.3000     0.1700   238.2559    -0.3849     2.2181   927.3200    34.3000     0.1700   238.2559    -0.3849     2.2181
    8.4167     0.5000  95167.681   872.0300    34.9000     0.1800   245.8626     2.0522    -1.7702   872.0300    34.9000     0.1800   245.8626     6.5034     1.1285   872.0300    34.9000     0.1800   245.8626     2.6736     3.1775   872.0300    34.9000     0.1800   245.8626    -0.1494     1.3468   872.0300    34.9000     0.1800   245.8626     0.6111     2.5730   872.0300    34.9000     0.1800   245.8626     0.5092     2.1442   872.0300    34.9000     0.1800   245.8626     0.6111     2.5730
    8.4583     0.5000  95120.271   763.3900    35.3000     0.1900   251.8830     2.1420    -1.3564   763.3900    35.3000     0.1900   251.8830     7.1583     0.8829   763.3900    35.3000     0.1900   251.8830     2.9245     3.3074   763.3900    35.3000     0.1900   251.8830    -0.4124     1.1987   763.3900    35.3000     0.1900   251.8830     2.3719     1.8983   763.3900    35.3000     0.1900   251.8830     2.3719     1.8983   763.3900    35.3000     0.1900   251.8830     2.3719     1.8983
    8.5000     0.5000  95110.112   616.9200    36.1000     0.2200   268.9760     2.1580    -0.9566   616.9200    36.1000     0.2200   268.9760     7.8034     0.5756   616.9200    36.1000     0.2200   268.9760     3.1833     3.4268   616.9200    36.1000     0.2200   268.9760    -0.6191     1.0048   616.9200    36.1000     0.2200   268.9760     3.4312     0.0421   616.9200    36.1000     0.2200   268.9760     3.4312     0.0421   616.9200    36.1000     0.2200   268.9760     3.4312     0.0421
    8.5417     0.5000  95096.567   442.3200    35.2000     0.3100   289.9489     2.1065    -0.5829   442.3200    35.2000     0.3100   289.9489     8.4340     0.2070   442.3200    35.2000     0.3100   289.9489     3.4496     3.5354   442.3200    35.2000     0.3100   289.9489    -0.6360     0.6518   442.3200    35.2000     0.3100   289.9489     3.0440    -2.3160   442.3200    35.2000     0.3100   289.9489     3.0440    -2.3160   442.3200    35.2000     0.3100   289.9489     2.5366    -1.9300
    8.5833     0.5000  95106.726   255.1100    33.6000     0.3200   292.1924     2.0202    -0.4798   255.1100    33.6000     0.3200   292.1924     6.7603     4.5171   255.1100    33.6000     0.3200   292.1924     3.1943     3.7963   255.1100    33.6000     0.3200   292.1924    -0.6115     0.4894   255.1100    33.6000     0.3200   292.1924     1.8826    -2.9729   255.1100    33.6000     0.3200   292.1924     1.8826    -2.9729   255.1100    33.6000     0.3200   292.1924     1.5688    -2.4774
    8.6250     0.5000  95137.203    17.4600    31.2000     0.2900   306.1803     1.9377    -0.6139    17.4600    31.2000     0.2900   306.1803    -1.3474     6.7739    17.4600    31.2000     0.2900   306.1803     2.3882     4.0977    17.4600    31.2000     0.2900   306.1803    -0.4783     0.3639    17.4600    31.2000     0.2900   306.1803     1.2389    -2.1869    17.4600    31.2000     0.2900   306.1803     1.2389    -2.1869    17.4600    31.2000     0.2900   306.1803     1.0324    -1.8225
    8.6667     0.5000  95164.294     0.0000    29.8000     0.3300   238.8088     1.8467    -0.7385     0.0000    29.8000     0.3300   238.8088    -5.5734     1.1086     0.0000    29.8000     0.3300   238.8088     1.5763     4.2408     0.0000    29.8000     0.3300   238.8088    -0.3395     0.2454     0.0000    29.8000     0.3300   238.8088     0.6781    -1.3471     0.0000    29.8000     0.3300   238.8088     0.6781    -1.3471     0.0000    29.8000     0.3300   238.8088     0.5650    -1.1225
    8.7083     0.5000  95204.931     0.0000    29.0000     0.3000   227.7624     1.7481    -0.8532     0.0000    29.0000     0.3000   227.7624    -2.4771    -3.7073     0.0000    29.0000     0.3000   227.7624     0.7881     4.2329     0.0000    29.0000     0.3000   227.7624    -0.2343     0.1607     0.0000    29.0000     0.3000   227.7624     0.2037    -0.4596     0.0000    29.0000     0.3000   227.7624     0.2037    -0.4596     0.0000    29.0000     0.3000   227.7624     0.2037    -0.4596
    8.7500     0.5000  95255.727     0.0000    27.6000     0.3700   227.9085     1.6467    -0.9063     0.0000    27.6000     0.3700   227.9085    -0.0000    -3.5189     0.0000    27.6000     0.3700   227.9085     0.4971     3.6601     0.0000    27.6000     0.3700   227.9085    -0.1266     0.1206     0.0000    27.6000     0.3700   227.9085     0.0000    -0.0000     0.0000    27.6000     0.3700   227.9085     0.0000    -0.0000     0.0000    27.6000     0.3700   227.9085     0.0000    -0.0000
    8.7917     0.5000  95255.727     0.0000    26.1000     0.4300   224.1976     1.5484    -0.9024     0.0000    26.1000     0.4300   224.1976    -0.0000    -2.8632     0.0000    26.1000     0.4300   224.1976     0.5568     2.6300     0.0000    26.1000     0.4300   224.1976    -0.0786     0.1562     0.0000    26.1000     0.4300   224.1976     0.0000    -0.0000     0.0000    26.1000     0.4300   224.1976     0.0000    -0.0000     0.0000    26.1000     0.4300   224.1976     0.0000    -0.0000
    8.8333     0.5000  95242.181     0.0000    25.9000     0.4500   224.9863     1.4514    -0.8943     0.0000    25.9000     0.4500   224.9863    -0.0000    -2.2075     0.0000    25.9000     0.4500   224.9863     0.4687     1.6163     0.0000    25.9000     0.4500   224.9863    -0.0214     0.1735     0.0000    25.9000     0.4500   224.9863     0.0000    -0.0000     0.0000    25.9000     0.4500   224.9863     0.0000    -0.0000     0.0000    25.9000     0.4500   224.9863     0.0000    -0.0000
    8.8750     0.5000  95252.340     0.0000    25.2000     0.4600   220.8083     1.3557    -0.8820     0.0000    25.2000     0.4600   220.8083    -0.0000    -1.5518     0.0000    25.2000     0.4600   220.8083     0.2361     0.6351     0.0000    25.2000     0.4600   220.8083     0.0383     0.1706     0.0000    25.2000     0.4600   220.8083     0.0000    -0.0000     0.0000    25.2000     0.4600   220.8083     0.0000    -0.0000     0.0000    25.2000     0.4600   220.8083     0.0000    -0.0000
    8.9167     0.5000  95299.750     0.0000    23.9000     0.5100   216.2015     1.3295    -0.8419     0.0000    23.9000     0.5100   216.2015    -0.0306    -1.2454     0.0000    23.9000     0.5100   216.2015     0.0585     0.1413     0.0000    23.9000     0.5100   216.2015     0.0688     0.1367     0.0000    23.9000     0.5100   216.2015     0.0000    -0.0000     0.0000    23.9000     0.5100   216.2015     0.0000    -0.0000     0.0000    23.9000     0.5100   216.2015     0.0000    -0.0000
    8.9583     0.5000  95320.068     0.0000    23.1000     0.5800   216.5743     1.3692    -0.7757     0.0000    23.1000     0.5800   216.5743    -0.0949    -1.2860     0.0000    23.1000     0.5800   216.5743     0.0418     0.1010     0.0000    23.1000     0.5800   216.5743     0.0629     0.0893     0.0000    23.1000     0.5800   216.5743     0.0000    -0.0000     0.0000    23.1000     0.5800   216.5743     0.0000    -0.0000     0.0000    23.1000     0.5800   216.5743     0.0000    -0.0000
    9.0000     0.5000  95320.068     0.0000    22.8000     0.5500   211.7250     1.4056    -0.7075     0.0000    22.8000     0.5500   211.7250    -0.1632    -1.3232     0.0000    22.8000     0.5500   211.7250     0.0251     0.0606     0.0000    22.8000     0.5500   211.7250     0.0452     0.0475     0.0000    22.8000     0.5500   211.7250     0.0000     0.0000     0.0000    22.8000     0.5500   211.7250     0.0000     0.0000     0.0000    22.8000     0.5500   211.7250     0.0000     0.0000
    9.0417     0.5000  95391.182     0.0000    21.6000     0.6200   266.2346     1.4386    -0.6377     0.0000    21.6000     0.6200   266.2346    -0.2354    -1.3567     0.0000    21.6000     0.6200   266.2346     0.0084     0.0202     0.0000    21.6000     0.6200   266.2346     0.0172     0.0134     0.0000    21.6000     0.6200   266.2346     0.0000     0.0000     0.0000    21.6000     0.6200   266.2346     0.0000     0.0000     0.0000    21.6000     0.6200   266.2346     0.0000     0.0000
    9.0833     0.5000  95455.524    64.0200    22.6000     0.6200   216.1174     1.5087    -0.5190    64.0200    22.6000     0.6200   216.1174    -0.9990    -1.1298    64.0200    22.6000     0.6200   216.1174     0.0418     0.1010    64.0200    22.6000     0.6200   216.1174     0.0000     0.0000    64.0200    22.6000     0.6200   216.1174     0.0016     0.1311    64.0200    22.6000     0.6200   216.1174     0.0016     0.1311    64.0200    22.6000     0.6200   216.1174     0.0016     0.1311
    9.1250     0.5000  95519.865   238.6200    23.3000     0.6000   219.7683     1.6037    -0.3395   238.6200    23.3000     0.6000   219.7683    -1.6892     0.3576   238.6200    23.3000     0.6000   219.7683     0.1255     0.3029   238.6200    23.3000     0.6000   219.7683     0.0000    -0.0000   238.6200    23.3000     0.6000   219.7683    -0.0625     0.3884   238.6200    23.3000     0.6000   219.7683    -0.0625     0.3884   238.6200    23.3000     0.6000   219.7683    -0.0625     0.3884
    9.1667     0.5000  95553.729   439.4100    23.7000     0.6000   222.8063     1.6767    -0.1444   439.4100    23.7000     0.6000   222.8063    -0.5875     1.8544   439.4100    23.7000     0.6000   222.8063     0.2091     0.5048   439.4100    23.7000     0.6000   222.8063     0.0000    -0.0000   439.4100    23.7000     0.6000   222.8063    -0.2133     0.6200   439.4100    23.7000     0.6000   222.8063    -0.2133     0.6200   439.4100    23.7000     0.6000   222.8063    -0.2133     0.6200
    9.2083     0.5000  95553.729   607.2200    25.1000     0.5900   232.7270     1.7255     0.0636   607.2200    25.1000     0.5900   232.7270     1.4727     1.5853   607.2200    25.1000     0.5900   232.7270     0.2927     0.7067   607.2200    25.1000     0.5900   232.7270     0.0000    -0.0000   607.2200    25.1000     0.5900   232.7270    -0.4426     0.8042   607.2200    25.1000     0.5900   232.7270    -0.4426     0.8042   607.2200    25.1000     0.5900   232.7270    -0.4426     0.8042
    9.2500     0.5000  95607.911   614.9800    27.2000     0.4400   241.6030     1.8795     0.0231   614.9800    27.2000     0.4400   241.6030     1.9778     1.1204   614.9800    27.2000     0.4400   241.6030     0.4995     1.1651   614.9800    27.2000     0.4400   241.6030     0.1183    -0.2583   614.9800    27.2000     0.4400   241.6030    -0.6675     1.0259   614.9800    27.2000     0.4400   241.6030    -0.5562     0.8550   614.9800    27.2000     0.4400   241.6030    -0.6675     1.0259
    9.2917     0.5000  95631.616   865.2400    30.2000     0.3900   250.8914     2.1147    -0.3403   865.2400    30.2000     0.3900   250.8914     1.3088     1.8584   865.2400    30.2000     0.3900   250.8914     0.8556     1.8679   865.2400    30.2000     0.3900   250.8914     0.4110    -0.7468   865.2400    30.2000     0.3900   250.8914    -0.8255     1.3397   865.2400    30.2000     0.3900   250.8914    -0.6879     1.1164   865.2400    30.2000     0.3900   250.8914    -0.8255     1.3397
    9.3333     0.5000  95607.911   911.8000    33.3000     0.2000   239.2403     2.2734    -0.7821   911.8000    33.3000     0.2000   239.2403     0.3886     2.2396   911.8000    33.3000     0.2000   239.2403     1.2462     2.5534   911.8000    33.3000     0.2000   239.2403     0.7747    -1.1908   911.8000    33.3000     0.2000   239.2403    -0.9685     1.6617   911.8000    33.3000     0.2000   239.2403    -0.9685     1.6617   911.8000    33.3000     0.2000   239.2403    -0.9685     1.6617
    9.3750     0.5000  95590.979   916.6500    33.9000     0.1500   228.7738     2.3360    -1.2857   916.6500    33.9000     0.1500   228.7738    -0.5052     1.8256   916.6500    33.9000     0.1500   228.7738     1.6709     3.2205   916.6500    33.9000     0.1500   228.7738     1.2043    -1.5829   916.6500    33.9000     0.1500   228.7738    -1.0960     1.9914   916.6500    33.9000     0.1500   228.7738    -1.0960     1.9914   916.6500    33.9000     0.1500   228.7738    -1.0960     1.9914
    9.4167     0.5000  95604.525   864.2700    34.4000     0.1700   239.0113     2.4044    -1.1013   864.2700    34.4000     0.1700   239.0113    -1.1437     1.6671   864.2700    34.4000     0.1700   239.0113     1.8598     3.8105   864.2700    34.4000     0.1700   239.0113     1.4990    -1.7377   864.2700    34.4000     0.1700   239.0113    -0.4798     2.2665   864.2700    34.4000     0.1700   239.0113    -0.3999     1.8888   864.2700    34.4000     0.1700   239.0113    -0.4798     2.2665
    9.4583     0.5000  95590.979   758.5400    35.3000     0.1800   248.9449     2.3244    -0.2578   758.5400    35.3000     0.1800   248.9449    -2.0016     1.8594   758.5400    35.3000     0.1800   248.9449     1.7367     4.3429   758.5400    35.3000     0.1800   248.9449     1.6126    -1.6937   758.5400    35.3000     0.1800   248.9449     0.7158     1.9258   758.5400    35.3000     0.1800   248.9449     0.5965     1.6048   758.5400    35.3000     0.1800   248.9449     0.7158     1.9258
    9.5000     0.5000  95550.343   614.9800    35.5000     0.2000   258.9451     1.9886     0.4210   614.9800    35.5000     0.2000   258.9451    -2.6248     1.5298   614.9800    35.5000     0.2000   258.9451     1.5446     4.8756   614.9800    35.5000     0.2000   258.9451     1.7254    -1.6427   614.9800    35.5000     0.2000   258.9451     1.4263     1.0852   614.9800    35.5000     0.2000   258.9451     1.4263     1.0852   614.9800    35.5000     0.2000   258.9451     1.4263     1.0852
    9.5417     0.5000  95526.638   432.6200    34.9000     0.2500   276.4880     1.4918     0.8694   432.6200    34.9000     0.2500   276.4880    -3.1879     1.0099   432.6200    34.9000     0.2500   276.4880     1.2827     5.4013   432.6200    34.9000     0.2500   276.4880     1.8370    -1.5846   432.6200    34.9000     0.2500   276.4880     1.5243     0.1313   432.6200    34.9000     0.2500   276.4880     1.5243     0.1313   432.6200    34.9000     0.2500   276.4880     1.5243     0.1313
    9.5833     0.5000  95553.729   243.4700    33.1000     0.2900   285.1085     1.2903     0.8621   243.4700    33.1000     0.2900   285.1085    -3.5141     0.4334   243.4700    33.1000     0.2900   285.1085     1.1317     5.3456   243.4700    33.1000     0.2900   285.1085     2.0836    -0.6601   243.4700    33.1000     0.2900   285.1085     1.1189     0.4960   243.4700    33.1000     0.2900   285.1085     1.1189     0.4960   243.4700    33.1000     0.2900   285.1085     1.1189     0.4960
    9.6250     0.5000  95577.434    19.4000    30.9000     0.2500   294.3705     1.3933     0.5771    19.4000    30.9000     0.2500   294.3705    -3.6271    -0.0890    19.4000    30.9000     0.2500   294.3705     1.1211     4.7208    19.4000    30.9000     0.2500   294.3705     1.4928     0.7286    19.4000    30.9000     0.2500   294.3705    -0.0643     0.8719    19.4000    30.9000     0.2500   294.3705    -0.0643     0.8719    19.4000    30.9000     0.2500   294.3705    -0.0643     0.8719
    9.6667     0.5000  95590.979     0.0000    29.1000     0.3200   231.8361     1.4362     0.2857     0.0000    29.1000     0.3200   231.8361    -3.6609    -0.6352     0.0000    29.1000     0.3200   231.8361     1.0807     4.1001     0.0000    29.1000     0.3200   231.8361     0.3960     1.0653     0.0000    29.1000     0.3200   231.8361    -0.5055     0.1399     0.0000    29.1000     0.3200   231.8361    -0.5055     0.1399     0.0000    29.1000     0.3200   231.8361    -0.4213     0.1166
    9.7083     0.5000  95611.298     0.0000    27.9000     0.3500   227.3403     1.4207    -0.0000     0.0000    27.9000     0.3500   227.3403    -3.6111    -1.1929     0.0000    27.9000     0.3500   227.3403     1.0105     3.4846     0.0000    27.9000     0.3500   227.3403    -0.2411     0.5625     0.0000    27.9000     0.3500   227.3403    -0.1007    -0.1430     0.0000    27.9000     0.3500   227.3403    -0.1007    -0.1430     0.0000    27.9000     0.3500   227.3403    -0.0839    -0.1191
    9.7500     0.5000  95631.616     0.0000    27.1000     0.3400   219.8816     1.4554    -0.1614     0.0000    27.1000     0.3400   219.8816    -3.0557    -1.8315     0.0000    27.1000     0.3400   219.8816     0.8502     2.8026     0.0000    27.1000     0.3400   219.8816    -0.1475     0.2681     0.0000    27.1000     0.3400   219.8816    -0.0344    -0.0558     0.0000    27.1000     0.3400   219.8816    -0.0344    -0.0558     0.0000    27.1000     0.3400   219.8816    -0.0344    -0.0558
    9.7917     0.5000  95655.321     0.0000    26.3000     0.3300   212.5130     1.5810    -0.2147     0.0000    26.3000     0.3300   212.5130    -2.0109    -2.2186     0.0000    26.3000     0.3300   212.5130     0.6218     2.0497     0.0000    26.3000     0.3300   212.5130     0.0134     0.2182     0.0000    26.3000     0.3300   212.5130    -0.1960     0.0169     0.0000    26.3000     0.3300   212.5130    -0.1960     0.0169     0.0000    26.3000     0.3300   212.5130    -0.1960     0.0169
    9.8333     0.5000  95682.412     0.0000    24.8000     0.4400   215.6085     1.7047    -0.2743     0.0000    24.8000     0.4400   215.6085    -1.0373    -2.1931     0.0000    24.8000     0.4400   215.6085     0.3934     1.2967     0.0000    24.8000     0.4400   215.6085     0.0768     0.1063     0.0000    24.8000     0.4400   215.6085    -0.1217     0.3044     0.0000    24.8000     0.4400   215.6085    -0.1217     0.3044     0.0000    24.8000     0.4400   215.6085    -0.1217     0.3044
    9.8750     0.5000  95679.025     0.0000    23.6000     0.5300   215.8613     1.8264    -0.3400     0.0000    23.6000     0.5300   215.8613    -0.2726    -1.8377     0.0000    23.6000     0.5300   215.8613     0.1650     0.5438     0.0000    23.6000     0.5300   215.8613     0.0406     0.0162     0.0000    23.6000     0.5300   215.8613     0.3040     0.3438     0.0000    23.6000     0.5300   215.8613     0.3040     0.3438     0.0000    23.6000     0.5300   215.8613     0.3040     0.3438
    9.9167     0.5000  95685.798     0.0000    22.4000     0.4600   200.2309     1.8694    -0.3480     0.0000    22.4000     0.4600   200.2309    -0.0386    -1.5732     0.0000    22.4000     0.4600   200.2309     0.0145     0.1962     0.0000    22.4000     0.4600   200.2309     0.0000     0.0000     0.0000    22.4000     0.4600   200.2309     0.4773     0.1577     0.0000    22.4000     0.4600   200.2309     0.4773     0.1577     0.0000    22.4000     0.4600   200.2309     0.3978     0.1314
    9.9583     0.5000  95675.639     0.0000    21.9000     0.5700   206.8156     1.8342    -0.2951     0.0000    21.9000     0.5700   206.8156    -0.1158    -1.5694     0.0000    21.9000     0.5700   206.8156    -0.0865     0.2243     0.0000    21.9000     0.5700   206.8156     0.0000     0.0000     0.0000    21.9000     0.5700   206.8156     0.4282     0.1652     0.0000    21.9000     0.5700   206.8156     0.4282     0.1652     0.0000    21.9000     0.5700   206.8156     0.4282     0.1652
   10.0000     0.5000  95712.889     0.0000    21.4000     0.5100   197.9085     1.7976    -0.2441     0.0000    21.4000     0.5100   197.9085    -0.1926    -1.5618     0.0000    21.4000     0.5100   197.9085    -0.2058     0.1959     0.0000    21.4000     0.5100   197.9085     0.0000     0.0000     0.0000    21.4000     0.5100   197.9085     0.3796     0.1683     0.0000    21.4000     0.5100   197.9085     0.3796     0.1683     0.0000    21.4000     0.5100   197.9085     0.3796     0.1683
   10.0417     0.5000  95723.048     0.0000    21.1000     0.5300   253.2441     1.7596    -0.1951     0.0000    21.1000     0.5300   253.2441    -0.2690    -1.5505     0.0000    21.1000     0.5300   253.2441    -0.3113     0.1028     0.0000    21.1000     0.5300   253.2441     0.0000     0.0000     0.0000    21.1000     0.5300   253.2441     0.3319     0.1671     0.0000    21.1000     0.5300   253.2441     0.3319     0.1671     0.0000    21.1000     0.5300   253.2441     0.3319     0.1671
   10.0833     0.5000  95794.163    62.0800    21.3000     0.4800   194.3711     1.7452    -0.1072    62.0800    21.3000     0.4800   194.3711    -1.0851    -1.1397    62.0800    21.3000     0.4800   194.3711    -0.4115     0.0559    62.0800    21.3000     0.4800   194.3711     0.0074     0.0206    62.0800    21.3000     0.4800   194.3711     0.3014     0.3166    62.0800    21.3000     0.4800   194.3711     0.3014     0.3166    62.0800    21.3000     0.4800   194.3711     0.2512     0.2638
   10.1250     0.5000  95828.026   264.8100    22.2000     0.4700   199.8090     1.7484     0.0215   264.8100    22.2000     0.4700   199.8090    -1.4942     0.4936   264.8100    22.2000     0.4700   199.8090    -0.5346     0.1132   264.8100    22.2000     0.4700   199.8090     0.0032     0.0655   264.8100    22.2000     0.4700   199.8090     0.0749     0.6074   264.8100    22.2000     0.4700   199.8090     0.0749     0.6074   264.8100    22.2000     0.4700   199.8090     0.0749     0.6074
   10.1667     0.5000  95844.958   453.9600    22.8000     0.4900   206.1324     1.7421     0.1500   453.9600    22.8000     0.4900   206.1324    -0.1926     1.5618   453.9600    22.8000     0.4900   206.1324    -0.6507     0.1887   453.9600    22.8000     0.4900   206.1324    -0.0221     0.0883   453.9600    22.8000     0.4900   206.1324    -0.3232     0.5705   453.9600    22.8000     0.4900   206.1324    -0.3878     0.6846   453.9600    22.8000     0.4900   206.1324    -0.3878     0.6846
   10.2083     0.5000  95848.345   629.5300    24.1000     0.4900   215.7167     1.7263     0.2778   629.5300    24.1000     0.4900   215.7167     1.3295     0.8419   629.5300    24.1000     0.4900   215.7167    -0.7580     0.2818   629.5300    24.1000     0.4900   215.7167    -0.0655     0.1094   629.5300    24.1000     0.4900   215.7167    -0.7326     0.3248   629.5300    24.1000     0.4900   215.7167    -0.8792     0.3897   629.5300    24.1000     0.4900   215.7167    -0.8792     0.3897
   10.2500     0.5000  95858.504   698.4000    26.6000     0.3800   221.7263     1.8465     0.2048   698.4000    26.6000     0.3800   221.7263     2.3161     0.0569   698.4000    26.6000     0.3800   221.7263    -0.9292     0.7626   698.4000    26.6000     0.3800   221.7263    -0.1902     0.1410   698.4000    26.6000     0.3800   221.7263    -1.4168     0.1045   698.4000    26.6000     0.3800   221.7263    -1.4168     0.1045   698.4000    26.6000     0.3800   221.7263    -1.4168     0.1045
   10.2917     0.5000  95855.118   874.9400    29.4000     0.2700   225.3928     2.0724    -0.1273   874.9400    29.4000     0.2700   225.3928     3.7927     0.2798   874.9400    29.4000     0.2700   225.3928    -0.5393     1.7778   874.9400    29.4000     0.2700   225.3928    -0.4973     0.0738   874.9400    29.4000     0.2700   225.3928    -1.8026     0.0443   874.9400    29.4000     0.2700   225.3928    -2.1631     0.0531   874.9400    29.4000     0.2700   225.3928    -2.1631     0.0531
   10.3333     0.5000  95790.776   922.4700    32.7000     0.1200   209.0340     2.2328    -0.5303   922.4700    32.7000     0.1200   209.0340     5.2494     0.6475   922.4700    32.7000     0.1200   209.0340     0.7296     2.4052   922.4700    32.7000     0.1200   209.0340    -0.6791    -0.2430   922.4700    32.7000     0.1200   209.0340    -2.4217    -0.0594   922.4700    32.7000     0.1200   209.0340    -2.9060    -0.0713   922.4700    32.7000     0.1200   209.0340    -2.9060    -0.0713
   10.3750     0.5000  95770.458   924.4100    33.4000     0.1500   225.1042     2.3102    -0.9903   924.4100    33.4000     0.1500   225.1042     6.6757     1.1583   924.4100    33.4000     0.1500   225.1042     2.4498     2.0105   924.4100    33.4000     0.1500   225.1042    -0.6311    -0.6964   924.4100    33.4000     0.1500   225.1042    -3.0334    -0.2238   924.4100    33.4000     0.1500   225.1042    -3.6401    -0.2685   924.4100    33.4000     0.1500   225.1042    -3.6401    -0.2685
   10.4167     0.5000  95756.912   871.0600    34.5000     0.1400   229.6533     2.2451    -1.1301   871.0600    34.5000     0.1400   229.6533     7.5155     1.3041   871.0600    34.5000     0.1400   229.6533     3.1724     1.8489   871.0600    34.5000     0.1400   229.6533    -1.1262    -0.5327   871.0600    34.5000     0.1400   229.6533    -3.9536     0.4384   871.0600    34.5000     0.1400   229.6533    -3.9536     0.4384   871.0600    34.5000     0.1400   229.6533    -3.9536     0.4384
   10.4583     0.5000  95736.594   769.2100    35.0000     0.1600   240.3474     2.0980    -0.9300   769.2100    35.0000     0.1600   240.3474     7.7874     0.9605   769.2100    35.0000     0.1600   240.3474     2.8086     2.8784   769.2100    35.0000     0.1600   240.3474    -1.1008     1.2146   769.2100    35.0000     0.1600   240.3474    -2.8010     1.6325   769.2100    35.0000     0.1600   240.3474    -3.3612     1.9590   769.2100    35.0000     0.1600   240.3474    -3.3612     1.9590
   10.5000     0.5000  95682.412   622.7400    35.1000     0.2000   254.4247     1.9372    -0.7473   622.7400    35.1000     0.2000   254.4247     8.0431     0.5933   622.7400    35.1000     0.2000   254.4247     2.1078     3.8295   622.7400    35.1000     0.2000   254.4247     1.0450     1.7434   622.7400    35.1000     0.2000   254.4247    -2.2278     3.0822   622.7400    35.1000     0.2000   254.4247    -1.8565     2.5685   622.7400    35.1000     0.2000   254.4247    -2.2278     3.0822
   10.5417     0.5000  95655.321   446.2000    35.1000     0.2300   270.3638     1.7640    -0.5828   446.2000    35.1000     0.2300   270.3638     8.2810     0.2033   446.2000    35.1000     0.2300   270.3638     1.0908     4.5932   446.2000    35.1000     0.2300   270.3638     2.3533    -0.5895   446.2000    35.1000     0.2300   270.3638    -0.7695     3.6350   446.2000    35.1000     0.2300   270.3638    -0.6413     3.0292   446.2000    35.1000     0.2300   270.3638    -0.7695     3.6350
   10.5833     0.5000  95658.707   253.1700    33.6000     0.2500   277.4769     1.6583    -0.4809   253.1700    33.6000     0.2500   277.4769     7.0534     3.1265   253.1700    33.6000     0.2500   277.4769     0.4107     4.7689   253.1700    33.6000     0.2500   277.4769     1.7663    -1.9975   253.1700    33.6000     0.2500   277.4769     0.6439     3.2369   253.1700    33.6000     0.2500   277.4769     0.5365     2.6974   253.1700    33.6000     0.2500   277.4769     0.6439     3.2369
   10.6250     0.5000  95706.116    17.4600    31.1000     0.2600   298.5362     1.6274    -0.4289    17.4600    31.1000     0.2600   298.5362     1.9951     6.0392    17.4600    31.1000     0.2600   298.5362     0.2801     4.5594    17.4600    31.1000     0.2600   298.5362     1.9710    -1.9233    17.4600    31.1000     0.2600   298.5362     1.4207     2.1262    17.4600    31.1000     0.2600   298.5362     1.1839     1.7719    17.4600    31.1000     0.2600   298.5362     1.4207     2.1262
   10.6667     0.5000  95726.435     0.0000    29.2000     0.2900   227.5342     1.5949    -0.3788     0.0000    29.2000     0.2900   227.5342    -2.4670     4.3549     0.0000    29.2000     0.2900   227.5342     0.1601     4.3465     0.0000    29.2000     0.2900   227.5342     2.1741    -1.8293     0.0000    29.2000     0.2900   227.5342     1.5083     1.0078     0.0000    29.2000     0.2900   227.5342     1.5083     1.0078     0.0000    29.2000     0.2900   227.5342     1.5083     1.0078
   10.7083     0.5000  95790.776     0.0000    28.4000     0.3100   224.9276     1.5609    -0.3304     0.0000    28.4000     0.3100   224.9276    -3.5613     0.7997     0.0000    28.4000     0.3100   224.9276     0.0507     4.1305     0.0000    28.4000     0.3100   224.9276     2.3736    -1.7157     0.0000    28.4000     0.3100   224.9276     1.0504     0.2089     0.0000    28.4000     0.3100   224.9276     1.0504     0.2089     0.0000    28.4000     0.3100   224.9276     1.0504     0.2089
   10.7500     0.5000  95794.163     0.0000    27.2000     0.3400   220.6251     1.6207    -0.3639     0.0000    27.2000     0.3400   220.6251    -2.5734    -0.8501     0.0000    27.2000     0.3400   220.6251    -0.1748     3.5583     0.0000    27.2000     0.3400   220.6251     2.4159    -1.1791     0.0000    27.2000     0.3400   220.6251     0.6555    -0.0161     0.0000    27.2000     0.3400   220.6251     0.6555    -0.0161     0.0000    27.2000     0.3400   220.6251     0.6555    -0.0161
   10.7917     0.5000  95811.095     0.0000    26.0000     0.3800   217.2560     1.7694    -0.4897     0.0000    26.0000     0.3800   217.2560    -1.8465    -1.1693     0.0000    26.0000     0.3800   217.2560    -0.3880     2.6160     0.0000    26.0000     0.3800   217.2560     2.0842    -0.3881     0.0000    26.0000     0.3800   217.2560     0.5667    -0.0418     0.0000    26.0000     0.3800   217.2560     0.5667    -0.0418     0.0000    26.0000     0.3800   217.2560     0.5667    -0.0418
   10.8333     0.5000  95790.776     0.0000    24.2000     0.4600   213.3497     1.9093    -0.6307     0.0000    24.2000     0.4600   213.3497    -1.1454    -1.2030     0.0000    24.2000     0.4600   213.3497    -0.4195     1.6749     0.0000    24.2000     0.4600   213.3497     1.5461     0.1331     0.0000    24.2000     0.4600   213.3497     0.4772    -0.0589     0.0000    24.2000     0.4600   213.3497     0.4772    -0.0589     0.0000    24.2000     0.4600   213.3497     0.4772    -0.0589
   10.8750     0.5000  95780.617     0.0000    22.0000     0.5200   203.1524     2.0392    -0.7866     0.0000    22.0000     0.5200   203.1524    -0.5602    -0.9889     0.0000    22.0000     0.5200   203.1524    -0.2724     0.7614     0.0000    22.0000     0.5200   203.1524     0.9219     0.3427     0.0000    22.0000     0.5200   203.1524     0.3876    -0.0673     0.0000    22.0000     0.5200   203.1524     0.3876    -0.0673     0.0000    22.0000     0.5200   203.1524     0.3876    -0.0673
   10.9167     0.5000  95780.617     0.0000    21.8000     0.5600   205.2334     1.9482    -0.7791     0.0000    21.8000     0.5600   205.2334    -0.3617    -0.8437     0.0000    21.8000     0.5600   205.2334    -0.1831     0.3233     0.0000    21.8000     0.5600   205.2334     0.7375     0.2741     0.0000    21.8000     0.5600   205.2334     0.3868    -0.0720     0.0000    21.8000     0.5600   205.2334     0.3868    -0.0720     0.0000    21.8000     0.5600   205.2334     0.3868    -0.0720
   10.9583     0.5000  95784.003     0.0000    21.6000     0.5100   199.3440     1.6389    -0.6092     0.0000    21.6000     0.5100   199.3440    -0.4187    -0.9141     0.0000    21.6000     0.5100   199.3440    -0.2863     0.3008     0.0000    21.6000     0.5100   199.3440     0.9581     0.0825     0.0000    21.6000     0.5100   199.3440     0.4747    -0.0764     0.0000    21.6000     0.5100   199.3440     0.4747    -0.0764     0.0000    21.6000     0.5100   199.3440     0.4747    -0.0764
   11.0000     0.5000  95848.345     0.0000    20.8000     0.5100   193.6305     1.3227    -0.4550     0.0000    20.8000     0.5100   193.6305    -0.4793    -0.9821     0.0000    20.8000     0.5100   193.6305    -0.3878     0.2456     0.0000    20.8000     0.5100   193.6305     1.1173    -0.2080     0.0000    20.8000     0.5100   193.6305     0.5631    -0.0765     0.0000    20.8000     0.5100   193.6305     0.5631    -0.0765     0.0000    20.8000     0.5100   193.6305     0.5631    -0.0765
   11.0417     0.5000  95899.141     0.0000    19.5000     0.6100   247.5078     1.0001    -0.3168     0.0000    19.5000     0.6100   247.5078    -0.5435    -1.0476     0.0000    19.5000     0.6100   247.5078    -0.4773     0.1577     0.0000    19.5000     0.6100   247.5078     1.1785    -0.5752     0.0000    19.5000     0.6100   247.5078     0.6517    -0.0723     0.0000    19.5000     0.6100   247.5078     0.6517    -0.0723     0.0000    19.5000     0.6100   247.5078     0.6517    -0.0723
   11.0833     0.5000  95936.391    63.0500    20.6000     0.5600   196.5478     0.8648    -0.1283    63.0500    20.6000     0.5600   196.5478    -0.8021    -0.9533    63.0500    20.6000     0.5600   196.5478    -0.6226     0.2057    63.0500    20.6000     0.5600   196.5478     1.4317    -0.1766    63.0500    20.6000     0.5600   196.5478     0.7103     0.2840    63.0500    20.6000     0.5600   196.5478     0.7103     0.2840    63.0500    20.6000     0.5600   196.5478     0.7103     0.2840
   11.1250     0.5000  95973.641   263.8400    21.2000     0.5000   195.5554     0.8648     0.1283   263.8400    21.2000     0.5000   195.5554    -1.1589    -0.5656   263.8400    21.2000     0.5000   195.5554    -0.7755     0.4911   263.8400    21.2000     0.5000   195.5554     1.0550     1.1081   263.8400    21.2000     0.5000   195.5554     0.2071     0.8719   263.8400    21.2000     0.5000   195.5554     0.2071     0.8719   263.8400    21.2000     0.5000   195.5554     0.1725     0.7265
   11.1667     0.5000  95987.187   453.9600    22.3000     0.5200   205.3353     0.7903     0.3738   453.9600    22.3000     0.5200   205.3353    -1.3323    -0.0491   453.9600    22.3000     0.5200   205.3353    -0.6782     0.7123   453.9600    22.3000     0.5200   205.3353    -0.2765     1.5936   453.9600    22.3000     0.5200   205.3353    -0.6805     0.7695   453.9600    22.3000     0.5200   205.3353    -0.6805     0.7695   453.9600    22.3000     0.5200   205.3353    -0.5671     0.6413
   11.2083     0.5000  96017.664   625.6500    24.9000     0.3700   207.8839     0.6478     0.5871   625.6500    24.9000     0.3700   207.8839    -1.2785     0.5113   625.6500    24.9000     0.3700   207.8839    -0.7110     1.2551   625.6500    24.9000     0.3700   207.8839    -1.5228     0.7665   625.6500    24.9000     0.3700   207.8839    -1.1513    -0.1277   625.6500    24.9000     0.3700   207.8839    -1.1513    -0.1277   625.6500    24.9000     0.3700   207.8839    -1.1513    -0.1277
   11.2500     0.5000  96041.369   670.2700    26.8000     0.3300   216.1788     0.7449     0.6752   670.2700    26.8000     0.3300   216.1788    -1.3111     1.6381   670.2700    26.8000     0.3300   216.1788    -0.4568     1.7330   670.2700    26.8000     0.3300   216.1788    -1.8883     1.1005   670.2700    26.8000     0.3300   216.1788    -1.0701    -0.6236   670.2700    26.8000     0.3300   216.1788    -1.2841    -0.7484   670.2700    26.8000     0.3300   216.1788    -1.2841    -0.7484
   11.2917     0.5000  96010.891   874.9400    29.7000     0.2800   229.4992     1.1460     0.5420   874.9400    29.7000     0.2800   229.4992    -0.2144     3.4904   874.9400    29.7000     0.2800   229.4992     0.0274     2.2292   874.9400    29.7000     0.2800   229.4992     0.0375     3.0597   874.9400    29.7000     0.2800   229.4992    -1.8481    -0.7922   874.9400    29.7000     0.2800   229.4992    -1.8481    -0.7922   874.9400    29.7000     0.2800   229.4992    -1.8481    -0.7922
   11.3333     0.5000  95970.255   929.2600    32.4000     0.2000   232.4442     1.5134     0.2245   929.2600    32.4000     0.2000   232.4442     2.5683     4.1681   929.2600    32.4000     0.2000   232.4442     0.7427     2.5610   929.2600    32.4000     0.2000   232.4442     3.4466     1.8970   929.2600    32.4000     0.2000   232.4442    -2.0292    -0.5884   929.2600    32.4000     0.2000   232.4442    -2.4350    -0.7061   929.2600    32.4000     0.2000   232.4442    -2.4350    -0.7061
   11.3750     0.5000  95946.550   925.3800    33.7000     0.1700   233.7484     1.7728    -0.2630   925.3800    33.7000     0.1700   233.7484     5.7855     2.4800   925.3800    33.7000     0.1700   233.7484     1.6281     2.6423   925.3800    33.7000     0.1700   233.7484     4.0936    -2.5224   925.3800    33.7000     0.1700   233.7484    -2.5175    -0.4051   925.3800    33.7000     0.1700   233.7484    -3.0210    -0.4861   925.3800    33.7000     0.1700   233.7484    -3.0210    -0.4861
   11.4167     0.5000  95909.300   865.2400    35.6000     0.1200   229.8132     1.8263    -0.5296   865.2400    35.6000     0.1200   229.8132     7.1207     0.6132   865.2400    35.6000     0.1200   229.8132     2.0311     2.7386   865.2400    35.6000     0.1200   229.8132     2.4993    -4.4119   865.2400    35.6000     0.1200   229.8132    -2.6227     0.6228   865.2400    35.6000     0.1200   229.8132    -3.1472     0.7474   865.2400    35.6000     0.1200   229.8132    -3.1472     0.7474
   11.4583     0.5000  95878.822   767.2700    35.8000     0.1800   252.8249     1.7964    -0.4735   767.2700    35.8000     0.1800   252.8249     7.4390     0.4570   767.2700    35.8000     0.1800   252.8249     1.8428     3.0745   767.2700    35.8000     0.1800   252.8249     2.5257    -3.9885   767.2700    35.8000     0.1800   252.8249    -1.5933     1.9908   767.2700    35.8000     0.1800   252.8249    -1.9120     2.3890   767.2700    35.8000     0.1800   252.8249    -1.9120     2.3890
   11.5000     0.5000  95858.504   619.8300    36.8000     0.1800   262.2827     1.7650    -0.4192   619.8300    36.8000     0.1800   262.2827     7.7537     0.2856   619.8300    36.8000     0.1800   262.2827     1.6073     3.3984   619.8300    36.8000     0.1800   262.2827     2.5170    -3.5739   619.8300    36.8000     0.1800   262.2827    -0.0354     2.8848   619.8300    36.8000     0.1800   262.2827    -0.0295     2.4040   619.8300    36.8000     0.1800   262.2827    -0.0354     2.8848
   11.5417     0.5000  95814.481   434.5600    36.1000     0.2400   283.2523     1.7320    -0.3667   434.5600    36.1000     0.2400   283.2523     8.0644     0.0990   434.5600    36.1000     0.2400   283.2523     1.3254     3.7042   434.5600    36.1000     0.2400   283.2523     2.4742    -3.1704   434.5600    36.1000     0.2400   283.2523     1.6410     2.1569   434.5600    36.1000     0.2400   283.2523     1.3675     1.7974   434.5600    36.1000     0.2400   283.2523     1.6410     2.1569
   11.5833     0.5000  95824.640   250.2600    33.7000     0.3300   295.3605     1.7320    -0.3667   250.2600    33.7000     0.3300   295.3605     7.0940     3.2493   250.2600    33.7000     0.3300   295.3605     1.1881     3.7504   250.2600    33.7000     0.3300   295.3605     2.6902    -2.4991   250.2600    33.7000     0.3300   295.3605     1.8612     1.4161   250.2600    33.7000     0.3300   295.3605     1.8612     1.4161   250.2600    33.7000     0.3300   295.3605     1.8612     1.4161
   11.6250     0.5000  95838.186    16.4900    32.1000     0.2400   302.5545     1.7650    -0.4192    16.4900    32.1000     0.2400   302.5545     1.9419     6.6963    16.4900    32.1000     0.2400   302.5545     1.2229     3.5548    16.4900    32.1000     0.2400   302.5545     2.9489    -1.5300    16.4900    32.1000     0.2400   302.5545     1.2671     1.2364    16.4900    32.1000     0.2400   302.5545     1.2671     1.2364    16.4900    32.1000     0.2400   302.5545     1.2671     1.2364
   11.6667     0.5000  95824.640     0.0000    30.3000     0.2900   235.8719     1.7964    -0.4735     0.0000    30.3000     0.2900   235.8719    -3.3492     5.1481     0.0000    30.3000     0.2900   235.8719     1.2489     3.3598     0.0000    30.3000     0.2900   235.8719     2.9080    -0.6156     0.0000    30.3000     0.2900   235.8719     0.7511     0.9385     0.0000    30.3000     0.2900   235.8719     0.7511     0.9385     0.0000    30.3000     0.2900   235.8719     0.7511     0.9385
   11.7083     0.5000  95865.277     0.0000    29.1000     0.2600   221.2612     1.8263    -0.5296     0.0000    29.1000     0.2600   221.2612    -5.2628     0.7148     0.0000    29.1000     0.2600   221.2612     1.2660     3.1658     0.0000    29.1000     0.2600   221.2612     2.6178     0.1608     0.0000    29.1000     0.2600   221.2612     0.3325     0.5396     0.0000    29.1000     0.2600   221.2612     0.3325     0.5396     0.0000    29.1000     0.2600   221.2612     0.3325     0.5396
   11.7500     0.5000  95838.186     0.0000    28.1000     0.2700   215.7947     1.8885    -0.6239     0.0000    28.1000     0.2700   215.7947    -4.0462    -1.9748     0.0000    28.1000     0.2700   215.7947     0.6818     2.8708     0.0000    28.1000     0.2700   215.7947     2.0820     1.0162     0.0000    28.1000     0.2700   215.7947     0.1581     0.2872     0.0000    28.1000     0.2700   215.7947     0.1581     0.2872     0.0000    28.1000     0.2700   215.7947     0.1581     0.2872
   11.7917     0.5000  95807.708     0.0000    26.9000     0.2700   207.1121     1.9780    -0.7630     0.0000    26.9000     0.2700   207.1121    -2.6593    -2.5949     0.0000    26.9000     0.2700   207.1121    -0.1894     2.1993     0.0000    26.9000     0.2700   207.1121     1.1623     1.6941     0.0000    26.9000     0.2700   207.1121     0.1431     0.2455     0.0000    26.9000     0.2700   207.1121     0.1431     0.2455     0.0000    26.9000     0.2700   207.1121     0.1192     0.2046
   11.8333     0.5000  95804.322     0.0000    26.2000     0.3100   208.7445     2.0581    -0.9123     0.0000    26.2000     0.3100   208.7445    -1.3488    -2.5997     0.0000    26.2000     0.3100   208.7445    -0.5770     1.3459     0.0000    26.2000     0.3100   208.7445     0.1281     1.4880     0.0000    26.2000     0.3100   208.7445     0.1261     0.2047     0.0000    26.2000     0.3100   208.7445     0.1261     0.2047     0.0000    26.2000     0.3100   208.7445     0.1261     0.2047
   11.8750     0.5000  95787.390     0.0000    24.8000     0.4000   210.9349     2.1280    -1.0711     0.0000    24.8000     0.4000   210.9349    -0.3403    -2.1147     0.0000    24.8000     0.4000   210.9349    -0.4778     0.5403     0.0000    24.8000     0.4000   210.9349    -0.6371     1.3910     0.0000    24.8000     0.4000   210.9349     0.1073     0.1649     0.0000    24.8000     0.4000   210.9349     0.1073     0.1649     0.0000    24.8000     0.4000   210.9349     0.1073     0.1649
   11.9167     0.5000  95773.844     0.0000    24.4000     0.3300   198.8530     2.0565    -1.0670     0.0000    24.4000     0.3300   198.8530    -0.0418    -1.7043     0.0000    24.4000     0.3300   198.8530    -0.2083     0.2242     0.0000    24.4000     0.3300   198.8530    -0.3792     1.1023     0.0000    24.4000     0.3300   198.8530     0.1030     0.1928     0.0000    24.4000     0.3300   198.8530     0.1030     0.1928     0.0000    24.4000     0.3300   198.8530     0.0859     0.1606
   11.9583     0.5000  95767.071     0.0000    22.6000     0.4600   201.6692     1.8463    -0.9011     0.0000    22.6000     0.4600   201.6692    -0.1190    -1.6130     0.0000    22.6000     0.4600   201.6692    -0.1007     0.1940     0.0000    22.6000     0.4600   201.6692     0.4328     1.0823     0.0000    22.6000     0.4600   201.6692     0.0888     0.2928     0.0000    22.6000     0.4600   201.6692     0.0888     0.2928     0.0000    22.6000     0.4600   201.6692     0.0888     0.2928
   12.0000     0.5000  95746.753     0.0000    20.9000     0.4500   188.5930     1.6294    -0.7463     0.0000    20.9000     0.4500   188.5930    -0.1873    -1.5184     0.0000    20.9000     0.4500   188.5930    -0.0272     0.1283     0.0000    20.9000     0.4500   188.5930     1.2416     0.6442     0.0000    20.9000     0.4500   188.5930     0.0386     0.3915     0.0000    20.9000     0.4500   188.5930     0.0386     0.3915     0.0000    20.9000     0.4500   188.5930     0.0386     0.3915
   12.0417     0.5000  95756.912     0.0000    21.4000     0.4700   249.2025     1.4062    -0.6028     0.0000    21.4000     0.4700   249.2025    -0.2466    -1.4213     0.0000    21.4000     0.4700   249.2025     0.0027     0.0436     0.0000    21.4000     0.4700   249.2025     1.3610    -0.3232     0.0000    21.4000     0.4700   249.2025    -0.0471     0.4785     0.0000    21.4000     0.4700   249.2025    -0.0471     0.4785     0.0000    21.4000     0.4700   249.2025    -0.0393     0.3988
   12.0833     0.5000  95797.549    61.1100    21.8000     0.5600   205.2334     1.3931    -0.5178    61.1100    21.8000     0.5600   205.2334    -0.9090    -1.2577    61.1100    21.8000     0.5600   205.2334     0.0556     0.2339    61.1100    21.8000     0.5600   205.2334     1.4942    -0.4936    61.1100    21.8000     0.5600   205.2334    -0.2030     0.6693    61.1100    21.8000     0.5600   205.2334    -0.2030     0.6693    61.1100    21.8000     0.5600   205.2334    -0.2030     0.6693
   12.1250     0.5000  95855.118   263.8400    22.7000     0.5300   209.1846     1.5954    -0.4626   263.8400    22.7000     0.5300   209.1846    -1.8509    -0.1594   263.8400    22.7000     0.5300   209.1846     0.2178     0.6876   263.8400    22.7000     0.5300   209.1846     1.8766     0.4214   263.8400    22.7000     0.5300   209.1846    -0.4121     0.7710   263.8400    22.7000     0.5300   209.1846    -0.4945     0.9252   263.8400    22.7000     0.5300   209.1846    -0.4945     0.9252
   12.1667     0.5000  95861.890   451.0500    23.3000     0.5600   216.3380     1.7961    -0.3802   451.0500    23.3000     0.5600   216.3380    -1.5487     1.5111   451.0500    23.3000     0.5600   216.3380     0.4464     1.1162   451.0500    23.3000     0.5600   216.3380     1.6463     1.5674   451.0500    23.3000     0.5600   216.3380    -0.7395     0.9011   451.0500    23.3000     0.5600   216.3380    -0.8874     1.0813   451.0500    23.3000     0.5600   216.3380    -0.8874     1.0813
   12.2083     0.5000  95841.572   626.6200    25.4000     0.4100   216.5708     1.9925    -0.2706   626.6200    25.4000     0.4100   216.5708     0.1514     2.4651   626.6200    25.4000     0.4100   216.5708     0.7382     1.5124   626.6200    25.4000     0.4100   216.5708     0.6995     2.5277   626.6200    25.4000     0.4100   216.5708    -1.1263     0.9244   626.6200    25.4000     0.4100   216.5708    -1.3516     1.1092   626.6200    25.4000     0.4100   216.5708    -1.3516     1.1092
   12.2500     0.5000  95838.186   682.8800    28.2000     0.3300   226.6031     2.5784    -0.4801   682.8800    28.2000     0.3300   226.6031     1.9333     2.6748   682.8800    28.2000     0.3300   226.6031     1.1124     1.8559   682.8800    28.2000     0.3300   226.6031     1.0665     3.1001   682.8800    28.2000     0.3300   226.6031    -1.4317     1.5038   682.8800    28.2000     0.3300   226.6031    -1.4317     1.5038   682.8800    28.2000     0.3300   226.6031    -1.4317     1.5038
   12.2917     0.5000  95821.254   877.8500    30.4000     0.2600   230.9624     3.4418    -1.2793   877.8500    30.4000     0.2600   230.9624     3.6346     2.9090   877.8500    30.4000     0.2600   230.9624     1.5754     2.1242   877.8500    30.4000     0.2600   230.9624     3.5542     2.3122   877.8500    30.4000     0.2600   230.9624    -0.7473     2.2621   877.8500    30.4000     0.2600   230.9624    -0.7473     2.2621   877.8500    30.4000     0.2600   230.9624    -0.7473     2.2621
   12.3333     0.5000  95767.071   902.7467    29.8000     0.5300   264.6339     4.0788    -2.3772   902.7467    29.8000     0.5300   264.6339     5.5243     2.3681   902.7467    29.8000     0.5300   264.6339     2.0989     2.3158   902.7467    29.8000     0.5300   264.6339     5.1826    -0.4463   902.7467    29.8000     0.5300   264.6339     0.3291     2.6681   902.7467    29.8000     0.5300   264.6339     0.3291     2.6681   902.7467    29.8000     0.5300   264.6339     0.3291     2.6681
   12.3750     0.5000  95719.662   908.5667    32.2000     0.3200   256.0131     4.4151    -3.7149   908.5667    32.2000     0.3200   256.0131     7.2986     0.9913   908.5667    32.2000     0.3200   256.0131     2.6721     2.4218   908.5667    32.2000     0.3200   256.0131     4.5157    -4.1949   908.5667    32.2000     0.3200   256.0131     1.6020     2.5298   908.5667    32.2000     0.3200   256.0131     1.6020     2.5298   908.5667    32.2000     0.3200   256.0131     1.6020     2.5298
   12.4167     0.5000  95658.707   861.0367    32.9000     0.3500   266.6849     5.0228    -5.0228   861.0367    32.9000     0.3500   266.6849     8.0868     0.0000   861.0367    32.9000     0.3500   266.6849     1.7611     4.4037   861.0367    32.9000     0.3500   266.6849     3.0096    -5.8008   861.0367    32.9000     0.3500   266.6849     2.7298     1.7759   861.0367    32.9000     0.3500   266.6849     2.7298     1.7759   861.0367    32.9000     0.3500   266.6849     2.2748     1.4799
   12.4583     0.5000  95628.230   756.1150    32.3000     0.4100   270.7528     6.1664    -6.1664   756.1150    32.3000     0.4100   270.7528     8.1743     0.0000   756.1150    32.3000     0.4100   270.7528    -3.8282     5.2964   756.1150    32.3000     0.4100   270.7528     2.7705    -5.6765   756.1150    32.3000     0.4100   270.7528     3.4310     0.5521   756.1150    32.3000     0.4100   270.7528     3.4310     0.5521   756.1150    32.3000     0.4100   270.7528     3.4310     0.5521
   12.5000     0.5000  95594.366   622.7400    30.8000     0.5200   272.8665     7.3101    -7.3101   622.7400    30.8000     0.5200   272.8665     8.2617     0.0000   622.7400    30.8000     0.5200   272.8665    -8.3116    -0.5106   622.7400    30.8000     0.5200   272.8665     2.5393    -5.5440   622.7400    30.8000     0.5200   272.8665     3.5717    -0.9414   622.7400    30.8000     0.5200   272.8665     3.5717    -0.9414   622.7400    30.8000     0.5200   272.8665     3.5717    -0.9414
   12.5417     0.5000  95601.138   452.1817    30.2000     0.5000   272.5374     8.4537    -8.4537   452.1817    30.2000     0.5000   272.5374     8.3491     0.0000   452.1817    30.2000     0.5000   272.5374    -4.8794    -8.8654   452.1817    30.2000     0.5000   272.5374     2.3164    -5.4038   452.1817    30.2000     0.5000   272.5374     3.0545    -2.4446   452.1817    30.2000     0.5000   272.5374     3.0545    -2.4446   452.1817    30.2000     0.5000   272.5374     3.0545    -2.4446
   12.5833     0.5000  95594.366   265.1333    29.1000     0.5600   282.0934     9.3997    -8.7319   265.1333    29.1000     0.5600   282.0934     6.7214     4.2563   265.1333    29.1000     0.5600   282.0934    -0.0000   -10.4036   265.1333    29.1000     0.5600   282.0934     4.0216    -3.4691   265.1333    29.1000     0.5600   282.0934     2.3217    -2.9009   265.1333    29.1000     0.5600   282.0934     2.3217    -2.9009   265.1333    29.1000     0.5600   282.0934     1.9348    -2.4174
   12.6250     0.5000  95638.389    39.2850    29.5000     0.3300   298.8006    10.1190    -8.0987    39.2850    29.5000     0.3300   298.8006    -0.8668     7.0282    39.2850    29.5000     0.3300   298.8006    -0.0000    -9.1796    39.2850    29.5000     0.3300   298.8006     4.2864     0.9625    39.2850    29.5000     0.3300   298.8006     1.8793    -2.4700    39.2850    29.5000     0.3300   298.8006     1.8793    -2.4700    39.2850    29.5000     0.3300   298.8006     1.5661    -2.0583
   12.6667     0.5000  95631.616     0.0000    27.7000     0.3100   279.1673    10.7955    -7.4065     0.0000    27.7000     0.3100   279.1673    -5.8939     1.9471     0.0000    27.7000     0.3100   279.1673    -0.0000    -7.9557     0.0000    27.7000     0.3100   279.1673     1.4083     3.1770     0.0000    27.7000     0.3100   279.1673     1.4596    -2.0193     0.0000    27.7000     0.3100   279.1673     1.4596    -2.0193     0.0000    27.7000     0.3100   279.1673     1.4596    -2.0193
   12.7083     0.5000  95638.389     0.0000    26.2000     0.3200   210.2843    11.4244    -6.6583     0.0000    26.2000     0.3200   210.2843    -3.6773    -3.8624     0.0000    26.2000     0.3200   210.2843    -0.0000    -6.7317     0.0000    26.2000     0.3200   210.2843    -1.0504     1.8541     0.0000    26.2000     0.3200   210.2843     1.0634    -1.5499     0.0000    26.2000     0.3200   210.2843     1.0634    -1.5499     0.0000    26.2000     0.3200   210.2843     0.8861    -1.2916
   12.7500     0.5000  95655.321     0.0000    25.9000     0.3600   213.8492    10.7737    -6.6386     0.0000    25.9000     0.3600   213.8492    -1.0547    -4.9821     0.0000    25.9000     0.3600   213.8492    -3.1530    -5.1171     0.0000    25.9000     0.3600   213.8492    -1.3922     1.3585     0.0000    25.9000     0.3600   213.8492     0.9279    -1.0757     0.0000    25.9000     0.3600   213.8492     0.9279    -1.0757     0.0000    25.9000     0.3600   213.8492     0.9279    -1.0757
   12.7917     0.5000  95628.230     0.0000    25.6000     0.4200   219.2578     8.8904    -7.1154     0.0000    25.6000     0.4200   219.2578    -1.2676    -5.3375     0.0000    25.6000     0.4200   219.2578    -4.8088     0.4141     0.0000    25.6000     0.4200   219.2578    -0.5689     1.2419     0.0000    25.6000     0.4200   219.2578     0.9113    -0.6418     0.0000    25.6000     0.4200   219.2578     0.9113    -0.6418     0.0000    25.6000     0.4200   219.2578     0.7594    -0.5349
   12.8333     0.5000  95590.979     0.0000    24.6000     0.4800   218.4303     7.0672    -7.2428     0.0000    24.6000     0.4800   218.4303    -1.4984    -5.6852     0.0000    24.6000     0.4800   218.4303    -2.0695     5.1749     0.0000    24.6000     0.4800   218.4303    -0.0681     1.1089     0.0000    24.6000     0.4800   218.4303     0.7545    -0.2910     0.0000    24.6000     0.4800   218.4303     0.7545    -0.2910     0.0000    24.6000     0.4800   218.4303     0.7545    -0.2910
   12.8750     0.5000  95574.047     0.0000    24.3000     0.4400   211.9120     5.3599    -7.0446     0.0000    24.3000     0.4400   211.9120    -1.7471    -6.0245     0.0000    24.3000     0.4400   211.9120     3.5471     4.0115     0.0000    24.3000     0.4400   211.9120     0.3102     0.9793     0.0000    24.3000     0.4400   211.9120     0.4989    -0.0615     0.0000    24.3000     0.4400   211.9120     0.4989    -0.0615     0.0000    24.3000     0.4400   211.9120     0.4989    -0.0615
   12.9167     0.5000  95574.047     0.0000    23.1000     0.4400   203.1639     4.5558    -6.4687     0.0000    23.1000     0.4400   203.1639    -1.6876    -5.5634     0.0000    23.1000     0.4400   203.1639     4.8131     1.5248     0.0000    23.1000     0.4400   203.1639     0.4706     0.6031     0.0000    23.1000     0.4400   203.1639     0.3931    -0.0145     0.0000    23.1000     0.4400   203.1639     0.3931    -0.0145     0.0000    23.1000     0.4400   203.1639     0.3931    -0.0145
   12.9583     0.5000  95597.752     0.0000    22.4000     0.4800   202.2447     4.4912    -5.7549     0.0000    22.4000     0.4800   202.2447    -1.3070    -4.3085     0.0000    22.4000     0.4800   202.2447     4.4022     1.5144     0.0000    22.4000     0.4800   202.2447     0.4616     0.2923     0.0000    22.4000     0.4800   202.2447     0.4779    -0.0530     0.0000    22.4000     0.4800   202.2447     0.4779    -0.0530     0.0000    22.4000     0.4800   202.2447     0.4779    -0.0530
   13.0000     0.5000  95587.593     0.0000    22.1000     0.5000   202.0135     4.3684    -5.0642     0.0000    22.1000     0.5000   202.0135    -0.9263    -3.0536     0.0000    22.1000     0.5000   202.0135     3.9949     1.4850     0.0000    22.1000     0.5000   202.0135     0.3199     0.0718     0.0000    22.1000     0.5000   202.0135     0.5587    -0.1040     0.0000    22.1000     0.5000   202.0135     0.5587    -0.1040     0.0000    22.1000     0.5000   202.0135     0.5587    -0.1040
   13.0417     0.5000  95614.684     0.0000    21.6000     0.4000   242.1890     4.1897    -4.4006     0.0000    21.6000     0.4000   242.1890    -0.5456    -1.7987     0.0000    21.6000     0.4000   242.1890     3.5920     1.4365     0.0000    21.6000     0.4000   242.1890     0.1085    -0.0134     0.0000    21.6000     0.4000   242.1890     0.6340    -0.1671     0.0000    21.6000     0.4000   242.1890     0.6340    -0.1671     0.0000    21.6000     0.4000   242.1890     0.6340    -0.1671
   13.0833     0.5000  95624.843    37.5875    22.1000     0.4700   221.0130     4.3891    -4.3891    37.5875    22.1000     0.4700   221.0130    -1.4092    -1.3090    37.5875    22.1000     0.4700   221.0130     3.3175     1.7212    37.5875    22.1000     0.4700   221.0130     0.0217    -0.0027    37.5875    22.1000     0.4700   221.0130     0.7999     0.1187    37.5875    22.1000     0.4700   221.0130     0.7999     0.1187    37.5875    22.1000     0.4700   221.0130     0.7999     0.1187
   13.1250     0.5000  95641.775   222.6150    21.8000     0.6400   211.6893     5.0073    -5.0073   222.6150    21.8000     0.6400   211.6893    -3.1670     1.0033   222.6150    21.8000     0.6400   211.6893     3.0787     2.3425   222.6150    21.8000     0.6400   211.6893     0.0640     0.0144   222.6150    21.8000     0.6400   211.6893     0.5281     0.8811   222.6150    21.8000     0.6400   211.6893     0.5281     0.8811   222.6150    21.8000     0.6400   211.6893     0.5281     0.8811
   13.1667     0.5000  95665.480   362.0525    22.2000     0.6600   221.4964     5.6255    -5.6255   362.0525    22.2000     0.6600   221.4964    -0.9778     4.6186   362.0525    22.2000     0.6600   221.4964     2.7222     2.9304   362.0525    22.2000     0.6600   221.4964     0.0923     0.0585   362.0525    22.2000     0.6600   221.4964    -0.4197     1.1730   362.0525    22.2000     0.6600   221.4964    -0.4197     1.1730   362.0525    22.2000     0.6600   221.4964    -0.3498     0.9775
   13.2083     0.5000  95672.253   551.4450    24.3000     0.4800   216.1884     6.2437    -6.2437   551.4450    24.3000     0.4800   216.1884     4.5845     4.0538   551.4450    24.3000     0.4800   216.1884     2.2527     3.4626   551.4450    24.3000     0.4800   216.1884     0.0941     0.1206   551.4450    24.3000     0.4800   216.1884    -1.1490     0.4111   551.4450    24.3000     0.4800   216.1884    -1.3788     0.4933   551.4450    24.3000     0.4800   216.1884    -1.3788     0.4933
   13.2500     0.5000  95679.025   720.7100    26.2000     0.3200   210.2843     6.2437    -6.2437   720.7100    26.2000     0.3200   210.2843     6.9557     1.2069   720.7100    26.2000     0.3200   210.2843     2.2136     3.6931   720.7100    26.2000     0.3200   210.2843     0.0698     0.2301   720.7100    26.2000     0.3200   210.2843    -1.7480     0.0429   720.7100    26.2000     0.3200   210.2843    -1.7480     0.0429   720.7100    26.2000     0.3200   210.2843    -1.7480     0.0429
   13.2917     0.5000  95665.480   829.1075    27.5000     0.4000   231.1508     5.6255    -5.6255   829.1075    27.5000     0.4000   231.1508     7.4837     0.9230   829.1075    27.5000     0.4000   231.1508     2.6951     3.6339   829.1075    27.5000     0.4000   231.1508    -0.0364     0.3698   829.1075    27.5000     0.4000   231.1508    -1.6852     0.4663   829.1075    27.5000     0.4000   231.1508    -2.0222     0.5596   829.1075    27.5000     0.4000   231.1508    -2.0222     0.5596
   13.3333     0.5000  95618.070   887.3075    29.2000     0.3600   238.7498     5.0073    -5.0073   887.3075    29.2000     0.3600   238.7498     7.9995     0.5901   887.3075    29.2000     0.3600   238.7498     3.1851     3.5142   887.3075    29.2000     0.3600   238.7498    -0.2370     0.4433   887.3075    29.2000     0.3600   238.7498    -1.7749     1.0055   887.3075    29.2000     0.3600   238.7498    -2.1299     1.2066   887.3075    29.2000     0.3600   238.7498    -2.1299     1.2066
   13.3750     0.5000  95594.366   890.9450    31.3000     0.3000   245.3936     4.3891    -4.3891   890.9450    31.3000     0.3000   245.3936     8.4995     0.2087   890.9450    31.3000     0.3000   245.3936     3.6761     3.3319   890.9450    31.3000     0.3000   245.3936    -0.4900     0.4021   890.9450    31.3000     0.3000   245.3936    -1.6885     1.6076   890.9450    31.3000     0.3000   245.3936    -2.0262     1.9291   890.9450    31.3000     0.3000   245.3936    -2.0262     1.9291
   13.4167     0.5000  95560.502   837.5950    31.6000     0.3200   251.2400     4.3273    -4.3273   837.5950    31.6000     0.3200   251.2400     8.7200     0.1070   837.5950    31.6000     0.3200   251.2400     3.8966     3.2787   837.5950    31.6000     0.3200   251.2400    -0.5511     0.1896   837.5950    31.6000     0.3200   251.2400    -1.4012     2.6215   837.5950    31.6000     0.3200   251.2400    -1.1677     2.1846   837.5950    31.6000     0.3200   251.2400    -1.4012     2.6215
   13.4583     0.5000  95492.774   740.8375    32.9000     0.2000   236.2079     4.8219    -4.8219   740.8375    32.9000     0.2000   236.2079     8.6711     0.3194   740.8375    32.9000     0.2000   236.2079     3.8477     3.4023   740.8375    32.9000     0.2000   236.2079    -0.5828     0.0072   740.8375    32.9000     0.2000   236.2079    -0.2914     2.9581   740.8375    32.9000     0.2000   236.2079    -0.2428     2.4651   740.8375    32.9000     0.2000   236.2079    -0.2914     2.9581
   13.5000     0.5000  95465.683   601.4000    31.0000     0.4600   270.7529     5.3164    -5.3164   601.4000    31.0000     0.4600   270.7529     8.6170     0.5294   601.4000    31.0000     0.4600   270.7529     3.7951     3.5255   601.4000    31.0000     0.4600   270.7529    -0.6667    -0.2112   601.4000    31.0000     0.4600   270.7529     0.8629     2.8445   601.4000    31.0000     0.4600   270.7529     0.8629     2.8445   601.4000    31.0000     0.4600   270.7529     0.8629     2.8445
   13.5417     0.5000  95452.137   430.6800    30.2000     0.4700   273.0892     5.8110    -5.8110   430.6800    30.2000     0.4700   273.0892     8.5579     0.7370   430.6800    30.2000     0.4700   273.0892     3.7387     3.6481   430.6800    30.2000     0.4700   273.0892    -0.5668    -0.4097   430.6800    30.2000     0.4700   273.0892     1.8857     2.2977   430.6800    30.2000     0.4700   273.0892     1.5714     1.9148   430.6800    30.2000     0.4700   273.0892     1.8857     2.2977
   13.5833     0.5000  95418.273   249.7750    30.3000     0.3500   269.1940     6.3210    -6.3210   249.7750    30.3000     0.3500   269.1940     6.4097     5.0022   249.7750    30.3000     0.3500   269.1940     3.4362     3.6990   249.7750    30.3000     0.3500   269.1940    -0.4493    -0.3419   249.7750    30.3000     0.3500   269.1940     2.2343     1.4149   249.7750    30.3000     0.3500   269.1940     1.8619     1.1791   249.7750    30.3000     0.3500   269.1940     2.2343     1.4149
   13.6250     0.5000  95411.501    29.1000    29.3000     0.4800   320.4821     6.8464    -6.8464    29.1000    29.3000     0.4800   320.4821    -1.5899     7.0800    29.1000    29.3000     0.4800   320.4821     2.9090     3.6346    29.1000    29.3000     0.4800   320.4821    -0.4904    -0.1961    29.1000    29.3000     0.4800   320.4821     1.8885     0.6239    29.1000    29.3000     0.4800   320.4821     1.8885     0.6239    29.1000    29.3000     0.4800   320.4821     1.8885     0.6239
   13.6667     0.5000  95445.365     0.0000    27.3000     0.4200   293.7012     7.3719    -7.3719     0.0000    27.3000     0.4200   293.7012    -6.2270     1.3983     0.0000    27.3000     0.4200   293.7012     2.4111     3.5144     0.0000    27.3000     0.4200   293.7012    -0.5865    -0.0650     0.0000    27.3000     0.4200   293.7012     1.3296     0.0981     0.0000    27.3000     0.4200   293.7012     1.3296     0.0981     0.0000    27.3000     0.4200   293.7012     1.3296     0.0981
   13.7083     0.5000  95469.069     0.0000    25.9000     0.4500   224.9863     7.8974    -7.8974     0.0000    25.9000     0.4500   224.9863    -3.3886    -4.3420     0.0000    25.9000     0.4500   224.9863     1.9480     3.3423     0.0000    25.9000     0.4500   224.9863    -0.5395     0.0868     0.0000    25.9000     0.4500   224.9863     0.6676    -0.1158     0.0000    25.9000     0.4500   224.9863     0.6676    -0.1158     0.0000    25.9000     0.4500   224.9863     0.6676    -0.1158
   13.7500     0.5000  95465.683     0.0000    24.2000     0.4000   206.5627     7.4641    -7.6495     0.0000    24.2000     0.4000   206.5627    -0.4563    -4.6330     0.0000    24.2000     0.4000   206.5627     1.7640     2.7114     0.0000    24.2000     0.4000   206.5627    -0.4392     0.1332     0.0000    24.2000     0.4000   206.5627     0.3321    -0.1097     0.0000    24.2000     0.4000   206.5627     0.3321    -0.1097     0.0000    24.2000     0.4000   206.5627     0.3321    -0.1097
   13.7917     0.5000  95431.819     0.0000    23.3000     0.4900   209.7942     6.1138    -6.5814     0.0000    23.3000     0.4900   209.7942    -0.3749    -3.8064     0.0000    23.3000     0.4900   209.7942     1.6065     1.7294     0.0000    23.3000     0.4900   209.7942    -0.3137     0.0952     0.0000    23.3000     0.4900   209.7942     0.3263    -0.1259     0.0000    23.3000     0.4900   209.7942     0.3263    -0.1259     0.0000    23.3000     0.4900   209.7942     0.3263    -0.1259
   13.8333     0.5000  95397.955     0.0000    22.6000     0.4600   201.6693     4.8212    -5.4523     0.0000    22.6000     0.4600   201.6693    -0.2935    -2.9799     0.0000    22.6000     0.4600   201.6693     1.1828     0.8999     0.0000    22.6000     0.4600   201.6693    -0.1882     0.0571     0.0000    22.6000     0.4600   201.6693     0.3197    -0.1417     0.0000    22.6000     0.4600   201.6693     0.3197    -0.1417     0.0000    22.6000     0.4600   201.6693     0.3197    -0.1417
   13.8750     0.5000  95377.637     0.0000    22.1000     0.5000   202.0135     3.5883    -4.2645     0.0000    22.1000     0.5000   202.0135    -0.2121    -2.1534     0.0000    22.1000     0.5000   202.0135     0.5432     0.2818     0.0000    22.1000     0.5000   202.0135    -0.0627     0.0190     0.0000    22.1000     0.5000   202.0135     0.3124    -0.1572     0.0000    22.1000     0.5000   202.0135     0.3124    -0.1572     0.0000    22.1000     0.5000   202.0135     0.3124    -0.1572
   13.9167     0.5000  95397.955     0.0000    21.1000     0.5600   200.1456     3.6275    -2.3599     0.0000    21.1000     0.5600   200.1456    -0.1879    -1.6944     0.0000    21.1000     0.5600   200.1456     0.1349     0.0721     0.0000    21.1000     0.5600   200.1456    -0.0000     0.0000     0.0000    21.1000     0.5600   200.1456     0.2881    -0.1031     0.0000    21.1000     0.5600   200.1456     0.2881    -0.1031     0.0000    21.1000     0.5600   200.1456     0.2881    -0.1031
   13.9583     0.5000  95391.182     0.0000    20.6000     0.6200   201.3304     3.5383     0.1303     0.0000    20.6000     0.6200   201.3304    -0.2177    -1.6027     0.0000    20.6000     0.6200   201.3304     0.0845     0.0693     0.0000    20.6000     0.6200   201.3304    -0.0000     0.0000     0.0000    20.6000     0.6200   201.3304     0.2183    -0.0107     0.0000    20.6000     0.6200   201.3304     0.2183    -0.0107     0.0000    20.6000     0.6200   201.3304     0.2183    -0.0107
   14.0000     0.5000  95438.592     0.0000    19.4000     0.6300   193.4320     2.1917     1.6675     0.0000    19.4000     0.6300   193.4320    -0.2430    -1.5105     0.0000    19.4000     0.6300   193.4320     0.0416     0.0507     0.0000    19.4000     0.6300   193.4320     0.0000     0.0000     0.0000    19.4000     0.6300   193.4320     0.1272     0.0319     0.0000    19.4000     0.6300   193.4320     0.1272     0.0319     0.0000    19.4000     0.6300   193.4320     0.1272     0.0319
   14.0417     0.5000  95431.819     0.0000    19.1000     0.6600   248.4217     0.5941     1.8752     0.0000    19.1000     0.6600   248.4217    -0.2640    -1.4181     0.0000    19.1000     0.6600   248.4217     0.0103     0.0193     0.0000    19.1000     0.6600   248.4217     0.0000     0.0000     0.0000    19.1000     0.6600   248.4217     0.0375     0.0225     0.0000    19.1000     0.6600   248.4217     0.0375     0.0225     0.0000    19.1000     0.6600   248.4217     0.0375     0.0225
   14.0833     0.5000  95482.615    47.2067    18.6000     0.6700   193.2572     0.5583     1.8405    47.2067    18.6000     0.6700   193.2572    -0.9565    -1.3581    47.2067    18.6000     0.6700   193.2572     0.0000     0.0000    47.2067    18.6000     0.6700   193.2572     0.1392     0.1059    47.2067    18.6000     0.6700   193.2572     0.0316     0.0574    47.2067    18.6000     0.6700   193.2572     0.0316     0.0574    47.2067    18.6000     0.6700   193.2572     0.0316     0.0574
   14.1250     0.5000  95519.865   205.6400    20.2000     0.6400   204.3813     2.0274     1.6639   205.6400    20.2000     0.6400   204.3813    -2.1692    -0.2675   205.6400    20.2000     0.6400   204.3813    -0.0000     0.0000   205.6400    20.2000     0.6400   204.3813     0.4870     0.1948   205.6400    20.2000     0.6400   204.3813    -0.0501     0.1902   205.6400    20.2000     0.6400   204.3813    -0.0501     0.1902   205.6400    20.2000     0.6400   204.3813    -0.0501     0.1902
   14.1667     0.5000  95550.343   327.8600    21.2000     0.6500   220.4608     3.3062     0.3256   327.8600    21.2000     0.6500   220.4608    -2.0522     1.7702   327.8600    21.2000     0.6500   220.4608    -0.0000     0.0000   327.8600    21.2000     0.6500   220.4608     0.8689     0.0964   327.8600    21.2000     0.6500   220.4608    -0.2791     0.1720   327.8600    21.2000     0.6500   220.4608    -0.2791     0.1720   327.8600    21.2000     0.6500   220.4608    -0.2791     0.1720
   14.2083     0.5000  95516.479   557.7500    22.0000     0.6700   215.4353     3.5467    -1.8957   557.7500    22.0000     0.6700   215.4353    -0.0794     3.2338   557.7500    22.0000     0.6700   215.4353    -0.0000    -0.0000   557.7500    22.0000     0.6700   215.4353     1.2084    -0.1944   557.7500    22.0000     0.6700   215.4353    -0.4490    -0.0951   557.7500    22.0000     0.6700   215.4353    -0.4490    -0.0951   557.7500    22.0000     0.6700   215.4353    -0.3742    -0.0792
   14.2500     0.5000  95509.706   675.6050    23.3000     0.6300   222.2146     3.0600    -3.0600   675.6050    23.3000     0.6300   222.2146     1.9039     3.2668   675.6050    23.3000     0.6300   222.2146    -0.0795    -0.0364   675.6050    23.3000     0.6300   222.2146     1.3648    -0.3065   675.6050    23.3000     0.6300   222.2146    -0.6186    -0.3708   675.6050    23.3000     0.6300   222.2146    -0.6186    -0.3708   675.6050    23.3000     0.6300   222.2146    -0.6186    -0.3708
   14.2917     0.5000  95475.842   813.1025    25.1000     0.5600   230.0330     2.9982    -2.9982   813.1025    25.1000     0.5600   230.0330     3.1130     3.0375   813.1025    25.1000     0.5600   230.0330    -0.2298    -0.1265   813.1025    25.1000     0.5600   230.0330     1.3950    -0.1029   813.1025    25.1000     0.5600   230.0330    -0.8397    -0.3972   813.1025    25.1000     0.5600   230.0330    -1.0077    -0.4766   813.1025    25.1000     0.5600   230.0330    -1.0077    -0.4766
   14.3333     0.5000  95431.819   871.5450    27.2000     0.5500   245.5624     2.9364    -2.9364   871.5450    27.2000     0.5500   245.5624     4.3082     2.3712   871.5450    27.2000     0.5500   245.5624    -0.3664    -0.2384   871.5450    27.2000     0.5500   245.5624     1.3950     0.1029   871.5450    27.2000     0.5500   245.5624    -1.1833    -0.4234   871.5450    27.2000     0.5500   245.5624    -1.4199    -0.5081   871.5450    27.2000     0.5500   245.5624    -1.4199    -0.5081
   14.3750     0.5000  95397.955   877.6075    29.0000     0.5600   261.1259     2.8746    -2.8746   877.6075    29.0000     0.5600   261.1259     5.3375     1.2676   877.6075    29.0000     0.5600   261.1259    -0.4870    -0.3706   877.6075    29.0000     0.5600   261.1259     1.3648     0.3065   877.6075    29.0000     0.5600   261.1259    -1.8445    -0.4620   877.6075    29.0000     0.5600   261.1259    -1.8445    -0.4620   877.6075    29.0000     0.5600   261.1259    -1.8445    -0.4620
   14.4167     0.5000  95360.705   826.1975    32.3000     0.3200   256.8130     3.2609    -3.2609   826.1975    32.3000     0.3200   256.8130     6.0390     0.6697   826.1975    32.3000     0.3200   256.8130    -0.9603    -0.3436   826.1975    32.3000     0.3200   256.8130     1.4112     0.2988   826.1975    32.3000     0.3200   256.8130    -1.8361     0.1128   826.1975    32.3000     0.3200   256.8130    -2.2033     0.1354   826.1975    32.3000     0.3200   256.8130    -2.2033     0.1354
   14.4583     0.5000  95316.682   724.1050    33.3000     0.3000   262.7339     4.0955    -4.0955   724.1050    33.3000     0.3000   262.7339     6.6272     0.9001   724.1050    33.3000     0.3000   262.7339    -1.7835     0.6381   724.1050    33.3000     0.3000   262.7339     1.5289     0.0563   724.1050    33.3000     0.3000   262.7339    -1.6946     1.1025   724.1050    33.3000     0.3000   262.7339    -2.0336     1.3230   724.1050    33.3000     0.3000   262.7339    -2.0336     1.3230
   14.5000     0.5000  95306.523   580.0600    32.7000     0.4400   285.8371     4.9301    -4.9301   580.0600    32.7000     0.4400   285.8371     7.2073     1.1597   580.0600    32.7000     0.4400   285.8371    -1.7079     2.8495   580.0600    32.7000     0.4400   285.8371     1.6027    -0.2177   580.0600    32.7000     0.4400   285.8371    -1.2179     2.3475   580.0600    32.7000     0.4400   285.8371    -1.2179     2.3475   580.0600    32.7000     0.4400   285.8371    -1.2179     2.3475
   14.5417     0.5000  95272.659   413.4625    31.3000     0.5300   292.9536     5.7646    -5.7646   413.4625    31.3000     0.5300   292.9536     7.7783     1.4482   413.4625    31.3000     0.5300   292.9536     0.6414     4.3239   413.4625    31.3000     0.5300   292.9536     1.6252    -0.5149   413.4625    31.3000     0.5300   292.9536     0.1054     2.8612   413.4625    31.3000     0.5300   292.9536     0.0878     2.3844   413.4625    31.3000     0.5300   292.9536     0.1054     2.8612
   14.5833     0.5000  95272.659   238.1350    30.3000     0.5700   301.2107     5.8475    -6.1418   238.1350    30.3000     0.5700   301.2107     5.4770     5.2145   238.1350    30.3000     0.5700   301.2107     1.9022     4.1530   238.1350    30.3000     0.5700   301.2107     1.5985    -0.7086   238.1350    30.3000     0.5700   301.2107     0.8603     2.5008   238.1350    30.3000     0.5700   301.2107     0.7169     2.0840   238.1350    30.3000     0.5700   301.2107     0.8603     2.5008
   14.6250     0.5000  95286.204    27.9360    30.8000     0.4300   327.5991     5.1964    -6.0241    27.9360    30.8000     0.4300   327.5991    -1.9608     5.9354    27.9360    30.8000     0.4300   327.5991     1.1815     3.7296    27.9360    30.8000     0.4300   327.5991     1.5618    -0.7861    27.9360    30.8000     0.4300   327.5991     0.7836     1.8280    27.9360    30.8000     0.4300   327.5991     0.6530     1.5234    27.9360    30.8000     0.4300   327.5991     0.7836     1.8280
   14.6667     0.5000  95299.750     0.0000    29.3000     0.3800   305.6968     4.5719    -5.8583     0.0000    29.3000     0.3800   305.6968    -4.9024     0.6047     0.0000    29.3000     0.3800   305.6968     0.5961     3.2016     0.0000    29.3000     0.3800   305.6968     1.5214    -0.8618     0.0000    29.3000     0.3800   305.6968     0.6140     1.1834     0.0000    29.3000     0.3800   305.6968     0.6140     1.1834     0.0000    29.3000     0.3800   305.6968     0.6140     1.1834
   14.7083     0.5000  95323.455     0.0000    29.1000     0.3200   231.8361     3.9769    -5.6467     0.0000    29.1000     0.3200   231.8361    -1.9410    -3.0653     0.0000    29.1000     0.3200   231.8361     0.1595     2.5960     0.0000    29.1000     0.3200   231.8361     1.4772    -0.9354     0.0000    29.1000     0.3200   231.8361     0.3554     0.5768     0.0000    29.1000     0.3200   231.8361     0.3554     0.5768     0.0000    29.1000     0.3200   231.8361     0.2962     0.4807
   14.7500     0.5000  95313.295     0.0000    28.2000     0.3300   226.6031     3.1922    -5.0410     0.0000    28.2000     0.3300   226.6031    -0.0000    -2.7757     0.0000    28.2000     0.3300   226.6031    -0.4119     1.9458     0.0000    28.2000     0.3300   226.6031     1.3685    -0.8203     0.0000    28.2000     0.3300   226.6031     0.2141     0.2482     0.0000    28.2000     0.3300   226.6031     0.2141     0.2482     0.0000    28.2000     0.3300   226.6031     0.2141     0.2482
   14.7917     0.5000  95320.068     0.0000    27.2000     0.3300   219.1331     2.2731    -4.0126     0.0000    27.2000     0.3300   219.1331    -0.0000    -2.3823     0.0000    27.2000     0.3300   219.1331    -0.8322     1.1514     0.0000    27.2000     0.3300   219.1331     1.1657    -0.5513     0.0000    27.2000     0.3300   219.1331     0.2323     0.1636     0.0000    27.2000     0.3300   219.1331     0.2323     0.1636     0.0000    27.2000     0.3300   219.1331     0.2323     0.1636
   14.8333     0.5000  95323.455     0.0000    26.7000     0.3400   216.9195     1.4642    -2.9089     0.0000    26.7000     0.3400   216.9195    -0.0000    -1.9889     0.0000    26.7000     0.3400   216.9195    -0.7364     0.4292     0.0000    26.7000     0.3400   216.9195     0.9260    -0.3313     0.0000    26.7000     0.3400   216.9195     0.2243     0.0865     0.0000    26.7000     0.3400   216.9195     0.2243     0.0865     0.0000    26.7000     0.3400   216.9195     0.2243     0.0865
   14.8750     0.5000  95320.068     0.0000    24.7000     0.3800   207.7196     0.7706    -1.7384     0.0000    24.7000     0.3800   207.7196    -0.0000    -1.5955     0.0000    24.7000     0.3800   207.7196    -0.2824     0.0313     0.0000    24.7000     0.3800   207.7196     0.6572    -0.1646     0.0000    24.7000     0.3800   207.7196     0.1952     0.0241     0.0000    24.7000     0.3800   207.7196     0.1952     0.0241     0.0000    24.7000     0.3800   207.7196     0.1952     0.0241
   14.9167     0.5000  95326.841     0.0000    23.3000     0.5600   216.3380     0.4460    -0.9737     0.0000    23.3000     0.5600   216.3380    -0.0499    -1.3542     0.0000    23.3000     0.5600   216.3380    -0.0000    -0.0000     0.0000    23.3000     0.5600   216.3380     0.4942     0.0920     0.0000    23.3000     0.5600   216.3380     0.2182     0.0134     0.0000    23.3000     0.5600   216.3380     0.2182     0.0134     0.0000    23.3000     0.5600   216.3380     0.2182     0.0134
   14.9583     0.5000  95316.682     0.0000    21.9000     0.6400   212.4351     0.3689    -0.6702     0.0000    21.9000     0.6400   212.4351    -0.1397    -1.2599     0.0000    21.9000     0.6400   212.4351    -0.0000    -0.0000     0.0000    21.9000     0.6400   212.4351     0.2689     0.3720     0.0000    21.9000     0.6400   212.4351     0.3008     0.0560     0.0000    21.9000     0.6400   212.4351     0.3008     0.0560     0.0000    21.9000     0.6400   212.4351     0.3008     0.0560
   15.0000     0.5000  95343.773     0.0000    20.4000     0.6300   200.6336     0.2503    -0.3847     0.0000    20.4000     0.6300   200.6336    -0.2160    -1.1603     0.0000    20.4000     0.6300   200.6336    -0.0000    -0.0000     0.0000    20.4000     0.6300   200.6336    -0.0559     0.4115     0.0000    20.4000     0.6300   200.6336     0.3750     0.1188     0.0000    20.4000     0.6300   200.6336     0.3750     0.1188     0.0000    20.4000     0.6300   200.6336     0.3750     0.1188
   15.0417     0.5000  95357.318     0.0000    20.2000     0.6700   258.5465     0.0926    -0.1218     0.0000    20.2000     0.6700   258.5465    -0.2785    -1.0567     0.0000    20.2000     0.6700   258.5465    -0.0000    -0.0000     0.0000    20.2000     0.6700   258.5465    -0.2901     0.2322     0.0000    20.2000     0.6700   258.5465     0.4372     0.2002     0.0000    20.2000     0.6700   258.5465     0.3643     0.1669     0.0000    20.2000     0.6700   258.5465     0.4372     0.2002
   15.0833     0.5000  95384.410    42.6800    19.3000     0.6400   200.3783     0.1855    -0.1855    42.6800    19.3000     0.6400   200.3783    -0.8660    -0.9555    42.6800    19.3000     0.6400   200.3783    -0.0454    -0.0304    42.6800    19.3000     0.6400   200.3783    -0.2458     0.0680    42.6800    19.3000     0.6400   200.3783     0.2955     0.3512    42.6800    19.3000     0.6400   200.3783     0.2463     0.2927    42.6800    19.3000     0.6400   200.3783     0.2955     0.3512
   15.1250     0.5000  95435.205   206.6100    23.2000     0.5300   216.3780     0.6542    -0.4371   206.6100    23.2000     0.5300   216.3780    -1.7682     0.0869   206.6100    23.2000     0.5300   216.3780    -0.1817    -0.0753   206.6100    23.2000     0.5300   216.3780    -0.2133     0.0479   206.6100    23.2000     0.5300   216.3780    -0.0201     0.3272   206.6100    23.2000     0.5300   216.3780    -0.0201     0.3272   206.6100    23.2000     0.5300   216.3780    -0.0201     0.3272
   15.1667     0.5000  95435.205   306.5200    23.6000     0.6300   242.2760     1.2116    -0.5018   306.5200    23.6000     0.6300   242.2760    -1.3410     1.8082   306.5200    23.6000     0.6300   242.2760    -0.3215    -0.0640   306.5200    23.6000     0.6300   242.2760    -0.1292     0.0224   306.5200    23.6000     0.6300   242.2760    -0.1201     0.1116   306.5200    23.6000     0.6300   242.2760    -0.1441     0.1339   306.5200    23.6000     0.6300   242.2760    -0.1441     0.1339
   15.2083     0.5000  95428.433   545.1400    28.5000     0.4700   247.4626     1.8007    -0.3582   545.1400    28.5000     0.4700   247.4626     0.6638     2.6502   545.1400    28.5000     0.4700   247.4626    -0.4590     0.0000   545.1400    28.5000     0.4700   247.4626    -0.0362     0.0045   545.1400    28.5000     0.4700   247.4626    -0.0656    -0.0008   545.1400    28.5000     0.4700   247.4626    -0.0656    -0.0008   545.1400    28.5000     0.4700   247.4626    -0.0656    -0.0008
   15.2500     0.5000  95401.342   707.6150    25.5000     0.6600   241.7556     2.4042    -0.0000   707.6150    25.5000     0.6600   241.7556     1.8309     2.5330   707.6150    25.5000     0.6600   241.7556    -0.6545     0.0402   707.6150    25.5000     0.6600   241.7556    -0.0654     0.0040   707.6150    25.5000     0.6600   241.7556    -0.4438    -0.1170   707.6150    25.5000     0.6600   241.7556    -0.4438    -0.1170   707.6150    25.5000     0.6600   241.7556    -0.4438    -0.1170
   15.2917     0.5000  95397.955   819.6500    27.6000     0.5600   249.7371     2.9582     0.5884   819.6500    27.6000     0.5600   249.7371     1.6546     3.0062   819.6500    27.6000     0.5600   249.7371    -0.9179    -0.0113   819.6500    27.6000     0.5600   249.7371    -0.1967    -0.0024   819.6500    27.6000     0.5600   249.7371    -1.3768     0.0169   819.6500    27.6000     0.5600   249.7371    -1.3768     0.0169   819.6500    27.6000     0.5600   249.7371    -1.3768     0.0169
   15.3333     0.5000  95347.159   887.2267    33.4000     0.1800   234.4743     3.3520     1.3884   887.2267    33.4000     0.1800   234.4743     1.3878     3.4702   887.2267    33.4000     0.1800   234.4743    -1.1759    -0.1013   887.2267    33.4000     0.1800   234.4743    -0.2722    -0.0234   887.2267    33.4000     0.1800   234.4743    -1.8368     0.5326   887.2267    33.4000     0.1800   234.4743    -2.2041     0.6392   887.2267    33.4000     0.1800   234.4743    -2.2041     0.6392
   15.3750     0.5000  95306.523   872.0300    34.3000     0.1300   224.4108     3.5255     2.3557   872.0300    34.3000     0.1300   224.4108     1.0305     3.9099   872.0300    34.3000     0.1300   224.4108    -1.4242    -0.2292   872.0300    34.3000     0.1300   224.4108    -0.3776    -0.0608   872.0300    34.3000     0.1300   224.4108    -2.7353     1.6854   872.0300    34.3000     0.1300   224.4108    -2.7353     1.6854   872.0300    34.3000     0.1300   224.4108    -2.7353     1.6854
   15.4167     0.5000  95299.750   812.8600    36.1000     0.2500   273.6729     4.2676     2.4872   812.8600    36.1000     0.2500   273.6729    -0.0000     4.1527   812.8600    36.1000     0.2500   273.6729    -1.9221     0.0708   812.8600    36.1000     0.2500   273.6729    -0.4808    -0.0059   812.8600    36.1000     0.2500   273.6729    -2.0708     2.6535   812.8600    36.1000     0.2500   273.6729    -1.7257     2.2112   812.8600    36.1000     0.2500   273.6729    -2.0708     2.6535
   15.4583     0.5000  95248.954   727.0150    34.7000     0.3100   275.5183     5.6022     1.1860   727.0150    34.7000     0.3100   275.5183    -1.5557     3.7558   727.0150    34.7000     0.3100   275.5183    -2.2977     1.2647   727.0150    34.7000     0.3100   275.5183    -0.3073     0.1142   727.0150    34.7000     0.3100   275.5183    -0.6034     2.6870   727.0150    34.7000     0.3100   275.5183    -0.5028     2.2391   727.0150    34.7000     0.3100   275.5183    -0.6034     2.6870
   15.5000     0.5000  95262.500   584.9100    34.2000     0.2800   271.0891     6.4735    -0.7179   584.9100    34.2000     0.2800   271.0891    -2.8128     2.8128   584.9100    34.2000     0.2800   271.0891    -1.8795     2.7394   584.9100    34.2000     0.2800   271.0891    -0.1910     0.1689   584.9100    34.2000     0.2800   271.0891     0.4693     2.0899   584.9100    34.2000     0.2800   271.0891     0.4693     2.0899   584.9100    34.2000     0.2800   271.0891     0.4693     2.0899
   15.5417     0.5000  95235.408   418.0700    34.2000     0.2900   280.7767     6.6369    -3.0399   418.0700    34.2000     0.2900   280.7767    -3.5943     1.4888   418.0700    34.2000     0.2900   280.7767    -0.5412     3.9850   418.0700    34.2000     0.2900   280.7767    -0.0839     0.1617   418.0700    34.2000     0.2900   280.7767     0.9413     1.2061   418.0700    34.2000     0.2900   280.7767     0.9413     1.2061   418.0700    34.2000     0.2900   280.7767     0.9413     1.2061
   15.5833     0.5000  95184.613   240.8833    33.2000     0.3700   299.2878     6.0214    -4.4658   240.8833    33.2000     0.3700   299.2878    -3.4435     0.4677   240.8833    33.2000     0.3700   299.2878     0.4950     4.0130   240.8833    33.2000     0.3700   299.2878    -0.0444     0.1464   240.8833    33.2000     0.3700   299.2878     0.9253     0.5393   240.8833    33.2000     0.3700   299.2878     0.9253     0.5393   240.8833    33.2000     0.3700   299.2878     0.9253     0.5393
   15.6250     0.5000  95201.545    27.1600    31.7000     0.4400   337.7810     5.2632    -4.7703    27.1600    31.7000     0.4400   337.7810    -2.7318     0.0335    27.1600    31.7000     0.4400   337.7810     0.5792     3.3379    27.1600    31.7000     0.4400   337.7810    -0.0317     0.1046    27.1600    31.7000     0.4400   337.7810     0.7484     0.1584    27.1600    31.7000     0.4400   337.7810     0.7484     0.1584    27.1600    31.7000     0.4400   337.7810     0.7484     0.1584
   15.6667     0.5000  95242.181     0.0000    30.3000     0.3800   314.9216     4.5061    -4.9717     0.0000    30.3000     0.3800   314.9216    -1.9768    -0.2192     0.0000    30.3000     0.3800   314.9216     0.5986     2.6657     0.0000    30.3000     0.3800   314.9216    -0.0159     0.0523     0.0000    30.3000     0.3800   314.9216     0.4562    -0.0506     0.0000    30.3000     0.3800   314.9216     0.4562    -0.0506     0.0000    30.3000     0.3800   314.9216     0.4562    -0.0506
   15.7083     0.5000  95320.068     0.0000    29.0000     0.4000   242.7711     3.7627    -5.0734     0.0000    29.0000     0.4000   242.7711    -1.2121    -0.2879     0.0000    29.0000     0.4000   242.7711     0.5538     2.0011     0.0000    29.0000     0.4000   242.7711    -0.0063     0.0209     0.0000    29.0000     0.4000   242.7711     0.1391    -0.0637     0.0000    29.0000     0.4000   242.7711     0.1391    -0.0637     0.0000    29.0000     0.4000   242.7711     0.1391    -0.0637
   15.7500     0.5000  95323.455     0.0000    27.4000     0.4600   237.6535     4.6460    -3.2721     0.0000    27.4000     0.4600   237.6535    -0.7918    -0.2508     0.0000    27.4000     0.4600   237.6535     0.5559     1.4955     0.0000    27.4000     0.4600   237.6535    -0.0000     0.0000     0.0000    27.4000     0.4600   237.6535     0.0862    -0.0672     0.0000    27.4000     0.4600   237.6535     0.0862    -0.0672     0.0000    27.4000     0.4600   237.6535     0.0862    -0.0672
   15.7917     0.5000  95309.909     0.0000    27.3000     0.4100   230.8934     4.7722     0.5886     0.0000    27.3000     0.4100   230.8934    -0.7027    -0.2417     0.0000    27.3000     0.4100   230.8934     0.5939     1.1446     0.0000    27.3000     0.4100   230.8934    -0.0000     0.0000     0.0000    27.3000     0.4100   230.8934     0.2261    -0.2374     0.0000    27.3000     0.4100   230.8934     0.2261    -0.2374     0.0000    27.3000     0.4100   230.8934     0.2261    -0.2374
   15.8333     0.5000  95296.363     0.0000    25.3000     0.5200   227.7723     2.5697     2.9790     0.0000    25.3000     0.5200   227.7723    -0.6146    -0.2285     0.0000    25.3000     0.5200   227.7723     0.5564     0.8110     0.0000    25.3000     0.5200   227.7723    -0.0000     0.0000     0.0000    25.3000     0.5200   227.7723     0.3146    -0.4467     0.0000    25.3000     0.5200   227.7723     0.3146    -0.4467     0.0000    25.3000     0.5200   227.7723     0.2622    -0.3723
   15.8750     0.5000  95259.113     0.0000    24.2000     0.5900   225.7770    -0.0751     3.0590     0.0000    24.2000     0.5900   225.7770    -0.5276    -0.2110     0.0000    24.2000     0.5900   225.7770     0.4488     0.5076     0.0000    24.2000     0.5900   225.7770    -0.0000    -0.0000     0.0000    24.2000     0.5900   225.7770     0.3439    -0.6833     0.0000    24.2000     0.5900   225.7770     0.3439    -0.6833     0.0000    24.2000     0.5900   225.7770     0.3439    -0.6833
   15.9167     0.5000  95299.750     0.0000    23.1000     0.5800   216.5743    -0.6662     2.1961     0.0000    23.1000     0.5800   216.5743    -0.5325    -0.3016     0.0000    23.1000     0.5800   216.5743     0.3245     0.3245     0.0000    23.1000     0.5800   216.5743    -0.0000     0.0000     0.0000    23.1000     0.5800   216.5743     0.3011    -0.7269     0.0000    23.1000     0.5800   216.5743     0.3011    -0.7269     0.0000    23.1000     0.5800   216.5743     0.3011    -0.7269
   15.9583     0.5000  95337.000     0.0000    22.2000     0.6400   214.6800    -0.1607     1.6313     0.0000    22.2000     0.6400   214.6800    -0.5699    -0.5425     0.0000    22.2000     0.6400   214.6800     0.2318     0.2318     0.0000    22.2000     0.6400   214.6800    -0.0000     0.0000     0.0000    22.2000     0.6400   214.6800     0.2342    -0.5654     0.0000    22.2000     0.6400   214.6800     0.2342    -0.5654     0.0000    22.2000     0.6400   214.6800     0.1952    -0.4712
   16.0000     0.5000  95350.546     0.0000    21.4000     0.6200   207.1859     0.0964     0.9788     0.0000    21.4000     0.6200   207.1859    -0.5145    -0.8125     0.0000    21.4000     0.6200   207.1859     0.1391     0.1391     0.0000    21.4000     0.6200   207.1859     0.0000     0.0000     0.0000    21.4000     0.6200   207.1859     0.1673    -0.4039     0.0000    21.4000     0.6200   207.1859     0.1673    -0.4039     0.0000    21.4000     0.6200   207.1859     0.1673    -0.4039
   16.0417     0.5000  95370.864     0.0000    21.3000     0.5900   260.8670     0.0952     0.3137     0.0000    21.3000     0.5900   260.8670    -0.3565    -1.0792     0.0000    21.3000     0.5900   260.8670     0.0464     0.0464     0.0000    21.3000     0.5900   260.8670     0.0000     0.0000     0.0000    21.3000     0.5900   260.8670     0.1004    -0.2423     0.0000    21.3000     0.5900   260.8670     0.1004    -0.2423     0.0000    21.3000     0.5900   260.8670     0.1004    -0.2423
   16.0833     0.5000  95421.660    50.4400    22.1000     0.6200   212.3742     0.0103     0.0193    50.4400    22.1000     0.6200   212.3742    -1.0364    -0.9394    50.4400    22.1000     0.6200   212.3742     0.0000     0.0000    50.4400    22.1000     0.6200   212.3742     0.0218    -0.0008    50.4400    22.1000     0.6200   212.3742     0.2591    -0.2348    50.4400    22.1000     0.6200   212.3742     0.2591    -0.2348    50.4400    22.1000     0.6200   212.3742     0.2159    -0.1957
   16.1250     0.5000  95448.751   224.0700    23.9000     0.5700   221.7461     0.0416     0.0507   224.0700    23.9000     0.5700   221.7461    -1.4997     0.8989   224.0700    23.9000     0.5700   221.7461     0.0000     0.0000   224.0700    23.9000     0.5700   221.7461     0.0652    -0.0072   224.0700    23.9000     0.5700   221.7461     0.6918     0.1026   224.0700    23.9000     0.5700   221.7461     0.6918     0.1026   224.0700    23.9000     0.5700   221.7461     0.5765     0.0855
   16.1667     0.5000  95475.842   392.8500    23.7000     0.5700   220.2307     0.0845     0.0693   392.8500    23.7000     0.5700   220.2307     0.5098     2.0353   392.8500    23.7000     0.5700   220.2307     0.0000     0.0000   392.8500    23.7000     0.5700   220.2307     0.1074    -0.0200   392.8500    23.7000     0.5700   220.2307     0.5393     0.8998   392.8500    23.7000     0.5700   220.2307     0.5393     0.8998   392.8500    23.7000     0.5700   220.2307     0.5393     0.8998
   16.2083     0.5000  95462.297   577.1500    25.7000     0.5300   231.8317     0.1349     0.0721   577.1500    25.7000     0.5300   231.8317     2.4450     0.1201   577.1500    25.7000     0.5300   231.8317     0.0000     0.0000   577.1500    25.7000     0.5300   231.8317     0.1479    -0.0390   577.1500    25.7000     0.5300   231.8317    -0.4712     1.3170   577.1500    25.7000     0.5300   231.8317    -0.4712     1.3170   577.1500    25.7000     0.5300   231.8317    -0.4712     1.3170
   16.2500     0.5000  95448.751   616.9200    29.6000     0.4200   256.9511     0.2812     0.1206   616.9200    29.6000     0.4200   256.9511     2.6433    -1.4974   616.9200    29.6000     0.4200   256.9511     0.0325     0.0812   616.9200    29.6000     0.4200   256.9511     0.4821    -0.2067   616.9200    29.6000     0.4200   256.9511    -1.0756     1.2944   616.9200    29.6000     0.4200   256.9511    -1.0756     1.2944   616.9200    29.6000     0.4200   256.9511    -1.0756     1.2944
   16.2917     0.5000  95431.819   832.2600    29.8000     0.4700   257.9187     0.5166     0.2366   832.2600    29.8000     0.4700   257.9187     3.6093    -1.3923   832.2600    29.8000     0.4700   257.9187     0.0417     0.2589   832.2600    29.8000     0.4700   257.9187     0.9920    -0.7170   832.2600    29.8000     0.4700   257.9187    -0.7726     1.3835   832.2600    29.8000     0.4700   257.9187    -0.9271     1.6602   832.2600    29.8000     0.4700   257.9187    -0.9271     1.6602
   16.3333     0.5000  95357.318   886.5800    33.7000     0.2300   249.7994     0.7464     0.3643   886.5800    33.7000     0.2300   249.7994     4.5849    -1.0296   886.5800    33.7000     0.2300   249.7994    -0.0268     0.4363   886.5800    33.7000     0.2300   249.7994     1.2741    -1.4409   886.5800    33.7000     0.2300   249.7994    -0.6774     2.0089   886.5800    33.7000     0.2300   249.7994    -0.5645     1.6741   886.5800    33.7000     0.2300   249.7994    -0.6774     2.0089
   16.3750     0.5000  95306.523   881.7300    34.3000     0.2400   256.8506     0.9700     0.5033   881.7300    34.3000     0.2400   256.8506     5.5147    -0.4068   881.7300    34.3000     0.2400   256.8506    -0.1704     0.5878   881.7300    34.3000     0.2400   256.8506     1.2647    -2.2977   881.7300    34.3000     0.2400   256.8506    -0.3289     2.3154   881.7300    34.3000     0.2400   256.8506    -0.2741     1.9295   881.7300    34.3000     0.2400   256.8506    -0.3289     2.3154
   16.4167     0.5000  95269.272   820.6200    35.2000     0.3100   278.7100     1.8601     0.6399   820.6200    35.2000     0.3100   278.7100     6.2946     0.0000   820.6200    35.2000     0.3100   278.7100    -0.3498     1.1043   820.6200    35.2000     0.3100   278.7100     1.6926    -2.2822   820.6200    35.2000     0.3100   278.7100     0.3351     2.3587   820.6200    35.2000     0.3100   278.7100     0.2792     1.9655   820.6200    35.2000     0.3100   278.7100     0.3351     2.3587
   16.4583     0.5000  95232.022   713.9200    35.2000     0.3000   279.4493     3.4530     0.0424   713.9200    35.2000     0.3000   279.4493     6.9940     0.0000   713.9200    35.2000     0.3000   279.4493    -0.2794     2.0575   713.9200    35.2000     0.3000   279.4493     2.3314    -1.1027   713.9200    35.2000     0.3000   279.4493     1.1216     1.9519   713.9200    35.2000     0.3000   279.4493     1.1216     1.9519   713.9200    35.2000     0.3000   279.4493     1.1216     1.9519
   16.5000     0.5000  95221.863   570.3600    35.3000     0.2400   273.4156     4.7089    -1.4918   570.3600    35.3000     0.2400   273.4156     7.6934     0.0000   570.3600    35.3000     0.2400   273.4156     0.1102     2.9923   570.3600    35.3000     0.2400   273.4156     2.3140     0.1137   570.3600    35.3000     0.2400   273.4156     1.6633     1.3146   570.3600    35.3000     0.2400   273.4156     1.3861     1.0955   570.3600    35.3000     0.2400   273.4156     1.6633     1.3146
   16.5417     0.5000  95181.226   389.9400    32.8000     0.3400   283.8110     5.2078    -3.7642   389.9400    32.8000     0.3400   283.8110     8.3928     0.0000   389.9400    32.8000     0.3400   283.8110     0.8103     3.8274   389.9400    32.8000     0.3400   283.8110     1.7622     1.0562   389.9400    32.8000     0.3400   283.8110     1.9068     0.5657   389.9400    32.8000     0.3400   283.8110     1.9068     0.5657   389.9400    32.8000     0.3400   283.8110     1.9068     0.5657
   16.5833     0.5000  95171.067   211.8480    31.3000     0.4700   305.7202     4.8679    -5.1129   211.8480    31.3000     0.4700   305.7202     7.4327     3.1861   211.8480    31.3000     0.4700   305.7202     0.0469     3.8246   211.8480    31.3000     0.4700   305.7202     1.4089     1.2770   211.8480    31.3000     0.4700   305.7202     1.4744     0.8115   211.8480    31.3000     0.4700   305.7202     1.4744     0.8115   211.8480    31.3000     0.4700   305.7202     1.4744     0.8115
   16.6250     0.5000  95198.158    29.4880    30.7000     0.4300   326.6458     4.4684    -5.1801    29.4880    30.7000     0.4300   326.6458     2.3607     6.3509    29.4880    30.7000     0.4300   326.6458    -1.4332     2.3259    29.4880    30.7000     0.4300   326.6458     1.4922     1.1067    29.4880    30.7000     0.4300   326.6458     0.3064     1.1624    29.4880    30.7000     0.4300   326.6458     0.3064     1.1624    29.4880    30.7000     0.4300   326.6458     0.3064     1.1624
   16.6667     0.5000  95232.022     0.0000    28.9000     0.4600   314.0020     4.0743    -5.2208     0.0000    28.9000     0.4600   314.0020    -2.3966     4.9104     0.0000    28.9000     0.4600   314.0020    -1.4731     0.7190     0.0000    28.9000     0.4600   314.0020     1.5560     0.9326     0.0000    28.9000     0.4600   314.0020    -0.3784     0.6140     0.0000    28.9000     0.4600   314.0020    -0.3784     0.6140     0.0000    28.9000     0.4600   314.0020    -0.3784     0.6140
   16.7083     0.5000  95286.204     0.0000    27.8000     0.4800   243.0427     3.6874    -5.2357     0.0000    27.8000     0.4800   243.0427    -3.9588     1.2541     0.0000    27.8000     0.4800   243.0427    -0.4526    -0.0502     0.0000    27.8000     0.4800   243.0427     1.6004     0.7569     0.0000    27.8000     0.4800   243.0427    -0.2352     0.0498     0.0000    27.8000     0.4800   243.0427    -0.2352     0.0498     0.0000    27.8000     0.4800   243.0427    -0.1960     0.0415
   16.7500     0.5000  95306.523     0.0000    26.8000     0.5100   238.3894     3.5918    -4.4878     0.0000    26.8000     0.5100   238.3894    -3.0544    -0.8453     0.0000    26.8000     0.5100   238.3894    -0.0404    -0.0167     0.0000    26.8000     0.5100   238.3894     1.4473     0.9416     0.0000    26.8000     0.5100   238.3894    -0.0415     0.0137     0.0000    26.8000     0.5100   238.3894    -0.0415     0.0137     0.0000    26.8000     0.5100   238.3894    -0.0415     0.0137
   16.7917     0.5000  95323.455     0.0000    25.9000     0.5100   231.3904     3.4875    -3.0838     0.0000    25.9000     0.5100   231.3904    -2.0550    -1.4473     0.0000    25.9000     0.5100   231.3904    -0.1212    -0.0502     0.0000    25.9000     0.5100   231.3904     0.9859     1.3639     0.0000    25.9000     0.5100   231.3904    -0.0287     0.1280     0.0000    25.9000     0.5100   231.3904    -0.0287     0.1280     0.0000    25.9000     0.5100   231.3904    -0.0287     0.1280
   16.8333     0.5000  95353.932     0.0000    24.8000     0.5500   226.8026     3.0330    -1.8689     0.0000    24.8000     0.5500   226.8026    -1.0697    -1.5189     0.0000    24.8000     0.5500   226.8026    -0.2019    -0.0836     0.0000    24.8000     0.5500   226.8026     0.4178     1.5851     0.0000    24.8000     0.5500   226.8026     0.1583     0.1507     0.0000    24.8000     0.5500   226.8026     0.1583     0.1507     0.0000    24.8000     0.5500   226.8026     0.1583     0.1507
   16.8750     0.5000  95397.955     0.0000    24.2000     0.6100   227.4753     2.2932    -0.9171     0.0000    24.2000     0.6100   227.4753    -0.3206    -1.1586     0.0000    24.2000     0.6100   227.4753    -0.2827    -0.1171     0.0000    24.2000     0.6100   227.4753    -0.1759     1.5858     0.0000    24.2000     0.6100   227.4753     0.2949    -0.0816     0.0000    24.2000     0.6100   227.4753     0.2949    -0.0816     0.0000    24.2000     0.6100   227.4753     0.2949    -0.0816
   16.9167     0.5000  95411.501     0.0000    23.2000     0.6200   220.6505     1.8135    -0.0445     0.0000    23.2000     0.6200   220.6505    -0.2665    -0.7170     0.0000    23.2000     0.6200   220.6505    -0.5437    -0.3259     0.0000    23.2000     0.6200   220.6505    -0.4632     1.5268     0.0000    23.2000     0.6200   220.6505     0.2480    -0.1792     0.0000    23.2000     0.6200   220.6505     0.2480    -0.1792     0.0000    23.2000     0.6200   220.6505     0.2480    -0.1792
   16.9583     0.5000  95377.637     0.0000    22.5000     0.6700   219.2139     1.3882     0.7864     0.0000    22.5000     0.6700   219.2139    -0.4181    -0.3518     0.0000    22.5000     0.6700   219.2139    -0.8073    -0.8907     0.0000    22.5000     0.6700   219.2139    -0.4758     1.5686     0.0000    22.5000     0.6700   219.2139     0.2084    -0.0660     0.0000    22.5000     0.6700   219.2139     0.2084    -0.0660     0.0000    22.5000     0.6700   219.2139     0.2084    -0.0660
   17.0000     0.5000  95364.091     0.0000    22.4000     0.6300   215.4050     0.6787     1.1981     0.0000    22.4000     0.6300   215.4050    -0.3223    -0.0600     0.0000    22.4000     0.6300   215.4050    -0.7569    -1.6004     0.0000    22.4000     0.6300   215.4050    -0.4071     1.3421     0.0000    22.4000     0.6300   215.4050     0.1311     0.0016     0.0000    22.4000     0.6300   215.4050     0.1093     0.0013     0.0000    22.4000     0.6300   215.4050     0.1311     0.0016
   17.0417     0.5000  95448.751     0.0000    21.4000     0.7100   272.2206    -0.0284     1.1580     0.0000    21.4000     0.7100   272.2206    -0.1033     0.0356     0.0000    21.4000     0.7100   272.2206    -0.3431    -2.3133     0.0000    21.4000     0.7100   272.2206    -0.5012     1.6523     0.0000    21.4000     0.7100   272.2206     0.0413     0.0142     0.0000    21.4000     0.7100   272.2206     0.0413     0.0142     0.0000    21.4000     0.7100   272.2206     0.0413     0.0142
   17.0833     0.5000  95513.092    49.2275    21.7000     0.6900   214.6282    -0.1765     1.2994    49.2275    21.7000     0.6900   214.6282    -0.1374     0.1408    49.2275    21.7000     0.6900   214.6282    -0.0000    -2.6446    49.2275    21.7000     0.6900   214.6282    -0.3400     1.8264    49.2275    21.7000     0.6900   214.6282     0.2129     0.1882    49.2275    21.7000     0.6900   214.6282     0.2129     0.1882    49.2275    21.7000     0.6900   214.6282     0.1774     0.1568
   17.1250     0.5000  95513.092   189.1500    23.8000     0.6600   237.9163     0.3360     1.8049   189.1500    23.8000     0.6600   237.9163    -0.2056     0.5531   189.1500    23.8000     0.6600   237.9163    -0.0000    -2.6883   189.1500    23.8000     0.6600   237.9163     0.0637     1.7291   189.1500    23.8000     0.6600   237.9163     0.3165     0.7915   189.1500    23.8000     0.6600   237.9163     0.3165     0.7915   189.1500    23.8000     0.6600   237.9163     0.3165     0.7915
   17.1667     0.5000  95540.183   326.4050    23.2000     0.7400   242.1780     1.1382     2.0679   326.4050    23.2000     0.7400   242.1780     0.0603     0.9817   326.4050    23.2000     0.7400   242.1780    -0.0000    -2.7320   326.4050    23.2000     0.7400   242.1780     0.5849     2.2191   326.4050    23.2000     0.7400   242.1780    -0.1016     1.1795   326.4050    23.2000     0.7400   242.1780    -0.1219     1.4154   326.4050    23.2000     0.7400   242.1780    -0.1219     1.4154
   17.2083     0.5000  95580.820   481.8475    24.4000     0.6600   241.8265     2.1137     1.9636   481.8475    24.4000     0.6600   241.8265     0.6341     1.2222   481.8475    24.4000     0.6600   241.8265    -0.0000    -2.7757   481.8475    24.4000     0.6600   241.8265     1.1576     2.2311   481.8475    24.4000     0.6600   241.8265    -1.0434     1.6933   481.8475    24.4000     0.6600   241.8265    -0.8695     1.4111   481.8475    24.4000     0.6600   241.8265    -1.0434     1.6933
   17.2500     0.5000  95570.661   709.7166    27.1000     0.6000   249.4532     2.8495     1.7079   709.7166    27.1000     0.6000   249.4532     0.9708     1.1254   709.7166    27.1000     0.6000   249.4532    -0.0000    -3.0380   709.7166    27.1000     0.6000   249.4532     1.6405     2.2119   709.7166    27.1000     0.6000   249.4532    -1.4494     1.7225   709.7166    27.1000     0.6000   249.4532    -1.4494     1.7225   709.7166    27.1000     0.6000   249.4532    -1.4494     1.7225
   17.2917     0.5000  95563.888   636.6434    29.6000     0.4900   274.5948     3.3193     1.5699   636.6434    29.6000     0.4900   274.5948     0.9042     0.9498   636.6434    29.6000     0.4900   274.5948    -0.0000    -3.5189   636.6434    29.6000     0.4900   274.5948     1.6879     1.8624   636.6434    29.6000     0.4900   274.5948    -1.1116     1.9072   636.6434    29.6000     0.4900   274.5948    -0.9263     1.5893   636.6434    29.6000     0.4900   274.5948    -1.1116     1.9072
   17.3333     0.5000  95543.570   923.1166    31.3000     0.4000   261.1419     3.7865     1.3548   923.1166    31.3000     0.4000   261.1419     0.8231     0.7837   923.1166    31.3000     0.4000   261.1419    -0.0000    -3.9997   923.1166    31.3000     0.4000   261.1419     2.4292     2.2017   923.1166    31.3000     0.4000   261.1419    -0.7539     2.0282   923.1166    31.3000     0.4000   261.1419    -0.6282     1.6902   923.1166    31.3000     0.4000   261.1419    -0.7539     2.0282
   17.3750     0.5000  95502.933   899.1900    32.7000     0.3300   261.7436     4.2403     1.0621   899.1900    32.7000     0.3300   261.7436     0.7282     0.6281   899.1900    32.7000     0.3300   261.7436    -0.0000    -4.4805   899.1900    32.7000     0.3300   261.7436     2.8439     2.1092   899.1900    32.7000     0.3300   261.7436    -0.3881     2.0842   899.1900    32.7000     0.3300   261.7436    -0.3234     1.7369   899.1900    32.7000     0.3300   261.7436    -0.3881     2.0842
   17.4167     0.5000  95441.978   842.9300    31.4000     0.4500   268.6066     5.2095     0.3843   842.9300    31.4000     0.4500   268.6066     0.3864     0.7021   842.9300    31.4000     0.4500   268.6066    -0.0000    -4.9832   842.9300    31.4000     0.4500   268.6066     2.9914     1.8943   842.9300    31.4000     0.4500   268.6066     0.2515     2.0390   842.9300    31.4000     0.4500   268.6066     0.2515     2.0390   842.9300    31.4000     0.4500   268.6066     0.2515     2.0390
   17.4583     0.5000  95414.887   733.9667    33.3000     0.4400   283.2608     6.4819    -1.1247   733.9667    33.3000     0.4400   283.2608    -0.2414     0.9158   733.9667    33.3000     0.4400   283.2608    -0.0000    -5.5078   733.9667    33.3000     0.4400   283.2608     2.8525     1.6159   733.9667    33.3000     0.4400   283.2608     1.0524     1.6619   733.9667    33.3000     0.4400   283.2608     1.0524     1.6619   733.9667    33.3000     0.4400   283.2608     1.0524     1.6619
   17.5000     0.5000  95414.887   590.4067    32.3000     0.4800   285.2173     7.2532    -3.2151   590.4067    32.3000     0.4800   285.2173    -1.1164     0.6879   590.4067    32.3000     0.4800   285.2173    -0.0000    -6.0323   590.4067    32.3000     0.4800   285.2173     2.6941     1.3561   590.4067    32.3000     0.4800   285.2173     1.5880     1.0056   590.4067    32.3000     0.4800   285.2173     1.5880     1.0056   590.4067    32.3000     0.4800   285.2173     1.5880     1.0056
   17.5417     0.5000  95397.955   410.3100    32.2000     0.4400   289.4473     7.3229    -5.7148   410.3100    32.2000     0.4400   289.4473    -1.4540    -0.3078   410.3100    32.2000     0.4400   289.4473    -0.0000    -6.5569   410.3100    32.2000     0.4400   289.4473     2.5176     1.1160   410.3100    32.2000     0.4400   289.4473     1.7787     0.2194   410.3100    32.2000     0.4400   289.4473     1.7787     0.2194   410.3100    32.2000     0.4400   289.4473     1.7787     0.2194
   17.5833     0.5000  95431.819   223.1000    31.5000     0.4400   299.5405     6.7969    -7.1390   223.1000    31.5000     0.4400   299.5405    -1.2839    -0.7911   223.1000    31.5000     0.4400   299.5405    -0.0000    -6.4039   223.1000    31.5000     0.4400   299.5405     2.5819     0.7488   223.1000    31.5000     0.4400   299.5405     1.3403     0.7377   223.1000    31.5000     0.4400   299.5405     1.3403     0.7377   223.1000    31.5000     0.4400   299.5405     1.3403     0.7377
   17.6250     0.5000  95458.910    22.3100    29.4000     0.5700   332.6482     6.2957    -7.2985    22.3100    29.4000     0.5700   332.6482    -1.2222    -0.6341    22.3100    29.4000     0.5700   332.6482    -0.0000    -5.5734    22.3100    29.4000     0.5700   332.6482     2.8142     0.1729    22.3100    29.4000     0.5700   332.6482    -0.1471     1.0829    22.3100    29.4000     0.5700   332.6482    -0.1471     1.0829    22.3100    29.4000     0.5700   332.6482    -0.1471     1.0829
   17.6667     0.5000  95530.024     0.0000    27.9000     0.5000   309.9422     5.7955    -7.4263     0.0000    27.9000     0.5000   309.9422    -1.1450    -0.4908     0.0000    27.9000     0.5000   309.9422    -0.0000    -4.7428     0.0000    27.9000     0.5000   309.9422     2.9131    -0.4687     0.0000    27.9000     0.5000   309.9422    -0.6379     0.1515     0.0000    27.9000     0.5000   309.9422    -0.6379     0.1515     0.0000    27.9000     0.5000   309.9422    -0.6379     0.1515
   17.7083     0.5000  95594.366     0.0000    26.8000     0.6100   247.9333     5.2983    -7.5230     0.0000    26.8000     0.6100   247.9333    -1.0540    -0.3626     0.0000    26.8000     0.6100   247.9333    -0.0000    -3.9123     0.0000    26.8000     0.6100   247.9333     2.8614    -1.1443     0.0000    26.8000     0.6100   247.9333    -0.1236    -0.1802     0.0000    26.8000     0.6100   247.9333    -0.1236    -0.1802     0.0000    26.8000     0.6100   247.9333    -0.1236    -0.1802
   17.7500     0.5000  95614.684     0.0000    25.7000     0.5500   233.7514     5.1857    -6.3188     0.0000    25.7000     0.5500   233.7514    -0.9475    -0.1644     0.0000    25.7000     0.5500   233.7514    -0.0000    -3.4314     0.0000    25.7000     0.5500   233.7514     2.6869    -0.7792     0.0000    25.7000     0.5500   233.7514    -0.0000    -0.0000     0.0000    25.7000     0.5500   233.7514    -0.0000    -0.0000     0.0000    25.7000     0.5500   233.7514    -0.0000    -0.0000
   17.7917     0.5000  95601.138     0.0000    25.2000     0.5900   233.5056     4.8996    -4.0210     0.0000    25.2000     0.5900   233.5056    -0.7847     0.0579     0.0000    25.2000     0.5900   233.5056    -0.0000    -3.3003     0.0000    25.2000     0.5900   233.5056     2.0791     0.2824     0.0000    25.2000     0.5900   233.5056    -0.0000    -0.0000     0.0000    25.2000     0.5900   233.5056    -0.0000    -0.0000     0.0000    25.2000     0.5900   233.5056    -0.0000    -0.0000
   17.8333     0.5000  95641.775     0.0000    25.3000     0.5300   228.7471     3.9708    -2.1224     0.0000    25.3000     0.5300   228.7471    -0.5811     0.1920     0.0000    25.3000     0.5300   228.7471    -0.0000    -3.1692     0.0000    25.3000     0.5300   228.7471     1.1909     0.7338     0.0000    25.3000     0.5300   228.7471    -0.0000    -0.0000     0.0000    25.3000     0.5300   228.7471    -0.0000    -0.0000     0.0000    25.3000     0.5300   228.7471    -0.0000    -0.0000
   17.8750     0.5000  95621.457     0.0000    24.8000     0.5300   224.9196     2.5517    -0.7740     0.0000    24.8000     0.5300   224.9196    -0.3693     0.2339     0.0000    24.8000     0.5300   224.9196    -0.0000    -3.0380     0.0000    24.8000     0.5300   224.9196     0.3957     0.5767     0.0000    24.8000     0.5300   224.9196    -0.0000    -0.0000     0.0000    24.8000     0.5300   224.9196    -0.0000    -0.0000     0.0000    24.8000     0.5300   224.9196    -0.0000    -0.0000
   17.9167     0.5000  95628.230     0.0000    24.2000     0.5700   224.0287     1.6292    -0.3241     0.0000    24.2000     0.5700   224.0287    -0.2317     0.1999     0.0000    24.2000     0.5700   224.0287    -0.0000    -2.8850     0.0000    24.2000     0.5700   224.0287     0.1572     0.3124     0.0000    24.2000     0.5700   224.0287    -0.0000    -0.0000     0.0000    24.2000     0.5700   224.0287    -0.0000    -0.0000     0.0000    24.2000     0.5700   224.0287    -0.0000    -0.0000
   17.9583     0.5000  95638.389     0.0000    23.3000     0.6100   220.5951     1.4577    -0.2899     0.0000    23.3000     0.6100   220.5951    -0.1583     0.1507     0.0000    23.3000     0.6100   220.5951    -0.0000    -2.7102     0.0000    23.3000     0.6100   220.5951     0.2014     0.2859     0.0000    23.3000     0.6100   220.5951    -0.0000    -0.0000     0.0000    23.3000     0.6100   220.5951    -0.0000    -0.0000     0.0000    23.3000     0.6100   220.5951    -0.0000    -0.0000
   18.0000     0.5000  95638.389     0.0000    22.7000     0.6500   219.2191     1.2862    -0.2558     0.0000    22.7000     0.6500   219.2191    -0.0904     0.0950     0.0000    22.7000     0.6500   219.2191    -0.0000    -2.5353     0.0000    22.7000     0.6500   219.2191     0.2411     0.2533     0.0000    22.7000     0.6500   219.2191    -0.0000    -0.0000     0.0000    22.7000     0.6500   219.2191    -0.0000    -0.0000     0.0000    22.7000     0.6500   219.2191    -0.0000    -0.0000
   18.0417     0.5000  95658.707     0.0000    22.0000     0.6800   216.1671     1.1147    -0.2217     0.0000    22.0000     0.6800   216.1671    -0.0286     0.0331     0.0000    22.0000     0.6800   216.1671    -0.0000    -2.3605     0.0000    22.0000     0.6800   216.1671     0.2757     0.2151     0.0000    22.0000     0.6800   216.1671    -0.0000     0.0000     0.0000    22.0000     0.6800   216.1671    -0.0000     0.0000     0.0000    22.0000     0.6800   216.1671    -0.0000     0.0000
   18.0833     0.5000  95729.821    45.5900    22.2000     0.6600   216.1985     1.1388    -0.2120    45.5900    22.2000     0.6600   216.1985    -0.0000     0.0000    45.5900    22.2000     0.6600   216.1985    -0.0000    -2.6883    45.5900    22.2000     0.6600   216.1985     0.5710     0.2202    45.5900    22.2000     0.6600   216.1985    -0.0000     0.0000    45.5900    22.2000     0.6600   216.1985    -0.0000     0.0000    45.5900    22.2000     0.6600   216.1985    -0.0000     0.0000
   18.1250     0.5000  95760.299   212.4300    23.1000     0.6400   221.4823     1.3595    -0.2187   212.4300    23.1000     0.6400   221.4823    -0.0000     0.0000   212.4300    23.1000     0.6400   221.4823    -0.0000    -3.5189   212.4300    23.1000     0.6400   221.4823     1.1334    -0.0836   212.4300    23.1000     0.6400   221.4823    -0.0000     0.0000   212.4300    23.1000     0.6400   221.4823    -0.0000     0.0000   212.4300    23.1000     0.6400   221.4823    -0.0000     0.0000
   18.1667     0.5000  95804.322   414.1900    23.7000     0.6300   225.2739     1.5810    -0.2147   414.1900    23.7000     0.6300   225.2739    -0.0000     0.0000   414.1900    23.7000     0.6300   225.2739    -0.0000    -4.3494   414.1900    23.7000     0.6300   225.2739     1.4453    -0.8187   414.1900    23.7000     0.6300   225.2739    -0.0000     0.0000   414.1900    23.7000     0.6300   225.2739    -0.0000     0.0000   414.1900    23.7000     0.6300   225.2739    -0.0000     0.0000
   18.2083     0.5000  95780.617   583.9400    24.9000     0.5800   230.2928     1.8030    -0.2000   583.9400    24.9000     0.5800   230.2928    -0.0000     0.0000   583.9400    24.9000     0.5800   230.2928    -0.0000    -5.1799   583.9400    24.9000     0.5800   230.2928     1.2585    -1.7869   583.9400    24.9000     0.5800   230.2928    -0.0000     0.0000   583.9400    24.9000     0.5800   230.2928    -0.0000     0.0000   583.9400    24.9000     0.5800   230.2928    -0.0000     0.0000
   18.2500     0.5000  95787.390   586.8500    26.5000     0.4900   244.3335     1.9740    -0.2435   586.8500    26.5000     0.4900   244.3335    -0.7815     0.4816   586.8500    26.5000     0.4900   244.3335    -0.0000    -5.8793   586.8500    26.5000     0.4900   244.3335     1.0790    -2.6048   586.8500    26.5000     0.4900   244.3335    -0.0000     0.0000   586.8500    26.5000     0.4900   244.3335    -0.0000     0.0000   586.8500    26.5000     0.4900   244.3335    -0.0000     0.0000
   18.2917     0.5000  95773.844   832.2600    29.6000     0.3700   243.3176     2.0888    -0.3624   832.2600    29.6000     0.3700   243.3176    -0.8317     2.6253   832.2600    29.6000     0.3700   243.3176    -0.0000    -6.4476   832.2600    29.6000     0.3700   243.3176     1.3633    -3.2914   832.2600    29.6000     0.3700   243.3176    -0.0000     0.0000   832.2600    29.6000     0.3700   243.3176    -0.0000     0.0000   832.2600    29.6000     0.3700   243.3176    -0.0000     0.0000
   18.3333     0.5000  95699.344   882.7000    31.2000     0.3900   258.9199     2.1965    -0.4932   882.7000    31.2000     0.3900   258.9199     1.8084     4.2186   882.7000    31.2000     0.3900   258.9199    -0.0000    -7.0159   882.7000    31.2000     0.3900   258.9199     1.6477    -3.9779   882.7000    31.2000     0.3900   258.9199    -0.0000     0.0000   882.7000    31.2000     0.3900   258.9199    -0.0000     0.0000   882.7000    31.2000     0.3900   258.9199    -0.0000     0.0000
   18.3750     0.5000  95665.480   883.6700    34.4000     0.2200   252.8557     2.2960    -0.6354   883.6700    34.4000     0.2200   252.8557     5.7747     2.8184   883.6700    34.4000     0.2200   252.8557    -0.0000    -7.5841   883.6700    34.4000     0.2200   252.8557     1.9321    -4.6645   883.6700    34.4000     0.2200   252.8557    -0.0000     0.0000   883.6700    34.4000     0.2200   252.8557    -0.0000     0.0000   883.6700    34.4000     0.2200   252.8557    -0.0000     0.0000
   18.4167     0.5000  95621.457   832.2600    35.1000     0.2400   263.2338     2.3128    -0.7327   832.2600    35.1000     0.2400   263.2338     7.5997     0.6544   832.2600    35.1000     0.2400   263.2338    -0.0000    -7.9338   832.2600    35.1000     0.2400   263.2338     2.0814    -4.6956   832.2600    35.1000     0.2400   263.2338    -0.0153     0.0099   832.2600    35.1000     0.2400   263.2338    -0.0183     0.0119   832.2600    35.1000     0.2400   263.2338    -0.0183     0.0119
   18.4583     0.5000  95567.275   720.7100    35.9000     0.2300   268.5940     2.2528    -0.7750   720.7100    35.9000     0.2300   268.5940     8.1807     0.5026   720.7100    35.9000     0.2300   268.5940    -0.0000    -8.0650   720.7100    35.9000     0.2300   268.5940     2.0538    -4.0802   720.7100    35.9000     0.2300   268.5940    -0.0152     0.0638   720.7100    35.9000     0.2300   268.5940    -0.0126     0.0532   720.7100    35.9000     0.2300   268.5940    -0.0152     0.0638
   18.5000     0.5000  95530.024   569.3900    36.3000     0.2200   276.3625     2.1921    -0.8148   569.3900    36.3000     0.2200   276.3625     8.7584     0.3226   569.3900    36.3000     0.2200   276.3625    -0.0000    -8.1961   569.3900    36.3000     0.2200   276.3625     1.9714    -3.4801   569.3900    36.3000     0.2200   276.3625     0.0550     0.0944   569.3900    36.3000     0.2200   276.3625     0.0550     0.0944   569.3900    36.3000     0.2200   276.3625     0.0550     0.0944
   18.5417     0.5000  95506.320   391.8800    35.4000     0.2600   289.1112     2.1308    -0.8521   391.8800    35.4000     0.2600   289.1112     9.3319     0.1145   391.8800    35.4000     0.2600   289.1112    -0.0000    -8.3272   391.8800    35.4000     0.2600   289.1112     1.8358    -2.8991   391.8800    35.4000     0.2600   289.1112     0.1469     0.0426   391.8800    35.4000     0.2600   289.1112     0.1469     0.0426   391.8800    35.4000     0.2600   289.1112     0.1469     0.0426
   18.5833     0.5000  95486.001   215.3400    33.5000     0.3200   299.7798     2.4302    -1.1494   215.3400    33.5000     0.3200   299.7798     8.1982     3.3958   215.3400    33.5000     0.3200   299.7798    -0.0000    -7.6278   215.3400    33.5000     0.3200   299.7798     2.0843    -2.4163   215.3400    33.5000     0.3200   299.7798     0.1516    -0.0206   215.3400    33.5000     0.3200   299.7798     0.1516    -0.0206   215.3400    33.5000     0.3200   299.7798     0.1516    -0.0206
   18.6250     0.5000  95492.774    20.3700    31.4000     0.3200   314.2011     3.0182    -1.8091    20.3700    31.4000     0.3200   314.2011     2.8270     6.8251    20.3700    31.4000     0.3200   314.2011    -0.0000    -6.0979    20.3700    31.4000     0.3200   314.2011     2.6804    -1.8878    20.3700    31.4000     0.3200   314.2011     0.1069    -0.0226    20.3700    31.4000     0.3200   314.2011     0.1069    -0.0226    20.3700    31.4000     0.3200   314.2011     0.1069    -0.0226
   18.6667     0.5000  95543.570     0.0000    30.3000     0.3000   300.1482     3.4935    -2.5909     0.0000    30.3000     0.3000   300.1482    -2.2583     5.4520     0.0000    30.3000     0.3000   300.1482    -0.0000    -4.5680     0.0000    30.3000     0.3000   300.1482     3.1403    -1.2114     0.0000    30.3000     0.3000   300.1482     0.0630    -0.0183     0.0000    30.3000     0.3000   300.1482     0.0630    -0.0183     0.0000    30.3000     0.3000   300.1482     0.0630    -0.0183
   18.7083     0.5000  95560.502     0.0000    29.3000     0.3000   230.0254     3.8381    -3.4786     0.0000    29.3000     0.3000   230.0254    -4.0789     1.6895     0.0000    29.3000     0.3000   230.0254    -0.0000    -3.0380     0.0000    29.3000     0.3000   230.0254     3.4273    -0.4227     0.0000    29.3000     0.3000   230.0254     0.0205    -0.0076     0.0000    29.3000     0.3000   230.0254     0.0205    -0.0076     0.0000    29.3000     0.3000   230.0254     0.0205    -0.0076
   18.7500     0.5000  95540.183     0.0000    27.9000     0.3700   230.1883     4.0182    -4.0182     0.0000    27.9000     0.3700   230.1883    -3.3163    -0.5754     0.0000    27.9000     0.3700   230.1883    -0.0000    -2.3168     0.0000    27.9000     0.3700   230.1883     3.1233     0.1150     0.0000    27.9000     0.3700   230.1883     0.0000    -0.0000     0.0000    27.9000     0.3700   230.1883     0.0000    -0.0000     0.0000    27.9000     0.3700   230.1883     0.0000    -0.0000
   18.7917     0.5000  95540.183     0.0000    27.1000     0.3900   226.8066     4.1419    -4.1419     0.0000    27.1000     0.3900   226.8066    -2.3961    -1.3574     0.0000    27.1000     0.3900   226.8066    -0.0000    -2.4042     0.0000    27.1000     0.3900   226.8066     2.3678     0.2626     0.0000    27.1000     0.3900   226.8066     0.0000     0.0000     0.0000    27.1000     0.3900   226.8066     0.0000     0.0000     0.0000    27.1000     0.3900   226.8066     0.0000     0.0000
   18.8333     0.5000  95519.865     0.0000    26.2000     0.5200   234.7223     4.2655    -4.2655     0.0000    26.2000     0.5200   234.7223    -1.3990    -1.6219     0.0000    26.2000     0.5200   234.7223    -0.0000    -2.4916     0.0000    26.2000     0.5200   234.7223     1.6115     0.3000     0.0000    26.2000     0.5200   234.7223     0.0000     0.0000     0.0000    26.2000     0.5200   234.7223     0.0000     0.0000     0.0000    26.2000     0.5200   234.7223     0.0000     0.0000
   18.8750     0.5000  95486.001     0.0000    25.4000     0.5200   228.5394     4.3891    -4.3891     0.0000    25.4000     0.5200   228.5394    -0.5506    -1.4274     0.0000    25.4000     0.5200   228.5394    -0.0000    -2.5790     0.0000    25.4000     0.5200   228.5394     0.8665     0.2284     0.0000    25.4000     0.5200   228.5394    -0.0000     0.0000     0.0000    25.4000     0.5200   228.5394    -0.0000     0.0000     0.0000    25.4000     0.5200   228.5394    -0.0000     0.0000
   18.9167     0.5000  95465.683     0.0000    24.8000     0.6000   231.2652     4.1573    -4.1573     0.0000    24.8000     0.6000   231.2652    -0.2727    -1.1483     0.0000    24.8000     0.6000   231.2652    -0.0000    -2.4042     0.0000    24.8000     0.6000   231.2652     0.5395     0.0868     0.0000    24.8000     0.6000   231.2652    -0.0000     0.0000     0.0000    24.8000     0.6000   231.2652    -0.0000     0.0000     0.0000    24.8000     0.6000   231.2652    -0.0000     0.0000
   18.9583     0.5000  95455.524     0.0000    24.2000     0.6200   228.3066     3.5700    -3.5700     0.0000    24.2000     0.6200   228.3066    -0.3300    -1.0418     0.0000    24.2000     0.6200   228.3066    -0.0000    -1.9671     0.0000    24.2000     0.6200   228.3066     0.5865    -0.0650     0.0000    24.2000     0.6200   228.3066    -0.0000     0.0000     0.0000    24.2000     0.6200   228.3066    -0.0000     0.0000     0.0000    24.2000     0.6200   228.3066    -0.0000     0.0000
   19.0000     0.5000  95448.751     0.0000    23.8000     0.6400   226.8437     2.9828    -2.9828     0.0000    23.8000     0.6400   226.8437    -0.3733    -0.9335     0.0000    23.8000     0.6400   226.8437    -0.0000    -1.5299     0.0000    23.8000     0.6400   226.8437     0.5885    -0.2354     0.0000    23.8000     0.6400   226.8437    -0.0000    -0.0000     0.0000    23.8000     0.6400   226.8437    -0.0000    -0.0000     0.0000    23.8000     0.6400   226.8437    -0.0000    -0.0000
   19.0417     0.5000  95458.910     0.0000    22.9000     0.6500   220.7379     2.3955    -2.3955     0.0000    22.9000     0.6500   220.7379    -0.4026    -0.8250     0.0000    22.9000     0.6500   220.7379    -0.0000    -1.0928     0.0000    22.9000     0.6500   220.7379     0.5392    -0.4103     0.0000    22.9000     0.6500   220.7379    -0.0000    -0.0000     0.0000    22.9000     0.6500   220.7379    -0.0000    -0.0000     0.0000    22.9000     0.6500   220.7379    -0.0000    -0.0000
   19.0833     0.5000  95496.160    30.3125    22.3000     0.6300   230.8657     2.1173    -2.1173    30.3125    22.3000     0.6300   230.8657    -0.8443    -0.6589    30.3125    22.3000     0.6300   230.8657    -0.0000    -1.2895    30.3125    22.3000     0.6300   230.8657     0.7603    -0.0843    30.3125    22.3000     0.6300   230.8657    -0.0000    -0.0000    30.3125    22.3000     0.6300   230.8657    -0.0000    -0.0000    30.3125    22.3000     0.6300   230.8657    -0.0000    -0.0000
   19.1250     0.5000  95526.638   177.5100    23.6000     0.6600   239.7540     2.1482    -2.1482   177.5100    23.6000     0.6600   239.7540    -1.4428     0.2504   177.5100    23.6000     0.6600   239.7540    -0.0000    -2.1201   177.5100    23.6000     0.6600   239.7540     0.2915     0.8474   177.5100    23.6000     0.6600   239.7540    -0.0000    -0.0000   177.5100    23.6000     0.6600   239.7540    -0.0000    -0.0000   177.5100    23.6000     0.6600   239.7540    -0.0000    -0.0000
   19.1667     0.5000  95533.411   314.5225    24.3000     0.6800   248.6879     2.1791    -2.1791   314.5225    24.3000     0.6800   248.6879    -0.9939     1.5696   314.5225    24.3000     0.6800   248.6879    -0.0000    -2.9506   314.5225    24.3000     0.6800   248.6879    -0.8746     0.5389   314.5225    24.3000     0.6800   248.6879    -0.0000    -0.0000   314.5225    24.3000     0.6800   248.6879    -0.0000    -0.0000   314.5225    24.3000     0.6800   248.6879    -0.0000    -0.0000
   19.2083     0.5000  95516.479   508.2800    25.6000     0.6500   245.4670     2.2100    -2.2100   508.2800    25.6000     0.6500   245.4670     0.6004     2.1697   508.2800    25.6000     0.6500   245.4670    -0.0000    -3.7811   508.2800    25.6000     0.6500   245.4670    -0.8090    -0.8291   508.2800    25.6000     0.6500   245.4670    -0.0000    -0.0000   508.2800    25.6000     0.6500   245.4670    -0.0000    -0.0000   508.2800    25.6000     0.6500   245.4670    -0.0000    -0.0000
   19.2500     0.5000  95482.615   675.1200    26.6000     0.6200   247.2037     2.4418    -2.4418   675.1200    26.6000     0.6200   247.2037     2.2839     2.2285   675.1200    26.6000     0.6200   247.2037    -0.0000    -4.6991   675.1200    26.6000     0.6200   247.2037    -1.3131    -1.2198   675.1200    26.6000     0.6200   247.2037    -0.0121    -0.0182   675.1200    26.6000     0.6200   247.2037    -0.0121    -0.0182   675.1200    26.6000     0.6200   247.2037    -0.0121    -0.0182
   19.2917     0.5000  95489.388   783.7600    27.9000     0.6000   255.9409     2.8746    -2.8746   783.7600    27.9000     0.6000   255.9409     3.9820     2.4536   783.7600    27.9000     0.6000   255.9409    -0.0000    -5.7045   783.7600    27.9000     0.6000   255.9409    -2.2410     1.8856   783.7600    27.9000     0.6000   255.9409    -0.0545    -0.0364   783.7600    27.9000     0.6000   255.9409    -0.0545    -0.0364   783.7600    27.9000     0.6000   255.9409    -0.0545    -0.0364
   19.3333     0.5000  95391.182   841.7175    29.7000     0.5900   269.8873     3.3073    -3.3073   841.7175    29.7000     0.5900   269.8873     5.8282     2.0050   841.7175    29.7000     0.5900   269.8873    -0.0000    -6.7099   841.7175    29.7000     0.5900   269.8873     2.2169     3.4076   841.7175    29.7000     0.5900   269.8873    -0.0893    -0.0178   841.7175    29.7000     0.5900   269.8873    -0.1072    -0.0213   841.7175    29.7000     0.5900   269.8873    -0.1072    -0.0213
   19.3750     0.5000  95337.000   846.3250    32.7000     0.5100   286.8777     3.7400    -3.7400   846.3250    32.7000     0.5100   286.8777     7.6031     0.8432   846.3250    32.7000     0.5100   286.8777    -0.0000    -7.7153   846.3250    32.7000     0.5100   286.8777     4.6747    -2.2816   846.3250    32.7000     0.5100   286.8777    -0.1250     0.0249   846.3250    32.7000     0.5100   286.8777    -0.1501     0.0298   846.3250    32.7000     0.5100   286.8777    -0.1501     0.0298
   19.4167     0.5000  95303.136   799.5225    34.2000     0.4800   296.4391     4.3119    -4.3119   799.5225    34.2000     0.4800   296.4391     8.6114     0.0000   799.5225    34.2000     0.4800   296.4391    -0.0000    -8.1524   799.5225    34.2000     0.4800   296.4391     3.6321    -3.8149   799.5225    34.2000     0.4800   296.4391    -0.1103     0.0952   799.5225    34.2000     0.4800   296.4391    -0.1324     0.1142   799.5225    34.2000     0.4800   296.4391    -0.1324     0.1142
   19.4583     0.5000  95262.500   700.5825    34.8000     0.4000   294.5720     5.0228    -5.0228   700.5825    34.8000     0.4000   294.5720     9.0485     0.0000   700.5825    34.8000     0.4000   294.5720    -0.0000    -8.0213   700.5825    34.8000     0.4000   294.5720     4.2504    -0.3135   700.5825    34.8000     0.4000   294.5720    -0.0383     0.1706   700.5825    34.8000     0.4000   294.5720    -0.0383     0.1706   700.5825    34.8000     0.4000   294.5720    -0.0383     0.1706
   19.5000     0.5000  95201.545   557.7500    34.9000     0.4200   304.9451     5.7337    -5.7337   557.7500    34.9000     0.4200   304.9451     9.4856     0.0000   557.7500    34.9000     0.4200   304.9451    -0.0000    -7.8901   557.7500    34.9000     0.4200   304.9451     2.5673     2.0036   557.7500    34.9000     0.4200   304.9451     0.0709     0.1598   557.7500    34.9000     0.4200   304.9451     0.0709     0.1598   557.7500    34.9000     0.4200   304.9451     0.0709     0.1598
   19.5417     0.5000  95198.158   378.9467    34.4000     0.4200   312.3135     6.4446    -6.4446   378.9467    34.4000     0.4200   312.3135     9.9228     0.0000   378.9467    34.4000     0.4200   312.3135    -0.0000    -7.7590   378.9467    34.4000     0.4200   312.3135     0.3207     1.8484   378.9467    34.4000     0.4200   312.3135     0.1521     0.0862   378.9467    34.4000     0.4200   312.3135     0.1521     0.0862   378.9467    34.4000     0.4200   312.3135     0.1521     0.0862
   19.5833     0.5000  95154.135   202.7300    33.6000     0.4300   322.9446     6.6764    -6.6764   202.7300    33.6000     0.4300   322.9446     9.1178     1.2383   202.7300    33.6000     0.4300   322.9446    -0.0000    -6.9940   202.7300    33.6000     0.4300   322.9446    -0.7348     1.4162   202.7300    33.6000     0.4300   322.9446     0.1529     0.0038   202.7300    33.6000     0.4300   322.9446     0.1529     0.0038   202.7300    33.6000     0.4300   322.9446     0.1529     0.0038
   19.6250     0.5000  95167.681     0.0000    32.0000     0.4500   342.2143     6.4292    -6.4292     0.0000    32.0000     0.4500   342.2143     6.7296     2.8848     0.0000    32.0000     0.4500   342.2143    -0.0000    -5.5952     0.0000    32.0000     0.4500   342.2143    -0.9284     0.5411     0.0000    32.0000     0.4500   342.2143     0.1038    -0.0343     0.0000    32.0000     0.4500   342.2143     0.1038    -0.0343     0.0000    32.0000     0.4500   342.2143     0.0865    -0.0286
   19.6667     0.5000  95171.067     0.0000    30.7000     0.4700   265.2864     6.1819    -6.1819     0.0000    30.7000     0.4700   265.2864     4.2489     3.4006     0.0000    30.7000     0.4700   265.2864    -0.0000    -4.1964     0.0000    30.7000     0.4700   265.2864    -0.8191    -0.0302     0.0000    30.7000     0.4700   265.2864     0.0517    -0.0403     0.0000    30.7000     0.4700   265.2864     0.0517    -0.0403     0.0000    30.7000     0.4700   265.2864     0.0431    -0.0336
   19.7083     0.5000  95198.158     0.0000    30.2000     0.4700   261.1801     5.9346    -5.9346     0.0000    30.2000     0.4700   261.1801     2.0869     2.8873     0.0000    30.2000     0.4700   261.1801    -0.0000    -2.7976     0.0000    30.2000     0.4700   261.1801    -0.5587    -0.3833     0.0000    30.2000     0.4700   261.1801     0.0117    -0.0185     0.0000    30.2000     0.4700   261.1801     0.0117    -0.0185     0.0000    30.2000     0.4700   261.1801     0.0117    -0.0185
   19.7500     0.5000  95242.181     0.0000    29.1000     0.4900   254.5437     6.5962    -3.4223     0.0000    29.1000     0.4900   254.5437     0.0853     2.3152     0.0000    29.1000     0.4900   254.5437    -0.1072    -2.1830     0.0000    29.1000     0.4900   254.5437    -0.3753    -0.2643     0.0000    29.1000     0.4900   254.5437     0.0000    -0.0000     0.0000    29.1000     0.4900   254.5437     0.0000    -0.0000     0.0000    29.1000     0.4900   254.5437     0.0000    -0.0000
   19.7917     0.5000  95276.045     0.0000    28.0000     0.5300   249.9645     5.8042     0.7883     0.0000    28.0000     0.5300   249.9645    -1.3045     1.0976     0.0000    28.0000     0.5300   249.9645    -0.3464    -2.3349     0.0000    28.0000     0.5300   249.9645    -0.2725    -0.0201     0.0000    28.0000     0.5300   249.9645     0.0000    -0.0000     0.0000    28.0000     0.5300   249.9645     0.0000    -0.0000     0.0000    28.0000     0.5300   249.9645     0.0000    -0.0000
   19.8333     0.5000  95279.432     0.0000    27.4000     0.5400   246.1718     3.1386     2.9156     0.0000    27.4000     0.5400   246.1718    -1.0691    -0.2263     0.0000    27.4000     0.5400   246.1718    -0.6160    -2.4594     0.0000    27.4000     0.5400   246.1718    -0.1757     0.0884     0.0000    27.4000     0.5400   246.1718     0.0000     0.0000     0.0000    27.4000     0.5400   246.1718     0.0000     0.0000     0.0000    27.4000     0.5400   246.1718     0.0000     0.0000
   19.8750     0.5000  95265.886     0.0000    26.3000     0.6000   243.0493     0.5613     2.6514     0.0000    26.3000     0.6000   243.0493    -0.2109    -0.4321     0.0000    26.3000     0.6000   243.0493    -0.9130    -2.5518     0.0000    26.3000     0.6000   243.0493    -0.0351     0.0554     0.0000    26.3000     0.6000   243.0493     0.0000     0.0000     0.0000    26.3000     0.6000   243.0493     0.0000     0.0000     0.0000    26.3000     0.6000   243.0493     0.0000     0.0000
   19.9167     0.5000  95262.500     0.0000    25.1000     0.6500   237.7802     0.0826     1.6809     0.0000    25.1000     0.6500   237.7802    -0.0705    -0.1358     0.0000    25.1000     0.6500   237.7802    -0.8983    -2.5106     0.0000    25.1000     0.6500   237.7802    -0.0000     0.0000     0.0000    25.1000     0.6500   237.7802     0.0000     0.0000     0.0000    25.1000     0.6500   237.7802     0.0000     0.0000     0.0000    25.1000     0.6500   237.7802     0.0000     0.0000
   19.9583     0.5000  95272.659     0.0000    24.2000     0.6700   232.2985     0.4050     1.1318     0.0000    24.2000     0.6700   232.2985    -0.1083    -0.0147     0.0000    24.2000     0.6700   232.2985    -0.5842    -2.3321     0.0000    24.2000     0.6700   232.2985    -0.0000     0.0000     0.0000    24.2000     0.6700   232.2985     0.0000     0.0000     0.0000    24.2000     0.6700   232.2985     0.0000     0.0000     0.0000    24.2000     0.6700   232.2985     0.0000     0.0000
   20.0000     0.5000  95286.204     0.0000    23.5000     0.7000   229.1060     0.4297     0.5793     0.0000    23.5000     0.7000   229.1060    -0.0446     0.0480     0.0000    23.5000     0.7000   229.1060    -0.3143    -2.1187     0.0000    23.5000     0.7000   229.1060     0.0000     0.0000     0.0000    23.5000     0.7000   229.1060    -0.0000     0.0000     0.0000    23.5000     0.7000   229.1060    -0.0000     0.0000     0.0000    23.5000     0.7000   229.1060    -0.0000     0.0000
   20.0417     0.5000  95289.591     0.0000    23.2000     0.7400   229.6260     0.1931     0.1432     0.0000    23.2000     0.7400   229.6260     0.0045     0.0214     0.0000    23.2000     0.7400   229.6260    -0.0922    -1.8774     0.0000    23.2000     0.7400   229.6260     0.0000     0.0000     0.0000    23.2000     0.7400   229.6260    -0.0000     0.0000     0.0000    23.2000     0.7400   229.6260    -0.0000     0.0000     0.0000    23.2000     0.7400   229.6260    -0.0000     0.0000
   20.0833     0.5000  95333.614    36.8600    22.9000     0.7500   227.9814     0.3927     0.1351    36.8600    22.9000     0.7500   227.9814     0.1943     0.1761    36.8600    22.9000     0.7500   227.9814    -0.0000    -1.7704    36.8600    22.9000     0.7500   227.9814    -0.0000     0.0000    36.8600    22.9000     0.7500   227.9814    -0.1590     0.0728    36.8600    22.9000     0.7500   227.9814    -0.1590     0.0728    36.8600    22.9000     0.7500   227.9814    -0.1590     0.0728
   20.1250     0.5000  95394.569   188.6650    24.7000     0.7200   247.3753     1.2457     0.0153   188.6650    24.7000     0.7200   247.3753     0.7113     0.3364   188.6650    24.7000     0.7200   247.3753    -0.0000    -1.8141   188.6650    24.7000     0.7200   247.3753    -0.0000     0.0000   188.6650    24.7000     0.7200   247.3753    -0.4595     0.2529   188.6650    24.7000     0.7200   247.3753    -0.4595     0.2529   188.6650    24.7000     0.7200   247.3753    -0.4595     0.2529
   20.1667     0.5000  95408.114   336.1050    24.8000     0.7400   251.5564     1.9794    -0.6271   336.1050    24.8000     0.7400   251.5564     1.2972     0.1924   336.1050    24.8000     0.7400   251.5564    -0.0000    -1.8578   336.1050    24.8000     0.7400   251.5564    -0.0000     0.0000   336.1050    24.8000     0.7400   251.5564    -0.6107     0.3973   336.1050    24.8000     0.7400   251.5564    -0.7328     0.4768   336.1050    24.8000     0.7400   251.5564    -0.7328     0.4768
   20.2083     0.5000  95418.273   502.9450    25.8000     0.7400   254.8095     2.3559    -1.7028   502.9450    25.8000     0.7400   254.8095     1.8161    -0.2694   502.9450    25.8000     0.7400   254.8095    -0.0000    -1.9015   502.9450    25.8000     0.7400   254.8095    -0.0000     0.0000   502.9450    25.8000     0.7400   254.8095    -0.8117     0.6176   502.9450    25.8000     0.7400   254.8095    -0.9741     0.7411   502.9450    25.8000     0.7400   254.8095    -0.9741     0.7411
   20.2500     0.5000  95381.023   664.4500    26.8000     0.7000   255.4367     2.3646    -2.3646   664.4500    26.8000     0.7000   255.4367     2.6841    -0.7074   664.4500    26.8000     0.7000   255.4367    -0.0000    -2.4260   664.4500    26.8000     0.7000   255.4367    -0.0200     0.0089   664.4500    26.8000     0.7000   255.4367    -0.7950     0.8772   664.4500    26.8000     0.7000   255.4367    -0.9541     1.0526   664.4500    26.8000     0.7000   255.4367    -0.9541     1.0526
   20.2917     0.5000  95350.546   768.9675    28.6000     0.6300   264.4265     2.3955    -2.3955   768.9675    28.6000     0.6300   264.4265     4.0611    -0.7561   768.9675    28.6000     0.6300   264.4265    -0.0000    -3.4314   768.9675    28.6000     0.6300   264.4265    -0.0428     0.0496   768.9675    28.6000     0.6300   264.4265    -0.6261     1.3238   768.9675    28.6000     0.6300   264.4265    -0.5217     1.1031   768.9675    28.6000     0.6300   264.4265    -0.6261     1.3238
   20.3333     0.5000  95279.432   825.9550    31.0000     0.5500   276.7983     2.4264    -2.4264   825.9550    31.0000     0.5500   276.7983     5.4525    -0.6047   825.9550    31.0000     0.5500   276.7983    -0.0000    -4.4368   825.9550    31.0000     0.5500   276.7983    -0.0291     0.1053   825.9550    31.0000     0.5500   276.7983    -0.2213     1.4918   825.9550    31.0000     0.5500   276.7983    -0.1844     1.2431   825.9550    31.0000     0.5500   276.7983    -0.2213     1.4918
   20.3750     0.5000  95215.090   829.9967    33.1000     0.5100   290.3330     2.4573    -2.4573   829.9967    33.1000     0.5100   290.3330     6.8364    -0.2518   829.9967    33.1000     0.5100   290.3330    -0.0000    -5.4422   829.9967    33.1000     0.5100   290.3330     0.0262     0.1507   829.9967    33.1000     0.5100   290.3330     0.2277     1.5350   829.9967    33.1000     0.5100   290.3330     0.1897     1.2792   829.9967    33.1000     0.5100   290.3330     0.2277     1.5350
   20.4167     0.5000  95184.613   782.4667    34.2000     0.5300   304.6922     2.4887    -2.2006   782.4667    34.2000     0.5300   304.6922     7.5623     0.0000   782.4667    34.2000     0.5300   304.6922    -0.0000    -5.9886   782.4667    34.2000     0.5300   304.6922     0.0529     0.1743   782.4667    34.2000     0.5300   304.6922     0.6458     1.5066   782.4667    34.2000     0.5300   304.6922     0.5382     1.2555   782.4667    34.2000     0.5300   304.6922     0.6458     1.5066
   20.4583     0.5000  95127.044   708.1000    38.3000     0.3100   308.1658     2.4511    -1.6816   708.1000    38.3000     0.3100   308.1658     7.6497     0.0000   708.1000    38.3000     0.3100   308.1658    -0.0000    -6.0761   708.1000    38.3000     0.3100   308.1658     0.0300     0.3045   708.1000    38.3000     0.3100   308.1658     1.0371     1.4348   708.1000    38.3000     0.3100   308.1658     1.0371     1.4348   708.1000    38.3000     0.3100   308.1658     1.0371     1.4348
   20.5000     0.5000  95113.498   562.6000    38.6000     0.3200   319.8145     2.3281    -1.2079   562.6000    38.6000     0.3200   319.8145     7.7371     0.0000   562.6000    38.6000     0.3200   319.8145    -0.0000    -6.1635   562.6000    38.6000     0.3200   319.8145    -0.0386     0.3915   562.6000    38.6000     0.3200   319.8145     1.4245     1.2596   562.6000    38.6000     0.3200   319.8145     1.4245     1.2596   562.6000    38.6000     0.3200   319.8145     1.4245     1.2596
   20.5417     0.5000  95089.794   388.9700    37.6000     0.3600   329.1114     2.1306    -0.7920   388.9700    37.6000     0.3600   329.1114     7.8246     0.0000   388.9700    37.6000     0.3600   329.1114    -0.0000    -6.2509   388.9700    37.6000     0.3600   329.1114    -0.1396     0.4601   388.9700    37.6000     0.3600   329.1114     1.7807     0.9801   388.9700    37.6000     0.3600   329.1114     1.7807     0.9801   388.9700    37.6000     0.3600   329.1114     1.7807     0.9801
   20.5833     0.5000  95055.930   203.7000    36.2000     0.3900   340.2736     1.9030    -0.4029   203.7000    36.2000     0.3900   340.2736     6.8852     1.9967   203.7000    36.2000     0.3900   340.2736    -0.0000    -6.0761   203.7000    36.2000     0.3900   340.2736    -0.2109     0.4321   203.7000    36.2000     0.3900   340.2736     1.5265     1.0200   203.7000    36.2000     0.3900   340.2736     1.5265     1.0200   203.7000    36.2000     0.3900   340.2736     1.5265     1.0200
   20.6250     0.5000  95076.248    23.2800    33.9000     0.4100   354.6052     1.6381    -0.0603    23.2800    33.9000     0.4100   354.6052     3.8222     4.3226    23.2800    33.9000     0.4100   354.6052    -0.0000    -5.6389    23.2800    33.9000     0.4100   354.6052    -0.2145     0.3298    23.2800    33.9000     0.4100   354.6052     0.7286     1.0904    23.2800    33.9000     0.4100   354.6052     0.6071     0.9086    23.2800    33.9000     0.4100   354.6052     0.7286     1.0904
   20.6667     0.5000  95116.885     0.0000    33.1000     0.4100   346.6934     1.3211     0.1794     0.0000    33.1000     0.4100   346.6934     0.6944     4.3158     0.0000    33.1000     0.4100   346.6934    -0.0000    -5.2018     0.0000    33.1000     0.4100   346.6934    -0.1970     0.2341     0.0000    33.1000     0.4100   346.6934     0.1535     0.7717     0.0000    33.1000     0.4100   346.6934     0.1535     0.7717     0.0000    33.1000     0.4100   346.6934     0.1535     0.7717
   20.7083     0.5000  95167.681     0.0000    31.6000     0.4400   268.9835     0.9793     0.3102     0.0000    31.6000     0.4400   268.9835    -0.9759     2.2767     0.0000    31.6000     0.4400   268.9835    -0.0000    -4.7647     0.0000    31.6000     0.4400   268.9835    -0.1334     0.1240     0.0000    31.6000     0.4400   268.9835    -0.0512     0.2572     0.0000    31.6000     0.4400   268.9835    -0.0512     0.2572     0.0000    31.6000     0.4400   268.9835    -0.0512     0.2572
   20.7500     0.5000  95221.863     0.0000    29.3000     0.5700   264.5964     0.7451     0.4979     0.0000    29.3000     0.5700   264.5964    -1.5528     1.2428     0.0000    29.3000     0.5700   264.5964    -0.0000    -4.4587     0.0000    29.3000     0.5700   264.5964    -0.1352     0.1109     0.0000    29.3000     0.5700   264.5964    -0.0000     0.0000     0.0000    29.3000     0.5700   264.5964    -0.0000     0.0000     0.0000    29.3000     0.5700   264.5964    -0.0000     0.0000
   20.7917     0.5000  95235.408     0.0000    28.0000     0.5500   251.9803     0.5221     0.7814     0.0000    28.0000     0.5500   251.9803    -1.3737     0.3621     0.0000    28.0000     0.5500   251.9803    -0.0000    -4.2838     0.0000    28.0000     0.5500   251.9803    -0.1352     0.1109     0.0000    28.0000     0.5500   251.9803    -0.0000     0.0000     0.0000    28.0000     0.5500   251.9803    -0.0000     0.0000     0.0000    28.0000     0.5500   251.9803    -0.0000     0.0000
   20.8333     0.5000  95259.113     0.0000    26.8000     0.6100   247.9333     0.1919     0.9646     0.0000    26.8000     0.6100   247.9333    -0.8416    -0.1354     0.0000    26.8000     0.6100   247.9333    -0.0000    -4.1090     0.0000    26.8000     0.6100   247.9333    -0.1352     0.1109     0.0000    26.8000     0.6100   247.9333    -0.0000     0.0000     0.0000    26.8000     0.6100   247.9333    -0.0000     0.0000     0.0000    26.8000     0.6100   247.9333    -0.0000     0.0000
   20.8750     0.5000  95221.863     0.0000    25.6000     0.6400   240.9179    -0.2004     1.0075     0.0000    25.6000     0.6400   240.9179    -0.2382    -0.1549     0.0000    25.6000     0.6400   240.9179    -0.0000    -3.9341     0.0000    25.6000     0.6400   240.9179    -0.1352     0.1109     0.0000    25.6000     0.6400   240.9179    -0.0000     0.0000     0.0000    25.6000     0.6400   240.9179    -0.0000     0.0000     0.0000    25.6000     0.6400   240.9179    -0.0000     0.0000
   20.9167     0.5000  95218.477     0.0000    25.0000     0.6900   240.1362    -0.5843     0.9748     0.0000    25.0000     0.6900   240.1362    -0.0702    -0.0521     0.0000    25.0000     0.6900   240.1362    -0.0000    -3.6937     0.0000    25.0000     0.6900   240.1362    -0.1706     0.1366     0.0000    25.0000     0.6900   240.1362    -0.0000     0.0000     0.0000    25.0000     0.6900   240.1362    -0.0000     0.0000     0.0000    25.0000     0.6900   240.1362    -0.0000     0.0000
   20.9583     0.5000  95259.113     0.0000    24.3000     0.6900   234.6085    -0.9717     0.8807     0.0000    24.3000     0.6900   234.6085    -0.2469    -0.0884     0.0000    24.3000     0.6900   234.6085    -0.0000    -3.3877     0.0000    24.3000     0.6900   234.6085    -0.2435     0.1853     0.0000    24.3000     0.6900   234.6085    -0.0000     0.0000     0.0000    24.3000     0.6900   234.6085    -0.0000     0.0000     0.0000    24.3000     0.6900   234.6085    -0.0000     0.0000
   21.0000     0.5000  95272.659     0.0000    23.9000     0.7400   235.1088    -1.3435     0.6354     0.0000    23.9000     0.7400   235.1088    -0.4366    -0.0214     0.0000    23.9000     0.7400   235.1088    -0.0000    -3.0817     0.0000    23.9000     0.7400   235.1088    -0.3188     0.2305     0.0000    23.9000     0.7400   235.1088    -0.0000     0.0000     0.0000    23.9000     0.7400   235.1088    -0.0000     0.0000     0.0000    23.9000     0.7400   235.1088    -0.0000     0.0000
   21.0417     0.5000  95292.977     0.0000    23.7000     0.7500   234.2336    -1.6431     0.2437     0.0000    23.7000     0.7500   234.2336    -0.5936     0.1487     0.0000    23.7000     0.7500   234.2336    -0.0000    -2.7757     0.0000    23.7000     0.7500   234.2336    -0.3304     0.2267     0.0000    23.7000     0.7500   234.2336    -0.0000     0.0000     0.0000    23.7000     0.7500   234.2336    -0.0000     0.0000     0.0000    23.7000     0.7500   234.2336    -0.0000     0.0000
   21.0833     0.5000  95347.159    20.3700    24.4000     0.7100   271.0195    -1.7965     0.1547    20.3700    24.4000     0.7100   271.0195    -0.8320     0.3327    20.3700    24.4000     0.7100   271.0195    -0.0000    -2.7102    20.3700    24.4000     0.7100   271.0195    -0.5557     0.3812    20.3700    24.4000     0.7100   271.0195    -0.1185     0.0561    20.3700    24.4000     0.7100   271.0195    -0.1185     0.0561    20.3700    24.4000     0.7100   271.0195    -0.1185     0.0561
   21.1250     0.5000  95353.932    59.1700    24.8000     0.7300   304.6891    -2.8954     0.7631    59.1700    24.8000     0.7300   304.6891    -1.2087     0.4493    59.1700    24.8000     0.7300   304.6891    -0.0000    -2.8850    59.1700    24.8000     0.7300   304.6891    -1.1160     0.8066    59.1700    24.8000     0.7300   304.6891    -0.3374     0.2023    59.1700    24.8000     0.7300   304.6891    -0.3374     0.2023    59.1700    24.8000     0.7300   304.6891    -0.3374     0.2023
   21.1667     0.5000  95418.273   280.3300    25.8000     0.7200   272.2913    -2.8979     1.3273   280.3300    25.8000     0.7200   272.2913    -1.5914     0.5475   280.3300    25.8000     0.7200   272.2913    -0.0000    -3.0599   280.3300    25.8000     0.7200   272.2913    -1.2901     0.9815   280.3300    25.8000     0.7200   272.2913    -0.4389     0.3255   280.3300    25.8000     0.7200   272.2913    -0.5267     0.3906   280.3300    25.8000     0.7200   272.2913    -0.5267     0.3906
   21.2083     0.5000  95394.569   396.7300    28.7000     0.5300   279.6382    -3.1990     2.1948   396.7300    28.7000     0.5300   279.6382    -1.9794     0.6271   396.7300    28.7000     0.5300   279.6382    -0.0000    -3.2347   396.7300    28.7000     0.5300   279.6382    -1.9624     1.5706   396.7300    28.7000     0.5300   279.6382    -0.6802     0.6165   396.7300    28.7000     0.5300   279.6382    -0.5668     0.5137   396.7300    28.7000     0.5300   279.6382    -0.6802     0.6165
   21.2500     0.5000  95397.955   287.1200    30.8000     0.4600   321.2915    -3.1852     3.6021   287.1200    30.8000     0.4600   321.2915    -2.1262     1.4207   287.1200    30.8000     0.4600   321.2915    -0.0000    -3.3440   287.1200    30.8000     0.4600   321.2915    -1.9965     1.5979   287.1200    30.8000     0.4600   321.2915    -0.6464     0.6154   287.1200    30.8000     0.4600   321.2915    -0.7756     0.7385   287.1200    30.8000     0.4600   321.2915    -0.7756     0.7385
   21.2917     0.5000  95394.569   278.3900    29.8000     0.5700   332.6197    -1.6878     3.9373   278.3900    29.8000     0.5700   332.6197    -1.1961     2.8875   278.3900    29.8000     0.5700   332.6197    -0.0000    -3.3877   278.3900    29.8000     0.5700   332.6197    -1.6524     1.2573   278.3900    29.8000     0.5700   332.6197    -0.8440     0.7281   278.3900    29.8000     0.5700   332.6197    -0.7034     0.6067   278.3900    29.8000     0.5700   332.6197    -0.8440     0.7281
   21.3333     0.5000  95397.955   320.1000    31.1000     0.4400   325.6138    -0.3225     3.7454   320.1000    31.1000     0.4400   325.6138     0.6005     3.0190   320.1000    31.1000     0.4400   325.6138    -0.0000    -3.4314   320.1000    31.1000     0.4400   325.6138    -1.2931     0.9346   320.1000    31.1000     0.4400   325.6138    -0.9132     0.7127   320.1000    31.1000     0.4400   325.6138    -0.9132     0.7127   320.1000    31.1000     0.4400   325.6138    -0.9132     0.7127
   21.3750     0.5000  95370.864   931.1999    32.1000     0.5300   284.0041     0.7474     3.1472   931.1999    32.1000     0.5300   284.0041     3.0137     3.0137   931.1999    32.1000     0.5300   284.0041    -0.0000    -3.4752   931.1999    32.1000     0.5300   284.0041    -0.7660     0.5255   931.1999    32.1000     0.5300   284.0041    -0.9828     0.6922   931.1999    32.1000     0.5300   284.0041    -0.9828     0.6922   931.1999    32.1000     0.5300   284.0041    -0.9828     0.6922
   21.4167     0.5000  95306.523   733.3200    34.3000     0.4100   296.2591     1.5494     2.3817   733.3200    34.3000     0.4100   296.2591     3.9799     2.6593   733.3200    34.3000     0.4100   296.2591    -0.0000    -3.8249   733.3200    34.3000     0.4100   296.2591    -0.5284     0.5830   733.3200    34.3000     0.4100   296.2591    -0.6176     0.8117   733.3200    34.3000     0.4100   296.2591    -0.7411     0.9741   733.3200    34.3000     0.4100   296.2591    -0.7411     0.9741
   21.4583     0.5000  95279.432   693.5500    35.6000     0.3500   294.0566     2.0902     1.5108   693.5500    35.6000     0.3500   294.0566     3.7246     3.7246   693.5500    35.6000     0.3500   294.0566    -0.0000    -4.4805   693.5500    35.6000     0.3500   294.0566    -0.1487     0.5936   693.5500    35.6000     0.3500   294.0566     0.0150     1.2239   693.5500    35.6000     0.3500   294.0566     0.0150     1.2239   693.5500    35.6000     0.3500   294.0566     0.0150     1.2239
   21.5000     0.5000  95276.045   547.0800    35.9000     0.3600   305.6139     2.2403     0.5905   547.0800    35.9000     0.3600   305.6139     3.1935     4.7795   547.0800    35.9000     0.3600   305.6139    -0.0000    -5.1362   547.0800    35.9000     0.3600   305.6139     0.1062     0.4240   547.0800    35.9000     0.3600   305.6139     0.7648     0.9556   547.0800    35.9000     0.3600   305.6139     0.7648     0.9556   547.0800    35.9000     0.3600   305.6139     0.7648     0.9556
   21.5417     0.5000  95286.204   369.5700    35.7000     0.3900   320.9257     2.0420    -0.2265   369.5700    35.7000     0.3900   320.9257     2.3838     5.7549   369.5700    35.7000     0.3900   320.9257    -0.0000    -5.7919   369.5700    35.7000     0.3900   320.9257     0.1761     0.1943   369.5700    35.7000     0.3900   320.9257     1.1908     0.2828   369.5700    35.7000     0.3900   320.9257     1.1908     0.2828   369.5700    35.7000     0.3900   320.9257     1.1908     0.2828
   21.5833     0.5000  95292.977   194.9700    34.0000     0.4300   328.4181     1.7569    -0.5329   194.9700    34.0000     0.4300   328.4181    -0.4894     5.6835   194.9700    34.0000     0.4300   328.4181    -0.0000    -5.7919   194.9700    34.0000     0.4300   328.4181     0.1171     0.0985   194.9700    34.0000     0.4300   328.4181     1.0709    -0.0131   194.9700    34.0000     0.4300   328.4181     1.0709    -0.0131   194.9700    34.0000     0.4300   328.4181     1.0709    -0.0131
   21.6250     0.5000  95360.705    22.3100    31.3000     0.4900   341.0971     1.5896    -0.4822    22.3100    31.3000     0.4900   341.0971    -3.1273     2.7653    22.3100    31.3000     0.4900   341.0971    -0.0000    -5.1362    22.3100    31.3000     0.4900   341.0971     0.0662     0.0870    22.3100    31.3000     0.4900   341.0971     0.7553     0.1215    22.3100    31.3000     0.4900   341.0971     0.7553     0.1215    22.3100    31.3000     0.4900   341.0971     0.7553     0.1215
   21.6667     0.5000  95404.728     0.0000    28.8000     0.5500   324.5238     1.4222    -0.4314     0.0000    28.8000     0.5500   324.5238    -2.6428    -0.0973     0.0000    28.8000     0.5500   324.5238    -0.0000    -4.4805     0.0000    28.8000     0.5500   324.5238     0.0273     0.0596     0.0000    28.8000     0.5500   324.5238     0.4340     0.1493     0.0000    28.8000     0.5500   324.5238     0.4340     0.1493     0.0000    28.8000     0.5500   324.5238     0.4340     0.1493
   21.7083     0.5000  95428.433     0.0000    28.3000     0.5600   255.3993     1.2549    -0.3807     0.0000    28.3000     0.5600   255.3993    -0.7785    -0.7978     0.0000    28.3000     0.5600   255.3993    -0.0000    -3.8249     0.0000    28.3000     0.5600   255.3993     0.0045     0.0214     0.0000    28.3000     0.5600   255.3993     0.1340     0.0738     0.0000    28.3000     0.5600   255.3993     0.1340     0.0738     0.0000    28.3000     0.5600   255.3993     0.1340     0.0738
   21.7500     0.5000  95496.160     0.0000    27.7000     0.5800   252.4544     1.3769    -0.0000     0.0000    27.7000     0.5800   252.4544    -0.1941    -0.2365     0.0000    27.7000     0.5800   252.4544    -0.0000    -3.4096     0.0000    27.7000     0.5800   252.4544     0.0032     0.0874     0.0000    27.7000     0.5800   252.4544     0.0000     0.0000     0.0000    27.7000     0.5800   252.4544     0.0000     0.0000     0.0000    27.7000     0.5800   252.4544     0.0000     0.0000
   21.7917     0.5000  95475.842     0.0000    26.3000     0.6200   244.8008     1.3993     0.9350     0.0000    26.3000     0.6200   244.8008    -0.2092    -0.0634     0.0000    26.3000     0.6200   244.8008    -0.0000    -3.2347     0.0000    26.3000     0.6200   244.8008    -0.0225     0.2613     0.0000    26.3000     0.6200   244.8008    -0.0000     0.0000     0.0000    26.3000     0.6200   244.8008    -0.0000     0.0000     0.0000    26.3000     0.6200   244.8008    -0.0000     0.0000
   21.8333     0.5000  95496.160     0.0000    25.5000     0.6500   240.9457     0.7611     1.8375     0.0000    25.5000     0.6500   240.9457    -0.1255     0.0381     0.0000    25.5000     0.6500   240.9457    -0.0000    -3.0599     0.0000    25.5000     0.6500   240.9457    -0.0905     0.4276     0.0000    25.5000     0.6500   240.9457    -0.0000    -0.0000     0.0000    25.5000     0.6500   240.9457    -0.0000    -0.0000     0.0000    25.5000     0.6500   240.9457    -0.0000    -0.0000
   21.8750     0.5000  95540.183     0.0000    25.3000     0.6800   241.7487    -0.4477     2.2508     0.0000    25.3000     0.6800   241.7487    -0.0277     0.0338     0.0000    25.3000     0.6800   241.7487    -0.0000    -2.8850     0.0000    25.3000     0.6800   241.7487    -0.1991     0.5787     0.0000    25.3000     0.6800   241.7487    -0.0000    -0.0000     0.0000    25.3000     0.6800   241.7487    -0.0000    -0.0000     0.0000    25.3000     0.6800   241.7487    -0.0000    -0.0000
   21.9167     0.5000  95496.160     0.0000    24.4000     0.7000   236.1461    -1.1171     2.0297     0.0000    24.4000     0.7000   236.1461    -0.0000     0.0000     0.0000    24.4000     0.7000   236.1461    -0.0000    -2.7539     0.0000    24.4000     0.7000   236.1461    -0.2897     0.6125     0.0000    24.4000     0.7000   236.1461    -0.0108    -0.0190     0.0000    24.4000     0.7000   236.1461    -0.0108    -0.0190     0.0000    24.4000     0.7000   236.1461    -0.0108    -0.0190
   21.9583     0.5000  95502.933     0.0000    24.7000     0.7100   239.2635    -0.8621     1.4792     0.0000    24.7000     0.7100   239.2635     0.0000     0.0000     0.0000    24.7000     0.7100   239.2635    -0.0000    -2.6665     0.0000    24.7000     0.7100   239.2635    -0.3259     0.5437     0.0000    24.7000     0.7100   239.2635    -0.0655    -0.0016     0.0000    24.7000     0.7100   239.2635    -0.0655    -0.0016     0.0000    24.7000     0.7100   239.2635    -0.0655    -0.0016
   22.0000     0.5000  95530.024     0.0000    24.6000     0.7100   238.4706    -0.9402     1.5258     0.0000    24.6000     0.7100   238.4706     0.0000     0.0000     0.0000    24.6000     0.7100   238.4706    -0.0000    -2.5790     0.0000    24.6000     0.7100   238.4706    -0.3515     0.4740     0.0000    24.6000     0.7100   238.4706    -0.0585     0.0923     0.0000    24.6000     0.7100   238.4706    -0.0585     0.0923     0.0000    24.6000     0.7100   238.4706    -0.0585     0.0923
   22.0417     0.5000  95526.638     0.0000    23.8000     0.7300   233.6143    -0.8343     1.2824     0.0000    23.8000     0.7300   233.6143     0.0000    -0.0000     0.0000    23.8000     0.7300   233.6143    -0.0000    -2.4916     0.0000    23.8000     0.7300   233.6143    -0.3058     0.3374     0.0000    23.8000     0.7300   233.6143     0.0688     0.1367     0.0000    23.8000     0.7300   233.6143     0.0688     0.1367     0.0000    23.8000     0.7300   233.6143     0.0688     0.1367
   22.0833     0.5000  95570.661    21.3400    24.0000     0.7500   262.4506    -0.9238     1.4588    21.3400    24.0000     0.7500   262.4506     0.2583    -0.1183    21.3400    24.0000     0.7500   262.4506    -0.0000    -2.7102    21.3400    24.0000     0.7500   262.4506    -0.4748     0.4199    21.3400    24.0000     0.7500   262.4506     0.1248     0.1521    21.3400    24.0000     0.7500   262.4506     0.1040     0.1267    21.3400    24.0000     0.7500   262.4506     0.1248     0.1521
   22.1250     0.5000  95570.661   164.5767    24.9000     0.7200   258.3595    -1.1742     2.0728   164.5767    24.9000     0.7200   258.3595     0.7468    -0.4110   164.5767    24.9000     0.7200   258.3595    -0.0000    -3.2347   164.5767    24.9000     0.7200   258.3595    -0.7029     0.4822   164.5767    24.9000     0.7200   258.3595     0.0236     0.2393   164.5767    24.9000     0.7200   258.3595     0.0236     0.2393   164.5767    24.9000     0.7200   258.3595     0.0196     0.1994
   22.1667     0.5000  95651.934   321.5550    26.6000     0.6900   265.4689    -1.3659     2.7136   321.5550    26.6000     0.6900   265.4689     1.1908    -0.7747   321.5550    26.6000     0.6900   265.4689    -0.0000    -3.7593   321.5550    26.6000     0.6900   265.4689    -0.7922     0.4110   321.5550    26.6000     0.6900   265.4689    -0.1339     0.2506   321.5550    26.6000     0.6900   265.4689    -0.1339     0.2506   321.5550    26.6000     0.6900   265.4689    -0.1116     0.2088
   22.2083     0.5000  95624.843   455.4150    28.3000     0.6000   272.1510    -1.2474     2.8140   455.4150    28.3000     0.6000   272.1510     1.5829    -1.2043   455.4150    28.3000     0.6000   272.1510    -0.0000    -4.2838   455.4150    28.3000     0.6000   272.1510    -1.0073     0.3744   455.4150    28.3000     0.6000   272.1510    -0.2891     0.1545   455.4150    28.3000     0.6000   272.1510    -0.2891     0.1545   455.4150    28.3000     0.6000   272.1510    -0.2891     0.1545
   22.2500     0.5000  95648.548   412.2500    30.0000     0.5500   305.8799    -1.2079     3.8129   412.2500    30.0000     0.5500   305.8799     1.8934    -1.1349   412.2500    30.0000     0.5500   305.8799    -0.0000    -4.8302   412.2500    30.0000     0.5500   305.8799    -1.3015     0.3774   412.2500    30.0000     0.5500   305.8799    -0.6321     0.2438   412.2500    30.0000     0.5500   305.8799    -0.6321     0.2438   412.2500    30.0000     0.5500   305.8799    -0.6321     0.2438
   22.2917     0.5000  95638.389   709.0700    31.7000     0.4600   278.3774    -0.5324     3.9200   709.0700    31.7000     0.4600   278.3774     2.0141    -0.5045   709.0700    31.7000     0.4600   278.3774    -0.0000    -5.3985   709.0700    31.7000     0.4600   278.3774    -1.0215     0.2692   709.0700    31.7000     0.4600   278.3774    -1.0095     0.8708   709.0700    31.7000     0.4600   278.3774    -1.0095     0.8708   709.0700    31.7000     0.4600   278.3774    -1.0095     0.8708
   22.3333     0.5000  95631.616   829.8350    31.6000     0.5200   278.6193     0.1440     3.9096   829.8350    31.6000     0.5200   278.6193     1.9429     0.0954   829.8350    31.6000     0.5200   278.6193    -0.0000    -5.9668   829.8350    31.6000     0.5200   278.6193    -0.9569     0.2273   829.8350    31.6000     0.5200   278.6193    -0.9803     1.7305   829.8350    31.6000     0.5200   278.6193    -0.8169     1.4421   829.8350    31.6000     0.5200   278.6193    -0.9803     1.7305
   22.3750     0.5000  95618.070   739.1400    32.3000     0.5000   293.3882     0.8012     3.7847   739.1400    32.3000     0.5000   293.3882     1.7080     0.6111   739.1400    32.3000     0.5000   293.3882    -0.0000    -6.5350   739.1400    32.3000     0.5000   293.3882    -1.0691     0.2263   739.1400    32.3000     0.5000   293.3882    -0.4521     2.6057   739.1400    32.3000     0.5000   293.3882    -0.4521     2.6057   739.1400    32.3000     0.5000   293.3882    -0.4521     2.6057
   22.4167     0.5000  95536.797   822.5600    34.9000     0.4500   298.4250     2.3848     3.8704   822.5600    34.9000     0.4500   298.4250     1.0354     1.3267   822.5600    34.9000     0.4500   298.4250    -0.0000    -6.8629   822.5600    34.9000     0.4500   298.4250    -0.7826     0.3469   822.5600    34.9000     0.4500   298.4250     0.7242     2.7475   822.5600    34.9000     0.4500   298.4250     0.7242     2.7475   822.5600    34.9000     0.4500   298.4250     0.7242     2.7475
   22.4583     0.5000  95475.842   727.0150    34.4000     0.4600   295.3976     5.2082     2.8665   727.0150    34.4000     0.4600   295.3976    -0.2653     1.5290   727.0150    34.4000     0.4600   295.3976    -0.0000    -6.9503   727.0150    34.4000     0.4600   295.3976    -0.5353     0.6206   727.0150    34.4000     0.4600   295.3976     1.8011     1.8459   727.0150    34.4000     0.4600   295.3976     1.5010     1.5383   727.0150    34.4000     0.4600   295.3976     1.8011     1.8459
   22.5000     0.5000  95469.069   504.8850    32.4000     0.5500   307.7879     7.3432    -0.0901   504.8850    32.4000     0.5500   307.7879    -1.2002     0.7600   504.8850    32.4000     0.5500   307.7879    -0.0000    -7.0377   504.8850    32.4000     0.5500   307.7879    -0.2089     0.7548   504.8850    32.4000     0.5500   307.7879     2.2251     0.6453   504.8850    32.4000     0.5500   307.7879     2.2251     0.6453   504.8850    32.4000     0.5500   307.7879     2.2251     0.6453
   22.5417     0.5000  95475.842   387.5150    31.0000     0.5200   292.3202     7.5533    -4.4022   387.5150    31.0000     0.5200   292.3202    -1.2428    -0.3439   387.5150    31.0000     0.5200   292.3202    -0.0000    -7.1252   387.5150    31.0000     0.5200   292.3202     0.1532     0.8829   387.5150    31.0000     0.5200   292.3202     1.9989    -0.4747   387.5150    31.0000     0.5200   292.3202     1.9989    -0.4747   387.5150    31.0000     0.5200   292.3202     1.9989    -0.4747
   22.5833     0.5000  95492.774   225.0400    30.3000     0.5600   300.7213     7.2980    -5.2750   225.0400    30.3000     0.5600   300.7213    -0.9160    -0.5959   225.0400    30.3000     0.5600   300.7213    -0.0000    -6.5787   225.0400    30.3000     0.5600   300.7213     0.2832     0.7341   225.0400    30.3000     0.5600   300.7213     1.5594    -0.8834   225.0400    30.3000     0.5600   300.7213     1.5594    -0.8834   225.0400    30.3000     0.5600   300.7213     1.5594    -0.8834
   22.6250     0.5000  95580.820    20.6933    28.3000     0.6100   326.4598     7.7509    -2.4555    20.6933    28.3000     0.6100   326.4598    -0.7785    -0.2894    20.6933    28.3000     0.6100   326.4598    -0.0000    -5.3985    20.6933    28.3000     0.6100   326.4598     0.1920     0.5811    20.6933    28.3000     0.6100   326.4598     1.2926    -0.8185    20.6933    28.3000     0.6100   326.4598     1.2926    -0.8185    20.6933    28.3000     0.6100   326.4598     1.2926    -0.8185
   22.6667     0.5000  95635.002     0.0000    27.6000     0.6300   321.8310     7.2557     0.0890     0.0000    27.6000     0.6300   321.8310    -0.5631    -0.0765     0.0000    27.6000     0.6300   321.8310    -0.0000    -4.2183     0.0000    27.6000     0.6300   321.8310     0.0972     0.3511     0.0000    27.6000     0.6300   321.8310     1.0364    -0.7299     0.0000    27.6000     0.6300   321.8310     1.0364    -0.7299     0.0000    27.6000     0.6300   321.8310     1.0364    -0.7299
   22.7083     0.5000  95658.707     0.0000    26.8000     0.6500   251.3778     6.0349     2.0761     0.0000    26.8000     0.6500   251.3778    -0.3049     0.0263     0.0000    26.8000     0.6500   251.3778    -0.0000    -3.0380     0.0000    26.8000     0.6500   251.3778     0.0575     0.2559     0.0000    26.8000     0.6500   251.3778     0.7926    -0.6185     0.0000    26.8000     0.6500   251.3778     0.7926    -0.6185     0.0000    26.8000     0.6500   251.3778     0.7926    -0.6185
   22.7500     0.5000  95645.162     0.0000    26.4000     0.6500   248.1443     4.9301     2.4062     0.0000    26.4000     0.6500   248.1443    -0.1967    -0.0024     0.0000    26.4000     0.6500   248.1443    -0.0000    -2.6665     0.0000    26.4000     0.6500   248.1443    -0.0054     0.2185     0.0000    26.4000     0.6500   248.1443     0.6513    -0.4013     0.0000    26.4000     0.6500   248.1443     0.6513    -0.4013     0.0000    26.4000     0.6500   248.1443     0.6513    -0.4013
   22.7917     0.5000  95635.002     0.0000    25.5000     0.6400   240.1250     4.2414     1.6962     0.0000    25.5000     0.6400   240.1250    -0.2186    -0.1001     0.0000    25.5000     0.6400   240.1250    -0.0000    -3.1036     0.0000    25.5000     0.6400   240.1250    -0.1376     0.2733     0.0000    25.5000     0.6400   240.1250     0.5248    -0.1522     0.0000    25.5000     0.6400   240.1250     0.5248    -0.1522     0.0000    25.5000     0.6400   240.1250     0.5248    -0.1522
   22.8333     0.5000  95638.389     0.0000    25.3000     0.6500   239.3603     3.4796     1.1023     0.0000    25.3000     0.6500   239.3603    -0.1882    -0.2129     0.0000    25.3000     0.6500   239.3603    -0.0000    -3.5407     0.0000    25.3000     0.6500   239.3603    -0.3101     0.2420     0.0000    25.3000     0.6500   239.3603     0.3278    -0.0040     0.0000    25.3000     0.6500   239.3603     0.3278    -0.0040     0.0000    25.3000     0.6500   239.3603     0.3278    -0.0040
   22.8750     0.5000  95648.548     0.0000    24.8000     0.6700   237.0050     2.6581     0.6313     0.0000    24.8000     0.6700   237.0050    -0.0990    -0.3125     0.0000    24.8000     0.6700   237.0050    -0.0000    -3.9778     0.0000    24.8000     0.6700   237.0050    -0.4692     0.1054     0.0000    24.8000     0.6700   237.0050     0.1057     0.0279     0.0000    24.8000     0.6700   237.0050     0.1057     0.0279     0.0000    24.8000     0.6700   237.0050     0.1057     0.0279
   22.9167     0.5000  95706.116     0.0000    24.8000     0.6900   238.5503     1.9531     1.0750     0.0000    24.8000     0.6900   238.5503    -0.0508    -0.4121     0.0000    24.8000     0.6900   238.5503    -0.0000    -4.1964     0.0000    24.8000     0.6900   238.5503    -0.5676     0.0279     0.0000    24.8000     0.6900   238.5503     0.0206     0.0074     0.0000    24.8000     0.6900   238.5503     0.0206     0.0074     0.0000    24.8000     0.6900   238.5503     0.0206     0.0074
   22.9583     0.5000  95716.276     0.0000    24.2000     0.7300   236.7646     0.7829     1.6041     0.0000    24.2000     0.7300   236.7646    -0.0934    -0.5384     0.0000    24.2000     0.7300   236.7646    -0.0000    -4.1964     0.0000    24.2000     0.7300   236.7646    -0.6486     0.0962     0.0000    24.2000     0.7300   236.7646     0.0636     0.0159     0.0000    24.2000     0.7300   236.7646     0.0636     0.0159     0.0000    24.2000     0.7300   236.7646     0.0636     0.0159
   23.0000     0.5000  95695.957     0.0000    23.7000     0.7300   232.8299    -0.3264     2.0284     0.0000    23.7000     0.7300   232.8299    -0.1485    -0.6611     0.0000    23.7000     0.7300   232.8299    -0.0000    -4.1964     0.0000    23.7000     0.7300   232.8299    -0.7208     0.1806     0.0000    23.7000     0.7300   232.8299     0.1081     0.0160     0.0000    23.7000     0.7300   232.8299     0.1081     0.0160     0.0000    23.7000     0.7300   232.8299     0.1081     0.0160
   23.0417     0.5000  95784.003     0.0000    23.3000     0.7500   231.0971    -1.3738     1.4079     0.0000    23.3000     0.7500   231.0971    -0.2157    -0.7794     0.0000    23.3000     0.7500   231.0971    -0.0000    -4.1964     0.0000    23.3000     0.7500   231.0971    -0.7820     0.2798     0.0000    23.3000     0.7500   231.0971     0.1528     0.0075     0.0000    23.3000     0.7500   231.0971     0.1528     0.0075     0.0000    23.3000     0.7500   231.0971     0.1528     0.0075
   23.0833     0.5000  95736.594    36.3750    23.6000     0.7400   232.7513    -1.4729     0.8584    36.3750    23.6000     0.7400   232.7513    -0.2474    -0.8157    36.3750    23.6000     0.7400   232.7513    -0.0000    -3.9123    36.3750    23.6000     0.7400   232.7513    -0.9260     0.3313    36.3750    23.6000     0.7400   232.7513     0.2589     0.0417    36.3750    23.6000     0.7400   232.7513     0.2589     0.0417    36.3750    23.6000     0.7400   232.7513     0.2589     0.0417
   23.1250     0.5000  95814.481    43.6500    23.4000     0.7400   292.5877    -1.0453     0.7172    43.6500    23.4000     0.7400   292.5877    -0.2347    -0.7739    43.6500    23.4000     0.7400   292.5877    -0.0000    -3.3440    43.6500    23.4000     0.7400   292.5877    -1.1661     0.2921    43.6500    23.4000     0.7400   292.5877     0.3880     0.2013    43.6500    23.4000     0.7400   292.5877     0.3880     0.2013    43.6500    23.4000     0.7400   292.5877     0.3880     0.2013
   23.1667     0.5000  95875.436    80.9950    24.2000     0.6800   294.7872    -0.6484     0.5190    80.9950    24.2000     0.6800   294.7872    -0.2221    -0.7320    80.9950    24.2000     0.6800   294.7872    -0.0000    -2.7757    80.9950    24.2000     0.6800   294.7872    -1.1711     0.1737    80.9950    24.2000     0.6800   294.7872     0.4274     0.4380    80.9950    24.2000     0.6800   294.7872     0.4274     0.4380    80.9950    24.2000     0.6800   294.7872     0.4274     0.4380
   23.2083     0.5000  95865.277   109.3675    24.2000     0.7300   299.1145    -0.2402     0.2231   109.3675    24.2000     0.7300   299.1145    -0.2094    -0.6902   109.3675    24.2000     0.7300   299.1145    -0.0000    -2.2075   109.3675    24.2000     0.7300   299.1145    -1.3644     0.0670   109.3675    24.2000     0.7300   299.1145     0.3451     0.7071   109.3675    24.2000     0.7300   299.1145     0.3451     0.7071   109.3675    24.2000     0.7300   299.1145     0.3451     0.7071
   23.2500     0.5000  95916.073   141.6200    24.3000     0.7000   297.4696    -0.2034     0.1984   141.6200    24.3000     0.7000   297.4696    -0.1848    -0.5834   141.6200    24.3000     0.7000   297.4696    -0.0000    -1.8578   141.6200    24.3000     0.7000   297.4696    -1.6828    -0.0207   141.6200    24.3000     0.7000   297.4696     0.1097     0.8894   141.6200    24.3000     0.7000   297.4696     0.1097     0.8894   141.6200    24.3000     0.7000   297.4696     0.1097     0.8894
   23.2917     0.5000  95929.618   107.6700    23.3000     0.7600   293.2837    -0.3069     0.2851   107.6700    23.3000     0.7600   293.2837    -0.1422    -0.4133   107.6700    23.3000     0.7600   293.2837    -0.0000    -1.7266   107.6700    23.3000     0.7600   293.2837    -1.5507    -0.0571   107.6700    23.3000     0.7600   293.2837    -0.2059     0.9170   107.6700    23.3000     0.7600   293.2837    -0.2059     0.9170   107.6700    23.3000     0.7600   293.2837    -0.2059     0.9170
   23.3333     0.5000  95943.164    80.7525    23.2000     0.8000   295.4746    -0.4503     0.3981    80.7525    23.2000     0.8000   295.4746    -0.0914    -0.2458    80.7525    23.2000     0.8000   295.4746    -0.0000    -1.5955    80.7525    23.2000     0.8000   295.4746    -1.1817    -0.0726    80.7525    23.2000     0.8000   295.4746    -0.5262     0.8309    80.7525    23.2000     0.8000   295.4746    -0.4385     0.6925    80.7525    23.2000     0.8000   295.4746    -0.5262     0.8309
   23.3750     0.5000  95953.323   164.9000    24.6000     0.7000   300.2380    -0.7191     0.6051   164.9000    24.6000     0.7000   300.2380    -0.0325    -0.0812   164.9000    24.6000     0.7000   300.2380    -0.0000    -1.4644   164.9000    24.6000     0.7000   300.2380    -1.2848    -0.1106   164.9000    24.6000     0.7000   300.2380    -0.8098     0.6320   164.9000    24.6000     0.7000   300.2380    -0.8098     0.6320   164.9000    24.6000     0.7000   300.2380    -0.8098     0.6320
   23.4167     0.5000  95919.459   168.5375    25.7000     0.6900   309.6016    -0.8487     0.7884   168.5375    25.7000     0.6900   309.6016    -0.0277    -0.0338   168.5375    25.7000     0.6900   309.6016    -0.2083    -1.2947   168.5375    25.7000     0.6900   309.6016    -1.0382     0.0000   168.5375    25.7000     0.6900   309.6016    -0.8659     0.3838   168.5375    25.7000     0.6900   309.6016    -1.0390     0.4606   168.5375    25.7000     0.6900   309.6016    -1.0390     0.4606
   23.4583     0.5000  95926.232    92.7967    25.6000     0.6700   306.8231    -0.8865     1.0536    92.7967    25.6000     0.6700   306.8231    -0.1255    -0.0381    92.7967    25.6000     0.6700   306.8231    -0.5234    -1.0088    92.7967    25.6000     0.6700   306.8231    -1.2647     0.2516    92.7967    25.6000     0.6700   306.8231    -1.2639     0.3498    92.7967    25.6000     0.6700   306.8231    -1.2639     0.3498    92.7967    25.6000     0.6700   306.8231    -1.2639     0.3498
   23.5000     0.5000  95882.209   156.1700    25.0000     0.7100   304.8306    -0.8701     1.3374   156.1700    25.0000     0.7100   304.8306    -0.2092     0.0634   156.1700    25.0000     0.7100   304.8306    -0.6883    -0.6716   156.1700    25.0000     0.7100   304.8306    -1.2317     0.5102   156.1700    25.0000     0.7100   304.8306    -1.4751     0.1819   156.1700    25.0000     0.7100   304.8306    -1.4751     0.1819   156.1700    25.0000     0.7100   304.8306    -1.4751     0.1819
   23.5417     0.5000  95868.663   108.6400    25.3000     0.7100   307.6367    -0.7957     1.6303   108.6400    25.3000     0.7100   307.6367    -0.1941     0.2365   108.6400    25.3000     0.7100   307.6367    -0.7071    -0.3451   108.6400    25.3000     0.7100   307.6367    -0.9541     0.6375   108.6400    25.3000     0.7100   307.6367    -1.3838    -0.0340   108.6400    25.3000     0.7100   307.6367    -1.6606    -0.0408   108.6400    25.3000     0.7100   307.6367    -1.6606    -0.0408
   23.5833     0.5000  95828.026    86.8150    25.4000     0.7000   307.6873    -0.6440     1.5548    86.8150    25.4000     0.7000   307.6873    -0.0273     0.3706    86.8150    25.4000     0.7000   307.6873    -0.5565    -0.2716    86.8150    25.4000     0.7000   307.6873    -1.1436     0.8054    86.8150    25.4000     0.7000   307.6873    -1.6209     0.0199    86.8150    25.4000     0.7000   307.6873    -1.9451     0.0239    86.8150    25.4000     0.7000   307.6873    -1.9451     0.0239
   23.6250     0.5000  95817.867    14.2267    24.9000     0.7000   303.0200    -0.4600     1.1106    14.2267    24.9000     0.7000   303.0200     0.2222     0.3508    14.2267    24.9000     0.7000   303.0200    -0.5944    -0.5800    14.2267    24.9000     0.7000   303.0200    -1.2494     0.6289    14.2267    24.9000     0.7000   303.0200    -1.8961     0.4503    14.2267    24.9000     0.7000   303.0200    -2.2753     0.5404    14.2267    24.9000     0.7000   303.0200    -2.2753     0.5404
   23.6667     0.5000  95831.413     0.0000    24.0000     0.7200   296.4275    -0.2760     0.6664     0.0000    24.0000     0.7200   296.4275     0.4282     0.1652     0.0000    24.0000     0.7200   296.4275    -0.4228    -0.8148     0.0000    24.0000     0.7200   296.4275    -1.3282     0.4388     0.0000    24.0000     0.7200   296.4275    -2.0460     0.9986     0.0000    24.0000     0.7200   296.4275    -2.4552     1.1983     0.0000    24.0000     0.7200   296.4275    -2.4552     1.1983
   23.7083     0.5000  95882.209     0.0000    23.4000     0.7200   229.7751    -0.0920     0.2221     0.0000    23.4000     0.7200   229.7751     0.4845    -0.1341     0.0000    23.4000     0.7200   229.7751    -0.1597    -0.9926     0.0000    23.4000     0.7200   229.7751    -1.3782     0.2391     0.0000    23.4000     0.7200   229.7751    -2.0335     1.6275     0.0000    23.4000     0.7200   229.7751    -2.4402     1.9530     0.0000    23.4000     0.7200   229.7751    -2.4402     1.9530
   23.7500     0.5000  95878.822     0.0000    23.3000     0.7300   229.7056    -0.0000     0.0000     0.0000    23.3000     0.7300   229.7056     0.4424    -0.1224     0.0000    23.3000     0.7300   229.7056    -0.0000    -1.0928     0.0000    23.3000     0.7300   229.7056    -1.1712     0.3553     0.0000    23.3000     0.7300   229.7056    -1.4115     2.6407     0.0000    23.3000     0.7300   229.7056    -1.4115     2.6407     0.0000    23.3000     0.7300   229.7056    -1.4115     2.6407
   23.7917     0.5000  95878.822     0.0000    22.7000     0.7800   228.4338    -0.0000     0.0000     0.0000    22.7000     0.7800   228.4338     0.3059     0.1180     0.0000    22.7000     0.7800   228.4338    -0.0000    -1.1802     0.0000    22.7000     0.7800   228.4338    -0.5632     0.4622     0.0000    22.7000     0.7800   228.4338     0.2292     2.3274     0.0000    22.7000     0.7800   228.4338     0.2292     2.3274     0.0000    22.7000     0.7800   228.4338     0.2292     2.3274
   23.8333     0.5000  95885.595     0.0000    21.9000     0.7700   221.6015    -0.0000     0.0000     0.0000    21.9000     0.7700   221.6015     0.1052     0.1662     0.0000    21.9000     0.7700   221.6015    -0.0000    -1.2677     0.0000    21.9000     0.7700   221.6015    -0.2473     0.4626     0.0000    21.9000     0.7700   221.6015     1.0676     1.3009     0.0000    21.9000     0.7700   221.6015     1.0676     1.3009     0.0000    21.9000     0.7700   221.6015     1.0676     1.3009
   23.8750     0.5000  95861.890     0.0000    21.6000     0.8100   221.8443    -0.0000     0.0000     0.0000    21.6000     0.8100   221.8443    -0.0048     0.0654     0.0000    21.6000     0.8100   221.8443    -0.0000    -1.3551     0.0000    21.6000     0.8100   221.8443    -0.0171     0.1740     0.0000    21.6000     0.8100   221.8443     0.9830     0.2982     0.0000    21.6000     0.8100   221.8443     0.9830     0.2982     0.0000    21.6000     0.8100   221.8443     0.9830     0.2982
   23.9167     0.5000  95872.050     0.0000    21.3000     0.8300   220.7658    -0.0000    -0.0000     0.0000    21.3000     0.8300   220.7658    -0.0000     0.0000     0.0000    21.3000     0.8300   220.7658    -0.0000    -1.3988     0.0000    21.3000     0.8300   220.7658     0.0000     0.0000     0.0000    21.3000     0.8300   220.7658     0.6308     0.0621     0.0000    21.3000     0.8300   220.7658     0.6308     0.0621     0.0000    21.3000     0.8300   220.7658     0.6308     0.0621
   23.9583     0.5000  95878.822     0.0000    20.9000     0.8500   218.8930    -0.0000    -0.0000     0.0000    20.9000     0.8500   218.8930     0.0000     0.0000     0.0000    20.9000     0.8500   218.8930    -0.0000    -1.3988     0.0000    20.9000     0.8500   218.8930     0.0000     0.0000     0.0000    20.9000     0.8500   218.8930     0.4810     0.1459     0.0000    20.9000     0.8500   218.8930     0.4810     0.1459     0.0000    20.9000     0.8500   218.8930     0.4810     0.1459
   24.0000     0.5000  95912.686     0.0000    20.8000     0.8500   218.1293    -0.0000    -0.0000     0.0000    20.8000     0.8500   218.1293     0.0000     0.0000     0.0000    20.8000     0.8500   218.1293    -0.0000    -1.3988     0.0000    20.8000     0.8500   218.1293     0.0000     0.0000     0.0000    20.8000     0.8500   218.1293     0.3277     0.1752     0.0000    20.8000     0.8500   218.1293     0.3277     0.1752     0.0000    20.8000     0.8500   218.1293     0.3277     0.1752
   24.0417     0.5000  95919.459     0.0000    20.3000     0.8500   272.8657    -0.0000    -0.0000     0.0000    20.3000     0.8500   272.8657     0.0000    -0.0000     0.0000    20.3000     0.8500   272.8657    -0.0000    -1.3988     0.0000    20.3000     0.8500   272.8657     0.0000     0.0000     0.0000    20.3000     0.8500   272.8657     0.1858     0.1525     0.0000    20.3000     0.8500   272.8657     0.1858     0.1525     0.0000    20.3000     0.8500   272.8657     0.1858     0.1525
   24.0833     0.5000  95987.187    33.4650    20.9000     0.8600   219.4764    -0.4092     0.0710    33.4650    20.9000     0.8600   219.4764     0.0000    -0.0000    33.4650    20.9000     0.8600   219.4764    -0.0000    -1.7704    33.4650    20.9000     0.8600   219.4764     0.0128     0.0643    33.4650    20.9000     0.8600   219.4764     0.2265     0.3216    33.4650    20.9000     0.8600   219.4764     0.2265     0.3216    33.4650    20.9000     0.8600   219.4764     0.2265     0.3216
   24.1250     0.5000  96021.051   126.5850    22.1000     0.8400   259.4986    -0.7665     0.9821   126.5850    22.1000     0.8400   259.4986     0.0000     0.0000   126.5850    22.1000     0.8400   259.4986    -0.0000    -2.5135   126.5850    22.1000     0.8400   259.4986    -0.0384     0.1929   126.5850    22.1000     0.8400   259.4986     0.2215     0.8005   126.5850    22.1000     0.8400   259.4986     0.2215     0.8005   126.5850    22.1000     0.8400   259.4986     0.2215     0.8005
   24.1667     0.5000  96041.369   345.3200    23.2000     0.8000   238.5414     0.1527     2.0707   345.3200    23.2000     0.8000   238.5414     0.0000     0.0000   345.3200    23.2000     0.8000   238.5414    -0.0000    -2.7138   345.3200    23.2000     0.8000   238.5414    -0.1821     0.2726   345.3200    23.2000     0.8000   238.5414    -0.0777     1.0535   345.3200    23.2000     0.8000   238.5414    -0.0933     1.2642   345.3200    23.2000     0.8000   238.5414    -0.0933     1.2642
   24.2083     0.5000  96007.505   534.4700    23.4000     0.8000   235.2310     2.1053     2.0044   534.4700    23.4000     0.8000   235.2310    -0.0000     0.0000   534.4700    23.4000     0.8000   235.2310    -0.0000    -3.9997   534.4700    23.4000     0.8000   235.2310    -0.3816     0.2550   534.4700    23.4000     0.8000   235.2310    -0.6909     1.5585   534.4700    23.4000     0.8000   235.2310    -0.5757     1.2988   534.4700    23.4000     0.8000   235.2310    -0.6909     1.5585
   24.2500     0.5000  96010.891   675.1200    24.8000     0.7900   245.7450     3.4558     0.8656   675.1200    24.8000     0.7900   245.7450    -0.0561     0.1185   675.1200    24.8000     0.7900   245.7450    -0.0000    -4.7647   675.1200    24.8000     0.7900   245.7450    -0.4175     0.3176   675.1200    24.8000     0.7900   245.7450    -1.3020     1.7555   675.1200    24.8000     0.7900   245.7450    -1.3020     1.7555   675.1200    24.8000     0.7900   245.7450    -1.3020     1.7555
   24.2917     0.5000  95990.573   779.8800    26.6000     0.6800   252.2141     4.0385    -0.1984   779.8800    26.6000     0.6800   252.2141    -0.2023     0.3374   779.8800    26.6000     0.6800   252.2141    -0.0000    -5.5515   779.8800    26.6000     0.6800   252.2141    -0.2067     0.4821   779.8800    26.6000     0.6800   252.2141    -1.8200     2.0081   779.8800    26.6000     0.6800   252.2141    -1.5167     1.6734   779.8800    26.6000     0.6800   252.2141    -1.8200     2.0081
   24.3333     0.5000  95963.482   842.9300    28.8000     0.6100   264.2706     4.2598    -1.5242   842.9300    28.8000     0.6100   264.2706    -0.3906     0.5267   842.9300    28.8000     0.6100   264.2706    -0.0000    -6.3383   842.9300    28.8000     0.6100   264.2706     0.0578     0.5214   842.9300    28.8000     0.6100   264.2706    -2.3968     2.1723   842.9300    28.8000     0.6100   264.2706    -2.3968     2.1723   842.9300    28.8000     0.6100   264.2706    -2.3968     2.1723
   24.3750     0.5000  95888.981   867.6650    30.7000     0.5600   275.3044     4.0201    -2.9815   867.6650    30.7000     0.5600   275.3044    -0.5137     0.5668   867.6650    30.7000     0.5600   275.3044    -0.0000    -7.1252   867.6650    30.7000     0.5600   275.3044     0.3073     0.4251   867.6650    30.7000     0.5600   275.3044    -3.0195     2.2394   867.6650    30.7000     0.5600   275.3044    -3.0195     2.2394   867.6650    30.7000     0.5600   275.3044    -3.0195     2.2394
   24.4167     0.5000  95834.799   812.8600    32.6000     0.4100   273.2470     4.1110    -4.1110   812.8600    32.6000     0.4100   273.2470    -0.8362     0.7036   812.8600    32.6000     0.4100   273.2470    -0.0000    -7.6060   812.8600    32.6000     0.4100   273.2470     0.3918     0.4116   812.8600    32.6000     0.4100   273.2470    -2.4070     3.3302   812.8600    32.6000     0.4100   273.2470    -2.0059     2.7751   812.8600    32.6000     0.4100   273.2470    -2.4070     3.3302
   24.4583     0.5000  95797.549   627.1050    32.4000     0.4700   293.1402     4.9146    -4.9146   627.1050    32.4000     0.4700   293.1402    -1.3218     0.7704   627.1050    32.4000     0.4700   293.1402    -0.0000    -7.7808   627.1050    32.4000     0.4700   293.1402     0.3232     0.5705   627.1050    32.4000     0.4700   293.1402     0.3063     3.5567   627.1050    32.4000     0.4700   293.1402     0.3675     4.2680   627.1050    32.4000     0.4700   293.1402     0.3675     4.2680
   24.5000     0.5000  95743.367   500.0350    32.9000     0.4300   297.4095     5.7183    -5.7183   500.0350    32.9000     0.4300   297.4095    -2.2126     0.8224   500.0350    32.9000     0.4300   297.4095    -0.0000    -7.9557   500.0350    32.9000     0.4300   297.4095     0.1982     0.7162   500.0350    32.9000     0.4300   297.4095     3.1912     3.1138   500.0350    32.9000     0.4300   297.4095     3.1912     3.1138   500.0350    32.9000     0.4300   297.4095     3.1912     3.1138
   24.5417     0.5000  95716.276   392.8500    31.7000     0.4900   293.0382     6.5219    -6.5219   392.8500    31.7000     0.4900   293.0382    -2.8363     0.5281   392.8500    31.7000     0.4900   293.0382    -0.0000    -8.1305   392.8500    31.7000     0.4900   293.0382     0.0170     0.6919   392.8500    31.7000     0.4900   293.0382     4.6248     0.2841   392.8500    31.7000     0.4900   293.0382     4.6248     0.2841   392.8500    31.7000     0.4900   293.0382     3.8540     0.2368
   24.5833     0.5000  95699.344   152.2900    30.8000     0.5700   329.6009     6.7467    -6.9143   152.2900    30.8000     0.5700   329.6009    -2.9671     0.4030   152.2900    30.8000     0.5700   329.6009    -0.0000    -7.9775   152.2900    30.8000     0.5700   329.6009    -0.0900     1.0452   152.2900    30.8000     0.5700   329.6009     3.9152    -1.5103   152.2900    30.8000     0.5700   329.6009     3.9152    -1.5103   152.2900    30.8000     0.5700   329.6009     3.2627    -1.2586
   24.6250     0.5000  95733.208    10.3467    29.2000     0.4400   313.9838     6.3964    -6.8856    10.3467    29.2000     0.4400   313.9838    -2.1917     0.4640    10.3467    29.2000     0.4400   313.9838    -0.0000    -7.4967    10.3467    29.2000     0.4400   313.9838    -0.0858     1.3962    10.3467    29.2000     0.4400   313.9838     2.7384    -1.5513    10.3467    29.2000     0.4400   313.9838     2.7384    -1.5513    10.3467    29.2000     0.4400   313.9838     2.2820    -1.2928
   24.6667     0.5000  95784.003     0.0000    27.6000     0.5000   307.1576     6.0518    -6.8441     0.0000    27.6000     0.5000   307.1576    -1.9067     0.5529     0.0000    27.6000     0.5000   307.1576    -0.0000    -7.0159     0.0000    27.6000     0.5000   307.1576    -0.0644     1.7473     0.0000    27.6000     0.5000   307.1576     1.6541    -1.2909     0.0000    27.6000     0.5000   307.1576     1.6541    -1.2909     0.0000    27.6000     0.5000   307.1576     1.3784    -1.0757
   24.7083     0.5000  95777.231     0.0000    26.9000     0.5100   239.1735     5.7131    -6.7898     0.0000    26.9000     0.5100   239.1735    -1.9462     0.7234     0.0000    26.9000     0.5100   239.1735    -0.0000    -6.5350     0.0000    26.9000     0.5100   239.1735    -0.0215     1.7484     0.0000    26.9000     0.5100   239.1735     0.7234    -0.7598     0.0000    26.9000     0.5100   239.1735     0.7234    -0.7598     0.0000    26.9000     0.5100   239.1735     0.6028    -0.6332
   24.7500     0.5000  95780.617     0.0000    26.1000     0.5900   240.5705     5.3659    -6.5384     0.0000    26.1000     0.5900   240.5705    -1.7512     0.2598     0.0000    26.1000     0.5900   240.5705    -0.0000    -5.8356     0.0000    26.1000     0.5900   240.5705     0.4391     2.0741     0.0000    26.1000     0.5900   240.5705     0.4512    -0.0840     0.0000    26.1000     0.5900   240.5705     0.4512    -0.0840     0.0000    26.1000     0.5900   240.5705     0.4512    -0.0840
   24.7917     0.5000  95756.912     0.0000    25.8000     0.5300   232.6061     5.0054    -6.0991     0.0000    25.8000     0.5300   232.6061    -1.1490    -0.4111     0.0000    25.8000     0.5300   232.6061    -0.0000    -4.9177     0.0000    25.8000     0.5300   232.6061     1.0627     1.4702     0.0000    25.8000     0.5300   232.6061     0.1142     0.3073     0.0000    25.8000     0.5300   232.6061     0.1142     0.3073     0.0000    25.8000     0.5300   232.6061     0.1142     0.3073
   24.8333     0.5000  95777.231     0.0000    25.8000     0.5900   238.2040     4.6449    -5.6599     0.0000    25.8000     0.5900   238.2040    -0.7779    -0.8583     0.0000    25.8000     0.5900   238.2040    -0.0000    -3.9997     0.0000    25.8000     0.5900   238.2040     1.3029     0.7594     0.0000    25.8000     0.5900   238.2040    -0.1699     0.0990     0.0000    25.8000     0.5900   238.2040    -0.1699     0.0990     0.0000    25.8000     0.5900   238.2040    -0.1699     0.0990
   24.8750     0.5000  95726.435     0.0000    24.7000     0.5800   228.7483     4.2844    -5.2206     0.0000    24.7000     0.5800   228.7483    -0.2071    -0.8269     0.0000    24.7000     0.5800   228.7483    -0.0000    -3.0817     0.0000    24.7000     0.5800   228.7483     1.1948     0.1325     0.0000    24.7000     0.5800   228.7483    -0.0422    -0.0502     0.0000    24.7000     0.5800   228.7483    -0.0422    -0.0502     0.0000    24.7000     0.5800   228.7483    -0.0422    -0.0502
   24.9167     0.5000  95719.662     0.0000    24.0000     0.6400   228.3870     3.9823    -4.7328     0.0000    24.0000     0.6400   228.3870    -0.1807    -0.6530     0.0000    24.0000     0.6400   228.3870    -0.0000    -2.4916     0.0000    24.0000     0.6400   228.3870     1.0099    -0.1880     0.0000    24.0000     0.6400   228.3870    -0.0000    -0.0000     0.0000    24.0000     0.6400   228.3870    -0.0000    -0.0000     0.0000    24.0000     0.6400   228.3870    -0.0000    -0.0000
   24.9583     0.5000  95723.048     0.0000    24.3000     0.6500   231.5112     3.7208    -4.2080     0.0000    24.3000     0.6500   231.5112    -0.4591    -0.4371     0.0000    24.3000     0.6500   231.5112    -0.0000    -2.2293     0.0000    24.3000     0.6500   231.5112     0.9219    -0.3427     0.0000    24.3000     0.6500   231.5112    -0.0000    -0.0000     0.0000    24.3000     0.6500   231.5112    -0.0000    -0.0000     0.0000    24.3000     0.6500   231.5112    -0.0000    -0.0000
   25.0000     0.5000  95651.934     0.0000    23.7000     0.7100   231.3930     3.4362    -3.6990     0.0000    23.7000     0.7100   231.3930    -0.5758    -0.1293     0.0000    23.7000     0.7100   231.3930    -0.0000    -1.9671     0.0000    23.7000     0.7100   231.3930     0.8120    -0.4732     0.0000    23.7000     0.7100   231.3930    -0.0000    -0.0000     0.0000    23.7000     0.7100   231.3930    -0.0000    -0.0000     0.0000    23.7000     0.7100   231.3930    -0.0000    -0.0000
   25.0417     0.5000  95641.775     0.0000    23.3000     0.7200   290.0271     3.1291    -3.2069     0.0000    23.3000     0.7200   290.0271    -0.5188     0.1714     0.0000    23.3000     0.7200   290.0271    -0.0000    -1.7048     0.0000    23.3000     0.7200   290.0271     0.6857    -0.5769     0.0000    23.3000     0.7200   290.0271    -0.0000    -0.0000     0.0000    23.3000     0.7200   290.0271    -0.0000    -0.0000     0.0000    23.3000     0.7200   290.0271    -0.0000    -0.0000
   25.0833     0.5000  95695.957    20.3700    23.0000     0.7200   231.0290     3.0782    -2.7219    20.3700    23.0000     0.7200   231.0290    -0.7288     0.6605    20.3700    23.0000     0.7200   231.0290    -0.0000    -1.8796    20.3700    23.0000     0.7200   231.0290     0.8857    -0.6402    20.3700    23.0000     0.7200   231.0290    -0.2149    -0.0400    20.3700    23.0000     0.7200   231.0290    -0.2149    -0.0400    20.3700    23.0000     0.7200   231.0290    -0.2149    -0.0400
   25.1250     0.5000  95739.980   156.6550    23.3000     0.6800   243.0592     3.2440    -2.2257   156.6550    23.3000     0.6800   243.0592    -0.9776     1.6310   156.6550    23.3000     0.6800   243.0592    -0.0000    -2.4916   156.6550    23.3000     0.6800   243.0592     1.4585    -0.4621   156.6550    23.3000     0.6800   243.0592    -0.6379     0.1515   156.6550    23.3000     0.6800   243.0592    -0.6379     0.1515   156.6550    23.3000     0.6800   243.0592    -0.6379     0.1515
   25.1667     0.5000  95763.685   336.3475    24.2000     0.7100   241.9910     3.3369    -1.7313   336.3475    24.2000     0.7100   241.9910    -0.6851     2.7350   336.3475    24.2000     0.7100   241.9910    -0.0000    -3.1036   336.3475    24.2000     0.7100   241.9910     1.9669     0.0241   336.3475    24.2000     0.7100   241.9910    -0.8697     0.6617   336.3475    24.2000     0.7100   241.9910    -0.8697     0.6617   336.3475    24.2000     0.7100   241.9910    -0.8697     0.6617
   25.2083     0.5000  95723.048   326.8900    25.7000     0.6300   275.6526     3.3598    -1.2489   326.8900    25.7000     0.6300   275.6526     0.1834     3.7329   326.8900    25.7000     0.6300   275.6526    -0.0000    -3.7156   326.8900    25.7000     0.6300   275.6526     2.2734     0.7821   326.8900    25.7000     0.6300   275.6526    -0.7377     1.3403   326.8900    25.7000     0.6300   275.6526    -0.6148     1.1169   326.8900    25.7000     0.6300   275.6526    -0.7377     1.3403
   25.2500     0.5000  95668.866   401.5800    27.2000     0.5300   279.8425     3.2957    -0.9557   401.5800    27.2000     0.5300   279.8425     1.6755     4.3434   401.5800    27.2000     0.5300   279.8425    -0.0000    -4.5024   401.5800    27.2000     0.5300   279.8425     2.5997     1.3488   401.5800    27.2000     0.5300   279.8425    -0.6397     1.7209   401.5800    27.2000     0.5300   279.8425    -0.5331     1.4341   401.5800    27.2000     0.5300   279.8425    -0.6397     1.7209
   25.2917     0.5000  95675.639   937.9899    29.4000     0.4300   249.8213     3.1913    -0.8411   937.9899    29.4000     0.4300   249.8213     3.6404     4.2202   937.9899    29.4000     0.4300   249.8213    -0.0000    -5.4641   937.9899    29.4000     0.4300   249.8213     3.1820     1.5530   937.9899    29.4000     0.4300   249.8213    -0.9260     1.7848   937.9899    29.4000     0.4300   249.8213    -0.7717     1.4874   937.9899    29.4000     0.4300   249.8213    -0.9260     1.7848
   25.3333     0.5000  95584.207   828.3800    31.1000     0.4500   266.1267     3.0834    -0.7323   828.3800    31.1000     0.4500   266.1267     5.6480     3.1996   828.3800    31.1000     0.4500   266.1267    -0.0000    -6.4258   828.3800    31.1000     0.4500   266.1267     3.7755     1.7293   828.3800    31.1000     0.4500   266.1267    -1.2365     1.8022   828.3800    31.1000     0.4500   266.1267    -1.2365     1.8022   828.3800    31.1000     0.4500   266.1267    -1.2365     1.8022
   25.3750     0.5000  95506.320  1031.1100    31.8000     0.4600   273.1955     2.9722    -0.6292  1031.1100    31.8000     0.4600   273.1955     7.3002     1.2667  1031.1100    31.8000     0.4600   273.1955    -0.0000    -7.3874  1031.1100    31.8000     0.4600   273.1955     4.3793     1.8772  1031.1100    31.8000     0.4600   273.1955    -1.5636     1.7683  1031.1100    31.8000     0.4600   273.1955    -1.5636     1.7683  1031.1100    31.8000     0.4600   273.1955    -1.5636     1.7683
   25.4167     0.5000  95455.524   758.5400    32.3000     0.4200   276.5854     2.9080    -0.6156   758.5400    32.3000     0.4200   276.5854     7.9120     0.0000   758.5400    32.3000     0.4200   276.5854    -0.0000    -7.8901   758.5400    32.3000     0.4200   276.5854     4.9732     0.9892   758.5400    32.3000     0.4200   276.5854    -0.9386     2.1896   758.5400    32.3000     0.4200   276.5854    -0.7822     1.8247   758.5400    32.3000     0.4200   276.5854    -0.9386     2.1896
   25.4583     0.5000  95391.182   700.3400    34.9000     0.3400   284.5139     2.8920    -0.6868   700.3400    34.9000     0.3400   284.5139     7.9994     0.0000   700.3400    34.9000     0.3400   284.5139    -0.0000    -7.9338   700.3400    34.9000     0.3400   284.5139     4.9732    -0.9892   700.3400    34.9000     0.3400   284.5139     0.7844     2.1101   700.3400    34.9000     0.3400   284.5139     0.7844     2.1101   700.3400    34.9000     0.3400   284.5139     0.7844     2.1101
   25.5000     0.5000  95353.932   556.7800    35.7000     0.3500   299.3708     2.8743    -0.7576   556.7800    35.7000     0.3500   299.3708     8.0868     0.0000   556.7800    35.7000     0.3500   299.3708    -0.0000    -7.9775   556.7800    35.7000     0.3500   299.3708     4.2161    -2.8171   556.7800    35.7000     0.3500   299.3708     1.9052     0.9299   556.7800    35.7000     0.3500   299.3708     1.9052     0.9299   556.7800    35.7000     0.3500   299.3708     1.9052     0.9299
   25.5417     0.5000  95316.682   384.1200    35.2000     0.3900   311.6688     2.8548    -0.8279   384.1200    35.2000     0.3900   311.6688     8.1743     0.0000   384.1200    35.2000     0.3900   311.6688    -0.0000    -8.0213   384.1200    35.2000     0.3900   311.6688     2.8171    -4.2161   384.1200    35.2000     0.3900   311.6688     1.8961    -0.6007   384.1200    35.2000     0.3900   311.6688     1.8961    -0.6007   384.1200    35.2000     0.3900   311.6688     1.5800    -0.5006
   25.5833     0.5000  95292.977   201.7600    33.9000     0.4000   318.6089     2.7608    -0.8375   201.7600    33.9000     0.4000   318.6089     7.4093    -0.0000   201.7600    33.9000     0.4000   318.6089    -0.0000    -7.4093   201.7600    33.9000     0.4000   318.6089     2.9551    -3.4258   201.7600    33.9000     0.4000   318.6089     1.2330    -1.1454   201.7600    33.9000     0.4000   318.6089     1.2330    -1.1454   201.7600    33.9000     0.4000   318.6089     1.0275    -0.9545
   25.6250     0.5000  95333.614    15.5200    31.3000     0.5000   342.4586     2.5935    -0.7867    15.5200    31.3000     0.5000   342.4586     5.7919    -0.0000    15.5200    31.3000     0.5000   342.4586    -0.0000    -6.1416    15.5200    31.3000     0.5000   342.4586     3.3481    -0.7518    15.5200    31.3000     0.5000   342.4586     0.7739    -0.9198    15.5200    31.3000     0.5000   342.4586     0.7739    -0.9198    15.5200    31.3000     0.5000   342.4586     0.7739    -0.9198
   25.6667     0.5000  95343.773     0.0000    30.4000     0.4000   319.1310     2.4262    -0.7360     0.0000    30.4000     0.4000   319.1310     4.1746    -0.0000     0.0000    30.4000     0.4000   319.1310    -0.0000    -4.8740     0.0000    30.4000     0.4000   319.1310     2.1380     0.9477     0.0000    30.4000     0.4000   319.1310     0.3933    -0.6046     0.0000    30.4000     0.4000   319.1310     0.3933    -0.6046     0.0000    30.4000     0.4000   319.1310     0.3278    -0.5038
   25.7083     0.5000  95384.410     0.0000    29.6000     0.4500   253.9037     2.2588    -0.6852     0.0000    29.6000     0.4500   253.9037     2.5572    -0.0000     0.0000    29.6000     0.4500   253.9037    -0.0000    -3.6063     0.0000    29.6000     0.4500   253.9037     0.6141     1.0840     0.0000    29.6000     0.4500   253.9037     0.1055    -0.2161     0.0000    29.6000     0.4500   253.9037     0.1055    -0.2161     0.0000    29.6000     0.4500   253.9037     0.1055    -0.2161
   25.7500     0.5000  95367.478     0.0000    28.6000     0.4500   245.9168     2.0854    -0.5771     0.0000    28.6000     0.4500   245.9168     1.4405     0.5154     0.0000    28.6000     0.4500   245.9168    -0.0000    -2.8413     0.0000    28.6000     0.4500   245.9168     0.1120     0.6016     0.0000    28.6000     0.4500   245.9168     0.0167    -0.0404     0.0000    28.6000     0.4500   245.9168     0.0167    -0.0404     0.0000    28.6000     0.4500   245.9168     0.0167    -0.0404
   25.7917     0.5000  95340.387     0.0000    28.0000     0.5000   246.8149     1.8979    -0.4262     0.0000    28.0000     0.5000   246.8149     0.5618     0.9373     0.0000    28.0000     0.5000   246.8149    -0.0000    -2.5790     0.0000    28.0000     0.5000   246.8149     0.0694     0.4316     0.0000    28.0000     0.5000   246.8149     0.0502    -0.1212     0.0000    28.0000     0.5000   246.8149     0.0502    -0.1212     0.0000    28.0000     0.5000   246.8149     0.0502    -0.1212
   25.8333     0.5000  95316.682     0.0000    27.4000     0.4800   239.8955     1.7012    -0.2952     0.0000    27.4000     0.4800   239.8955    -0.0962     0.6486     0.0000    27.4000     0.4800   239.8955    -0.0000    -2.3168     0.0000    27.4000     0.4800   239.8955     0.0353     0.2599     0.0000    27.4000     0.4800   239.8955     0.0836    -0.2019     0.0000    27.4000     0.4800   239.8955     0.0836    -0.2019     0.0000    27.4000     0.4800   239.8955     0.0836    -0.2019
   25.8750     0.5000  95303.136     0.0000    26.1000     0.5800   239.6667     1.4967    -0.1846     0.0000    26.1000     0.5800   239.6667    -0.1619     0.1468     0.0000    26.1000     0.5800   239.6667    -0.0000    -2.0545     0.0000    26.1000     0.5800   239.6667     0.0096     0.0869     0.0000    26.1000     0.5800   239.6667     0.1171    -0.2827     0.0000    26.1000     0.5800   239.6667     0.1171    -0.2827     0.0000    26.1000     0.5800   239.6667     0.1171    -0.2827
   25.9167     0.5000  95269.272     0.0000    25.3000     0.6000   235.1611     1.2345    -0.1677     0.0000    25.3000     0.6000   235.1611    -0.0000     0.0000     0.0000    25.3000     0.6000   235.1611    -0.1399    -1.8963     0.0000    25.3000     0.6000   235.1611    -0.0096     0.0427     0.0000    25.3000     0.6000   235.1611     0.1171    -0.2827     0.0000    25.3000     0.6000   235.1611     0.1171    -0.2827     0.0000    25.3000     0.6000   235.1611     0.1171    -0.2827
   25.9583     0.5000  95282.818     0.0000    24.8000     0.6000   231.2652     0.9194    -0.1946     0.0000    24.8000     0.6000   231.2652    -0.0000     0.0000     0.0000    24.8000     0.6000   231.2652    -0.4070    -1.8126     0.0000    24.8000     0.6000   231.2652    -0.0993     0.0857     0.0000    24.8000     0.6000   231.2652     0.0836    -0.2019     0.0000    24.8000     0.6000   231.2652     0.0836    -0.2019     0.0000    24.8000     0.6000   231.2652     0.0697    -0.1683
   26.0000     0.5000  95272.659     0.0000    24.2000     0.6200   228.3066     0.6088    -0.1765     0.0000    24.2000     0.6200   228.3066    -0.0000     0.0000     0.0000    24.2000     0.6200   228.3066    -0.6529    -1.6925     0.0000    24.2000     0.6200   228.3066    -0.2180     0.0161     0.0000    24.2000     0.6200   228.3066     0.0502    -0.1212     0.0000    24.2000     0.6200   228.3066     0.0502    -0.1212     0.0000    24.2000     0.6200   228.3066     0.0502    -0.1212
   26.0417     0.5000  95272.659     0.0000    23.0000     0.7000   225.2400     0.3073    -0.1142     0.0000    23.0000     0.7000   225.2400    -0.0000     0.0000     0.0000    23.0000     0.7000   225.2400    -0.8726    -1.5404     0.0000    23.0000     0.7000   225.2400    -0.2585    -0.1637     0.0000    23.0000     0.7000   225.2400     0.0167    -0.0404     0.0000    23.0000     0.7000   225.2400     0.0167    -0.0404     0.0000    23.0000     0.7000   225.2400     0.0167    -0.0404
   26.0833     0.5000  95343.773    34.9200    23.7000     0.6900   229.9209     0.2552    -0.0606    34.9200    23.7000     0.6900   229.9209    -0.0162     0.0147    34.9200    23.7000     0.6900   229.9209    -0.9480    -1.6735    34.9200    23.7000     0.6900   229.9209    -0.3310    -0.2855    34.9200    23.7000     0.6900   229.9209     0.0579    -0.0655    34.9200    23.7000     0.6900   229.9209     0.0579    -0.0655    34.9200    23.7000     0.6900   229.9209     0.0579    -0.0655
   26.1250     0.5000  95364.091   209.5200    27.8000     0.6000   255.1254     0.4355     0.0375   209.5200    27.8000     0.6000   255.1254    -0.0337     0.0562   209.5200    27.8000     0.6000   255.1254    -0.8181    -2.1207   209.5200    27.8000     0.6000   255.1254    -0.5710    -0.2202   209.5200    27.8000     0.6000   255.1254     0.2578    -0.0480   209.5200    27.8000     0.6000   255.1254     0.2578    -0.0480   209.5200    27.8000     0.6000   255.1254     0.2149    -0.0400
   26.1667     0.5000  95367.478   388.0000    28.0000     0.6300   259.4628     0.5625     0.2411   388.0000    28.0000     0.6300   259.4628    -0.0266     0.1060   388.0000    28.0000     0.6300   259.4628    -0.5746    -2.5590   388.0000    28.0000     0.6300   259.4628    -0.7866    -0.0193   388.0000    28.0000     0.6300   259.4628     0.3880     0.2013   388.0000    28.0000     0.6300   259.4628     0.3880     0.2013   388.0000    28.0000     0.6300   259.4628     0.3880     0.2013
   26.2083     0.5000  95367.478   567.4500    27.6000     0.6300   256.1804     0.5894     0.5212   567.4500    27.6000     0.6300   256.1804     0.0075     0.1528   567.4500    27.6000     0.6300   256.1804    -0.2187    -2.9644   567.4500    27.6000     0.6300   256.1804    -0.9131     0.3017   567.4500    27.6000     0.6300   256.1804     0.2548     0.5564   567.4500    27.6000     0.6300   256.1804     0.2548     0.5564   567.4500    27.6000     0.6300   256.1804     0.2548     0.5564
   26.2500     0.5000  95374.250   457.8400    29.4000     0.5700   294.9435     0.7031     0.9480   457.8400    29.4000     0.5700   294.9435     0.0560     0.3008   457.8400    29.4000     0.5700   294.9435    -0.0000    -3.7374   457.8400    29.4000     0.5700   294.9435    -1.1419     0.9850   457.8400    29.4000     0.5700   294.9435     0.2565     0.9268   457.8400    29.4000     0.5700   294.9435     0.2565     0.9268   457.8400    29.4000     0.5700   294.9435     0.2565     0.9268
   26.2917     0.5000  95381.023   822.5600    32.2000     0.5200   283.7351     0.9214     1.5372   822.5600    32.2000     0.5200   283.7351     0.0903     0.5610   822.5600    32.2000     0.5200   283.7351    -0.0000    -4.9177   822.5600    32.2000     0.5200   283.7351    -0.9831     2.2179   822.5600    32.2000     0.5200   283.7351     0.8558     1.2151   822.5600    32.2000     0.5200   283.7351     0.8558     1.2151   822.5600    32.2000     0.5200   283.7351     0.8558     1.2151
   26.3333     0.5000  95289.591   869.1200    32.4000     0.4900   281.9396     0.8566     1.8111   869.1200    32.4000     0.4900   281.9396     0.1118     0.8230   869.1200    32.4000     0.4900   281.9396    -0.0000    -6.0979   869.1200    32.4000     0.4900   281.9396     0.0684     2.7858   869.1200    32.4000     0.4900   281.9396     1.6440     1.1578   869.1200    32.4000     0.4900   281.9396     1.3700     0.9649   869.1200    32.4000     0.4900   281.9396     1.6440     1.1578
   26.3750     0.5000  95282.818   871.0600    33.1000     0.4000   275.9957     1.0161     2.8399   871.0600    33.1000     0.4000   275.9957     0.1205     1.0862   871.0600    33.1000     0.4000   275.9957    -0.0000    -7.2781   871.0600    33.1000     0.4000   275.9957     1.5969     3.1724   871.0600    33.1000     0.4000   275.9957     2.4435     0.6762   871.0600    33.1000     0.4000   275.9957     2.4435     0.6762   871.0600    33.1000     0.4000   275.9957     2.4435     0.6762
   26.4167     0.5000  95245.568   813.8300    35.4000     0.2900   276.4897     1.7192     2.8683   813.8300    35.4000     0.2900   276.4897    -0.1050     1.2194   813.8300    35.4000     0.2900   276.4897    -0.0000    -7.6060   813.8300    35.4000     0.2900   276.4897     2.7566     3.5322   813.8300    35.4000     0.2900   276.4897     2.5503     0.1881   813.8300    35.4000     0.2900   276.4897     2.5503     0.1881   813.8300    35.4000     0.2900   276.4897     2.5503     0.1881
   26.4583     0.5000  95187.999   710.0400    35.6000     0.2500   270.8217     2.9057     1.7416   710.0400    35.6000     0.2500   270.8217    -0.5368     1.0999   710.0400    35.6000     0.2500   270.8217    -0.0000    -7.0814   710.0400    35.6000     0.2500   270.8217     2.3031     3.2701   710.0400    35.6000     0.2500   270.8217     2.0757     0.0510   710.0400    35.6000     0.2500   270.8217     2.0757     0.0510   710.0400    35.6000     0.2500   270.8217     2.0757     0.0510
   26.5000     0.5000  95181.226   563.5700    34.7000     0.2900   278.1385     3.4273     0.1684   563.5700    34.7000     0.2900   278.1385    -0.8967     0.8330   563.5700    34.7000     0.2900   278.1385    -0.0000    -6.5569   563.5700    34.7000     0.2900   278.1385     1.8826     2.9729   563.5700    34.7000     0.2900   278.1385     1.5950    -0.0392   563.5700    34.7000     0.2900   278.1385     1.5950    -0.0392   563.5700    34.7000     0.2900   278.1385     1.5950    -0.0392
   26.5417     0.5000  95177.840   387.0300    33.1000     0.3100   278.4256     3.1415    -1.4858   387.0300    33.1000     0.3100   278.4256    -0.9470     0.3787   387.0300    33.1000     0.3100   278.4256    -0.0000    -6.0323   387.0300    33.1000     0.3100   278.4256     1.2479     2.2028   387.0300    33.1000     0.3100   278.4256     1.1117    -0.0820   387.0300    33.1000     0.3100   278.4256     1.1117    -0.0820   387.0300    33.1000     0.3100   278.4256     1.1117    -0.0820
   26.5833     0.5000  95201.545   203.7000    32.0000     0.3100   284.8355     2.7132    -2.1715   203.7000    32.0000     0.3100   284.8355    -1.0070     0.1620   203.7000    32.0000     0.3100   284.8355    -0.0000    -5.5296   203.7000    32.0000     0.3100   284.8355     1.4447     2.3445   203.7000    32.0000     0.3100   284.8355     0.8303     0.0204   203.7000    32.0000     0.3100   284.8355     0.8303     0.0204   203.7000    32.0000     0.3100   284.8355     0.8303     0.0204
   26.6250     0.5000  95232.022    15.5200    30.6000     0.3100   304.8840     2.7309    -2.0778    15.5200    30.6000     0.3100   304.8840    -1.2194     0.1050    15.5200    30.6000     0.3100   304.8840    -0.0000    -5.0488    15.5200    30.6000     0.3100   304.8840     1.6662     2.0818    15.5200    30.6000     0.3100   304.8840     0.7162     0.1982    15.5200    30.6000     0.3100   304.8840     0.7162     0.1982    15.5200    30.6000     0.3100   304.8840     0.7162     0.1982
   26.6667     0.5000  95279.432     0.0000    29.4000     0.2600   283.5739     2.7456    -1.9845     0.0000    29.4000     0.2600   283.5739    -1.2239     0.0150     0.0000    29.4000     0.2600   283.5739    -0.0000    -4.5680     0.0000    29.4000     0.2600   283.5739     1.8459     1.8011     0.0000    29.4000     0.2600   283.5739     0.5705     0.3232     0.0000    29.4000     0.2600   283.5739     0.5705     0.3232     0.0000    29.4000     0.2600   283.5739     0.5705     0.3232
   26.7083     0.5000  95347.159     0.0000    29.2000     0.2300   215.8891     2.7574    -1.8918     0.0000    29.2000     0.2300   215.8891    -1.2216    -0.0751     0.0000    29.2000     0.2300   215.8891    -0.0000    -4.0871     0.0000    29.2000     0.2300   215.8891     1.9829     1.5087     0.0000    29.2000     0.2300   215.8891     0.4116     0.3918     0.0000    29.2000     0.2300   215.8891     0.4116     0.3918     0.0000    29.2000     0.2300   215.8891     0.4116     0.3918
   26.7500     0.5000  95370.864     0.0000    27.4000     0.2500   206.9841     3.0113    -2.1766     0.0000    27.4000     0.2500   206.9841    -1.0193     0.0375     0.0000    27.4000     0.2500   206.9841    -0.3903    -3.5191     0.0000    27.4000     0.2500   206.9841     2.0919     1.1850     0.0000    27.4000     0.2500   206.9841     0.1840     0.4442     0.0000    27.4000     0.2500   206.9841     0.1840     0.4442     0.0000    27.4000     0.2500   206.9841     0.1840     0.4442
   26.7917     0.5000  95360.705     0.0000    27.1000     0.3300   218.3927     3.4451    -2.8988     0.0000    27.1000     0.3300   218.3927    -1.1668     0.3696     0.0000    27.1000     0.3300   218.3927    -0.9528    -2.7694     0.0000    27.1000     0.3300   218.3927     2.1615     0.8338     0.0000    27.1000     0.3300   218.3927    -0.0768     0.3859     0.0000    27.1000     0.3300   218.3927    -0.0768     0.3859     0.0000    27.1000     0.3300   218.3927    -0.0768     0.3859
   26.8333     0.5000  95353.932     0.0000    25.9000     0.3300   209.6017     3.7857    -3.6939     0.0000    25.9000     0.3300   209.6017    -0.8550     0.5562     0.0000    25.9000     0.3300   209.6017    -1.2154    -1.9724     0.0000    25.9000     0.3300   209.6017     2.1752     0.4885     0.0000    25.9000     0.3300   209.6017    -0.2164     0.2164     0.0000    25.9000     0.3300   209.6017    -0.2164     0.2164     0.0000    25.9000     0.3300   209.6017    -0.2164     0.2164
   26.8750     0.5000  95323.455     0.0000    25.9000     0.3300   209.6017     4.0249    -4.5518     0.0000    25.9000     0.3300   209.6017    -0.6756     0.7641     0.0000    25.9000     0.3300   209.6017    -1.1906    -1.2202     0.0000    25.9000     0.3300   209.6017     2.1361     0.1576     0.0000    25.9000     0.3300   209.6017    -0.2144     0.0426     0.0000    25.9000     0.3300   209.6017    -0.2144     0.0426     0.0000    25.9000     0.3300   209.6017    -0.2144     0.0426
   26.9167     0.5000  95299.750     0.0000    25.1000     0.5300   227.2123     4.4270    -4.3197     0.0000    25.1000     0.5300   227.2123    -0.4349     1.0500     0.0000    25.1000     0.5300   227.2123    -1.0093    -0.6924     0.0000    25.1000     0.5300   227.2123     2.2375     0.2481     0.0000    25.1000     0.5300   227.2123    -0.1631     0.0629     0.0000    25.1000     0.5300   227.2123    -0.1631     0.0629     0.0000    25.1000     0.5300   227.2123    -0.1631     0.0629
   26.9583     0.5000  95330.227     0.0000    23.5000     0.5300   215.1145     4.7821    -2.9467     0.0000    23.5000     0.5300   215.1145    -0.0000     0.9617     0.0000    23.5000     0.5300   215.1145    -0.7948    -0.3641     0.0000    23.5000     0.5300   215.1145     2.4181     0.8319     0.0000    23.5000     0.5300   215.1145    -0.0466     0.1685     0.0000    23.5000     0.5300   215.1145    -0.0466     0.1685     0.0000    23.5000     0.5300   215.1145    -0.0466     0.1685
   27.0000     0.5000  95326.841     0.0000    24.0000     0.4100   206.2990     4.7742    -1.6424     0.0000    24.0000     0.4100   206.2990     0.2509     0.6058     0.0000    24.0000     0.4100   206.2990    -0.5072    -0.1337     0.0000    24.0000     0.4100   206.2990     2.4376     1.5020     0.0000    24.0000     0.4100   206.2990     0.1076     0.1378     0.0000    24.0000     0.4100   206.2990     0.1076     0.1378     0.0000    24.0000     0.4100   206.2990     0.1076     0.1378
   27.0417     0.5000  95391.182     0.0000    22.8000     0.4600   203.1124     4.4532    -0.4939     0.0000    22.8000     0.4600   203.1124     0.3606     0.3606     0.0000    22.8000     0.4600   203.1124    -0.1742    -0.0150     0.0000    22.8000     0.4600   203.1124     2.2683     2.2133     0.0000    22.8000     0.4600   203.1124     0.1748    -0.0043     0.0000    22.8000     0.4600   203.1124     0.1748    -0.0043     0.0000    22.8000     0.4600   203.1124     0.1457    -0.0036
   27.0833     0.5000  95496.160    28.1300    22.6000     0.5400   209.3538     4.0199     0.8510    28.1300    22.6000     0.5400   209.3538     0.5863     0.3814    28.1300    22.6000     0.5400   209.3538    -0.1307     0.0113    28.1300    22.6000     0.5400   209.3538     1.6116     3.2017    28.1300    22.6000     0.5400   209.3538     0.4568    -0.0450    28.1300    22.6000     0.5400   209.3538     0.4568    -0.0450    28.1300    22.6000     0.5400   209.3538     0.4568    -0.0450
   27.1250     0.5000  95546.956   204.3467    22.3000     0.4900   202.5008     3.1884     2.3046   204.3467    22.3000     0.4900   202.5008     0.8932     0.5503   204.3467    22.3000     0.4900   202.5008    -0.3804     0.1003   204.3467    22.3000     0.4900   202.5008     0.1008     4.1077   204.3467    22.3000     0.4900   202.5008     0.7941     0.6517   204.3467    22.3000     0.4900   202.5008     0.7941     0.6517   204.3467    22.3000     0.4900   202.5008     0.7941     0.6517
   27.1667     0.5000  95604.525   401.0950    23.0000     0.4700   205.5898     1.8929     3.2479   401.0950    23.0000     0.4700   205.5898     1.2085     0.7044   401.0950    23.0000     0.4700   205.5898    -0.5961     0.2730   401.0950    23.0000     0.4700   205.5898    -1.8777     4.2360   401.0950    23.0000     0.4700   205.5898     0.1564     1.5878   401.0950    23.0000     0.4700   205.5898     0.1303     1.3232   401.0950    23.0000     0.4700   205.5898     0.1564     1.5878
   27.2083     0.5000  95645.161   569.3900    24.0000     0.4500   210.8010     0.3951     3.5626   569.3900    24.0000     0.4500   210.8010     1.5318     0.8431   569.3900    24.0000     0.4500   210.8010    -0.7569     0.5193   569.3900    24.0000     0.4500   210.8010    -3.2548     2.8076   569.3900    24.0000     0.4500   210.8010    -1.1439     1.3938   569.3900    24.0000     0.4500   210.8010    -1.3727     1.6726   569.3900    24.0000     0.4500   210.8010    -1.3727     1.6726
   27.2500     0.5000  95648.548   563.0850    25.3000     0.4100   227.2017    -0.5236     3.8550   563.0850    25.3000     0.4100   227.2017     2.0254     0.6968   563.0850    25.3000     0.4100   227.2017    -0.8873     0.7102   563.0850    25.3000     0.4100   227.2017    -4.2624     2.1455   563.0850    25.3000     0.4100   227.2017    -2.2886     1.0824   563.0850    25.3000     0.4100   227.2017    -2.7463     1.2989   563.0850    25.3000     0.4100   227.2017    -2.7463     1.2989
   27.2917     0.5000  95621.457   779.8800    27.5000     0.4500   237.2787    -0.9687     4.5758   779.8800    27.5000     0.4500   237.2787     2.5788     0.0316   779.8800    27.5000     0.4500   237.2787    -1.0436     0.7941   779.8800    27.5000     0.4500   237.2787    -4.8288     2.1405   779.8800    27.5000     0.4500   237.2787    -3.9717     1.4211   779.8800    27.5000     0.4500   237.2787    -3.9717     1.4211   779.8800    27.5000     0.4500   237.2787    -3.9717     1.4211
   27.3333     0.5000  95587.593   856.5100    28.9000     0.4600   249.4890    -1.5219     5.2479   856.5100    28.9000     0.4600   249.4890     2.8753    -0.9109   856.5100    28.9000     0.4600   249.4890    -1.2045     0.8706   856.5100    28.9000     0.4600   249.4890    -5.4038     2.0845   856.5100    28.9000     0.4600   249.4890    -5.2367     1.3117   856.5100    28.9000     0.4600   249.4890    -5.2367     1.3117   856.5100    28.9000     0.4600   249.4890    -5.2367     1.3117
   27.3750     0.5000  95563.888   855.5400    29.4000     0.4300   249.8213    -2.1779     5.8592   855.5400    29.4000     0.4300   249.8213     2.7987    -2.0229   855.5400    29.4000     0.4300   249.8213    -1.3697     0.9397   855.5400    29.4000     0.4300   249.8213    -7.1806     2.3721   855.5400    29.4000     0.4300   249.8213    -5.4230     0.8044   855.5400    29.4000     0.4300   249.8213    -6.5075     0.9653   855.5400    29.4000     0.4300   249.8213    -6.5075     0.9653
   27.4167     0.5000  95513.092   830.8050    30.6000     0.4500   262.0198    -2.2998     6.1870   830.8050    30.6000     0.4500   262.0198     2.6863    -2.2046   830.8050    30.6000     0.4500   262.0198    -1.3118     1.1889   830.8050    30.6000     0.4500   262.0198    -6.3427     1.5888   830.8050    30.6000     0.4500   262.0198    -6.8260     1.6211   830.8050    30.6000     0.4500   262.0198    -6.8260     1.6211   830.8050    30.6000     0.4500   262.0198    -6.8260     1.6211
   27.4583     0.5000  95472.456   727.5000    30.2000     0.4400   257.5117    -1.8140     6.2555   727.5000    30.2000     0.4400   257.5117     2.7179    -1.4527   727.5000    30.2000     0.4400   257.5117    -0.9326     1.5560   727.5000    30.2000     0.4400   257.5117    -7.7182     1.1449   727.5000    30.2000     0.4400   257.5117    -5.8783     3.2354   727.5000    30.2000     0.4400   257.5117    -5.8783     3.2354   727.5000    30.2000     0.4400   257.5117    -5.8783     3.2354
   27.5000     0.5000  95489.388   577.1500    29.7000     0.4900   264.1375    -1.3308     6.2864   577.1500    29.7000     0.4900   264.1375     2.5726    -0.7804   577.1500    29.7000     0.4900   264.1375    -0.4514     1.8021   577.1500    29.7000     0.4900   264.1375    -6.4580     0.3173   577.1500    29.7000     0.4900   264.1375    -4.5835     4.4723   577.1500    29.7000     0.4900   264.1375    -4.5835     4.4723   577.1500    29.7000     0.4900   264.1375    -4.5835     4.4723
   27.5417     0.5000  95458.910   391.8800    28.7000     0.5100   268.7305    -0.7108     5.2339   391.8800    28.7000     0.5100   268.7305     2.2839    -0.2249   391.8800    28.7000     0.5100   268.7305     0.0933     1.8992   391.8800    28.7000     0.5100   268.7305    -6.4217    -0.3155   391.8800    28.7000     0.5100   268.7305    -3.0705     5.2684   391.8800    28.7000     0.5100   268.7305    -3.0705     5.2684   391.8800    28.7000     0.5100   268.7305    -3.0705     5.2684
   27.5833     0.5000  95489.388   205.6400    27.9000     0.5400   280.9990     0.3564     4.8317   205.6400    27.9000     0.5400   280.9990     1.8520     0.3213   205.6400    27.9000     0.5400   280.9990    -0.1879     1.6944   205.6400    27.9000     0.5400   280.9990    -5.6034     1.8511   205.6400    27.9000     0.5400   280.9990    -1.8505     4.9783   205.6400    27.9000     0.5400   280.9990    -1.5421     4.1486   205.6400    27.9000     0.5400   280.9990    -1.8505     4.9783
   27.6250     0.5000  95526.638    13.5800    25.3000     0.6100   298.2485     1.9663     4.4358    13.5800    25.3000     0.6100   298.2485     1.2551     0.7110    13.5800    25.3000     0.6100   298.2485    -0.8397     0.9497    13.5800    25.3000     0.6100   298.2485    -2.3737     5.3550    13.5800    25.3000     0.6100   298.2485    -1.1262     3.8834    13.5800    25.3000     0.6100   298.2485    -1.1262     3.8834    13.5800    25.3000     0.6100   298.2485    -1.1262     3.8834
   27.6667     0.5000  95570.661     0.0000    23.8000     0.6600   289.3464     2.6826     2.8176     0.0000    23.8000     0.6600   289.3464     0.5472     0.6344     0.0000    23.8000     0.6600   289.3464    -0.8081     0.1919     0.0000    23.8000     0.6600   289.3464     1.8777     4.2360     0.0000    23.8000     0.6600   289.3464    -0.5749     2.7156     0.0000    23.8000     0.6600   289.3464    -0.4791     2.2630     0.0000    23.8000     0.6600   289.3464    -0.5749     2.7156
   27.7083     0.5000  95645.161     0.0000    22.6000     0.7000   222.1701     2.6160     1.3168     0.0000    22.6000     0.7000   222.1701     0.1704     0.4418     0.0000    22.6000     0.7000   222.1701    -0.3653    -0.1461     0.0000    22.6000     0.7000   222.1701     3.2375     1.0695     0.0000    22.6000     0.7000   222.1701    -0.2030     1.4944     0.0000    22.6000     0.7000   222.1701    -0.2030     1.4944     0.0000    22.6000     0.7000   222.1701    -0.2030     1.4944
   27.7500     0.5000  95672.253     0.0000    21.7000     0.7400   218.0896     2.3429     1.6074     0.0000    21.7000     0.7400   218.0896     0.2375     0.4718     0.0000    21.7000     0.7400   218.0896    -0.1251    -0.0881     0.0000    21.7000     0.7400   218.0896     3.1490     0.8300     0.0000    21.7000     0.7400   218.0896    -0.1122     0.7567     0.0000    21.7000     0.7400   218.0896    -0.1122     0.7567     0.0000    21.7000     0.7400   218.0896    -0.1122     0.7567
   27.7917     0.5000  95685.798     0.0000    21.8000     0.7400   218.8497     1.2641     3.4008     0.0000    21.8000     0.7400   218.8497     1.0156     0.6431     0.0000    21.8000     0.7400   218.8497    -0.0813    -0.0409     0.0000    21.8000     0.7400   218.8497     2.3617     3.4423     0.0000    21.8000     0.7400   218.8497    -0.1328     0.5300     0.0000    21.8000     0.7400   218.8497    -0.1328     0.5300     0.0000    21.8000     0.7400   218.8497    -0.1328     0.5300
   27.8333     0.5000  95719.662     0.0000    20.7000     0.7400   210.5576    -0.9377     3.5576     0.0000    20.7000     0.7400   210.5576     1.7698     0.0434     0.0000    20.7000     0.7400   210.5576    -0.0623    -0.0206     0.0000    20.7000     0.7400   210.5576    -0.4678     4.2179     0.0000    20.7000     0.7400   210.5576    -0.1104     0.3087     0.0000    20.7000     0.7400   210.5576    -0.1104     0.3087     0.0000    20.7000     0.7400   210.5576    -0.1104     0.3087
   27.8750     0.5000  95716.276     0.0000    20.1000     0.7600   207.3816    -3.3169     2.7909     0.0000    20.1000     0.7600   207.3816     2.0348    -1.1527     0.0000    20.1000     0.7600   207.3816    -0.0215    -0.0037     0.0000    20.1000     0.7600   207.3816    -3.6697     3.4090     0.0000    20.1000     0.7600   207.3816    -0.0467     0.0988     0.0000    20.1000     0.7600   207.3816    -0.0467     0.0988     0.0000    20.1000     0.7600   207.3816    -0.0467     0.0988
   27.9167     0.5000  95716.276     0.0000    19.2000     0.7500   200.1269    -4.2701     1.5279     0.0000    19.2000     0.7500   200.1269     1.7520    -1.7096     0.0000    19.2000     0.7500   200.1269    -0.0000    -0.0000     0.0000    19.2000     0.7500   200.1269    -4.8799     2.0213     0.0000    19.2000     0.7500   200.1269    -0.0000     0.0000     0.0000    19.2000     0.7500   200.1269    -0.0000     0.0000     0.0000    19.2000     0.7500   200.1269    -0.0000     0.0000
   27.9583     0.5000  95753.526     0.0000    18.1000     0.8100   195.7369    -4.1519     1.0400     0.0000    18.1000     0.8100   195.7369     1.5373    -1.4280     0.0000    18.1000     0.8100   195.7369    -0.0000    -0.0000     0.0000    18.1000     0.8100   195.7369    -4.6779     1.9377     0.0000    18.1000     0.8100   195.7369    -0.0000     0.0000     0.0000    18.1000     0.8100   195.7369    -0.0000     0.0000     0.0000    18.1000     0.8100   195.7369    -0.0000     0.0000
   28.0000     0.5000  95756.912     0.0000    17.7000     0.8300   193.9775    -4.7780     0.7087     0.0000    17.7000     0.8300   193.9775     1.3099    -1.1582     0.0000    17.7000     0.8300   193.9775    -0.0000    -0.0000     0.0000    17.7000     0.8300   193.9775    -4.4760     1.8540     0.0000    17.7000     0.8300   193.9775    -0.0000     0.0000     0.0000    17.7000     0.8300   193.9775    -0.0000     0.0000     0.0000    17.7000     0.8300   193.9775    -0.0000     0.0000
   28.0417     0.5000  95767.071     0.0000    17.4000     0.8300   191.8182    -3.7657     0.1850     0.0000    17.4000     0.8300   191.8182     1.0703    -0.9006     0.0000    17.4000     0.8300   191.8182    -0.0000    -0.0000     0.0000    17.4000     0.8300   191.8182    -4.2741     1.7704     0.0000    17.4000     0.8300   191.8182    -0.0000     0.0000     0.0000    17.4000     0.8300   191.8182    -0.0000     0.0000     0.0000    17.4000     0.8300   191.8182    -0.0000     0.0000
   28.0833     0.5000  95844.958    34.9200    17.2000     0.8200   189.8305    -4.3748     0.5942    34.9200    17.2000     0.8200   189.8305     1.1707    -0.9850    34.9200    17.2000     0.8200   189.8305    -0.0994    -0.0455    34.9200    17.2000     0.8200   189.8305    -4.1349     1.7725    34.9200    17.2000     0.8200   189.8305    -0.1580     0.1172    34.9200    17.2000     0.8200   189.8305    -0.1580     0.1172    34.9200    17.2000     0.8200   189.8305    -0.1580     0.1172
   28.1250     0.5000  95851.731   217.2800    17.3000     0.8200   190.5454    -4.1382     1.7739   217.2800    17.3000     0.8200   190.5454     1.6046    -1.4188   217.2800    17.3000     0.8200   190.5454    -0.3258    -0.0361   217.2800    17.3000     0.8200   190.5454    -4.0570     1.8582   217.2800    17.3000     0.8200   190.5454    -0.4373     0.3963   217.2800    17.3000     0.8200   190.5454    -0.4373     0.3963   217.2800    17.3000     0.8200   190.5454    -0.4373     0.3963
   28.1667     0.5000  95882.209   411.2800    18.4000     0.8000   197.3332    -2.9862     2.3900   411.2800    18.4000     0.8000   197.3332     2.0177    -1.8743   411.2800    18.4000     0.8000   197.3332    -0.5346     0.1132   411.2800    18.4000     0.8000   197.3332    -3.9774     1.9413   411.2800    18.4000     0.8000   197.3332    -0.6605     0.7288   411.2800    18.4000     0.8000   197.3332    -0.5504     0.6073   411.2800    18.4000     0.8000   197.3332    -0.6605     0.7288
   28.2083     0.5000  95865.277   581.3533    21.0000     0.7100   210.7833    -2.7399     3.7907   581.3533    21.0000     0.7100   210.7833     2.4091    -2.3506   581.3533    21.0000     0.7100   210.7833    -0.6609     0.3852   581.3533    21.0000     0.7100   210.7833    -3.8963     2.0215   581.3533    21.0000     0.7100   210.7833    -0.8202     1.1060   581.3533    21.0000     0.7100   210.7833    -0.6835     0.9216   581.3533    21.0000     0.7100   210.7833    -0.8202     1.1060
   28.2500     0.5000  95851.731   732.0267    23.3000     0.6600   224.5630    -2.2346     4.3069   732.0267    23.3000     0.6600   224.5630     2.4882    -2.4882   732.0267    23.3000     0.6600   224.5630    -0.4843     0.7059   732.0267    23.3000     0.6600   224.5630    -3.6053     1.8705   732.0267    23.3000     0.6600   224.5630    -1.0090     1.6375   732.0267    23.3000     0.6600   224.5630    -1.0090     1.6375   732.0267    23.3000     0.6600   224.5630    -1.0090     1.6375
   28.2917     0.5000  95834.799   823.5300    25.7000     0.5600   234.6889    -2.2432     4.5962   823.5300    25.7000     0.5600   234.6889     2.2718    -2.2718   823.5300    25.7000     0.5600   234.6889    -0.0491     1.3323   823.5300    25.7000     0.5600   234.6889    -3.7123     1.8119   823.5300    25.7000     0.5600   234.6889    -1.2079     2.3281   823.5300    25.7000     0.5600   234.6889    -1.0066     1.9401   823.5300    25.7000     0.5600   234.6889    -1.2079     2.3281
   28.3333     0.5000  95790.776   888.0350    27.7000     0.4300   236.4502    -2.2390     4.8883   888.0350    27.7000     0.4300   236.4502     2.0555    -2.0555   888.0350    27.7000     0.4300   236.4502     0.8254     1.4162   888.0350    27.7000     0.4300   236.4502    -2.5667     1.1756   888.0350    27.7000     0.4300   236.4502    -1.3089     3.0534   888.0350    27.7000     0.4300   236.4502    -1.0908     2.5445   888.0350    27.7000     0.4300   236.4502    -1.3089     3.0534
   28.3750     0.5000  95760.299   892.8850    28.6000     0.4200   242.2301    -2.2217     5.1828   892.8850    28.6000     0.4200   242.2301     1.8391    -1.8391   892.8850    28.6000     0.4200   242.2301     1.7266     0.8958   892.8850    28.6000     0.4200   242.2301    -2.4307     1.0420   892.8850    28.6000     0.4200   242.2301    -1.3083     3.8028   892.8850    28.6000     0.4200   242.2301    -1.0902     3.1690   892.8850    28.6000     0.4200   242.2301    -1.3083     3.8028
   28.4167     0.5000  95719.662   837.5950    29.6000     0.3700   243.3176    -0.3003     6.1124   837.5950    29.6000     0.3700   243.3176     2.2740    -0.8453   837.5950    29.6000     0.3700   243.3176     1.6190     0.5570   837.5950    29.6000     0.3700   243.3176    -1.4999     0.8255   837.5950    29.6000     0.3700   243.3176    -0.1941     3.9512   837.5950    29.6000     0.3700   243.3176    -0.1618     3.2927   837.5950    29.6000     0.3700   243.3176    -0.1941     3.9512
   28.4583     0.5000  95679.025   732.8350    30.8000     0.3100   243.2496     4.0622     5.4772   732.8350    30.8000     0.3100   243.2496     2.0871     1.1487   732.8350    30.8000     0.3100   243.2496     1.6220     1.1128   732.8350    30.8000     0.3100   243.2496    -1.0097     0.8928   732.8350    30.8000     0.3100   243.2496     1.3363     2.8254   732.8350    30.8000     0.3100   243.2496     1.1136     2.3545   732.8350    30.8000     0.3100   243.2496     1.3363     2.8254
   28.5000     0.5000  95635.002   586.8500    29.6000     0.4900   261.4382     7.2932     1.8269   586.8500    29.6000     0.4900   261.4382     0.4844     2.2879   586.8500    29.6000     0.4900   261.4382     1.2102     1.4382   586.8500    29.6000     0.4900   261.4382    -0.6914     0.9565   586.8500    29.6000     0.4900   261.4382     1.8433     1.3671   586.8500    29.6000     0.4900   261.4382     1.8433     1.3671   586.8500    29.6000     0.4900   261.4382     1.8433     1.3671
   28.5417     0.5000  95597.752   412.7350    29.0000     0.4200   255.6159     7.4290    -3.5136   412.7350    29.0000     0.4200   255.6159    -1.3896     1.8264   412.7350    29.0000     0.4200   255.6159     0.6219     1.3579   412.7350    29.0000     0.4200   255.6159    -0.2928     0.6830   412.7350    29.0000     0.4200   255.6159     1.4485     0.2149   412.7350    29.0000     0.4200   255.6159     1.4485     0.2149   412.7350    29.0000     0.4200   255.6159     1.4485     0.2149
   28.5833     0.5000  95570.661   223.5850    28.4000     0.4000   261.8299     5.4161    -5.9758   223.5850    28.4000     0.4000   261.8299    -1.9866     0.5236   223.5850    28.4000     0.4000   261.8299     0.1313     1.5243   223.5850    28.4000     0.4000   261.8299     0.0177     0.4805   223.5850    28.4000     0.4000   261.8299     0.9832    -0.0241   223.5850    28.4000     0.4000   261.8299     0.9832    -0.0241   223.5850    28.4000     0.4000   261.8299     0.9832    -0.0241
   28.6250     0.5000  95621.457    15.5200    26.8000     0.5100   301.0156     4.2054    -5.6703    15.5200    26.8000     0.5100   301.0156    -1.5823    -0.3350    15.5200    26.8000     0.5100   301.0156    -0.3555     1.0334    15.5200    26.8000     0.5100   301.0156     0.2533     0.3010    15.5200    26.8000     0.5100   301.0156     0.8460     0.1043    15.5200    26.8000     0.5100   301.0156     0.8460     0.1043    15.5200    26.8000     0.5100   301.0156     0.8460     0.1043
   28.6667     0.5000  95641.775     0.0000    24.3000     0.5400   281.9129     3.1125    -5.1929     0.0000    24.3000     0.5400   281.9129    -0.9215    -0.7375     0.0000    24.3000     0.5400   281.9129    -0.4463     0.4804     0.0000    24.3000     0.5400   281.9129     0.2994     0.0634     0.0000    24.3000     0.5400   281.9129     0.6951     0.1924     0.0000    24.3000     0.5400   281.9129     0.5793     0.1603     0.0000    24.3000     0.5400   281.9129     0.6951     0.1924
   28.7083     0.5000  95719.662     0.0000    23.2000     0.5600   215.5891     2.1586    -4.5641     0.0000    23.2000     0.5600   215.5891    -0.3095    -0.6756     0.0000    23.2000     0.5600   215.5891    -0.2009     0.0861     0.0000    23.2000     0.5600   215.5891     0.1964    -0.0959     0.0000    23.2000     0.5600   215.5891     0.5395     0.2391     0.0000    23.2000     0.5600   215.5891     0.5395     0.2391     0.0000    23.2000     0.5600   215.5891     0.5395     0.2391
   28.7500     0.5000  95743.367     0.0000    22.8000     0.4800   205.1438     2.8035    -3.0931     0.0000    22.8000     0.4800   205.1438    -0.1121    -0.6460     0.0000    22.8000     0.4800   205.1438    -0.0000     0.0000     0.0000    22.8000     0.4800   205.1438     0.1858    -0.1525     0.0000    22.8000     0.4800   205.1438     0.5166     0.2366     0.0000    22.8000     0.4800   205.1438     0.5166     0.2366     0.0000    22.8000     0.4800   205.1438     0.5166     0.2366
   28.7917     0.5000  95750.140     0.0000    22.3000     0.5000   203.4618     3.3943    -0.5035     0.0000    22.3000     0.5000   203.4618    -0.1124    -0.9111     0.0000    22.3000     0.5000   203.4618    -0.0000    -0.0000     0.0000    22.3000     0.5000   203.4618     0.3277    -0.1752     0.0000    22.3000     0.5000   203.4618     0.6251     0.1980     0.0000    22.3000     0.5000   203.4618     0.6251     0.1980     0.0000    22.3000     0.5000   203.4618     0.6251     0.1980
   28.8333     0.5000  95760.299     0.0000    21.3000     0.5700   202.4326     2.3059     1.3821     0.0000    21.3000     0.5700   202.4326    -0.0868    -1.1770     0.0000    21.3000     0.5700   202.4326    -0.0000    -0.0000     0.0000    21.3000     0.5700   202.4326     0.4810    -0.1459     0.0000    21.3000     0.5700   202.4326     0.7306     0.1360     0.0000    21.3000     0.5700   202.4326     0.7306     0.1360     0.0000    21.3000     0.5700   202.4326     0.7306     0.1360
   28.8750     0.5000  95753.526     0.0000    20.2000     0.6200   198.4320     0.6553     1.8315     0.0000    20.2000     0.6200   198.4320    -0.0354    -1.4421     0.0000    20.2000     0.6200   198.4320    -0.0000    -0.0000     0.0000    20.2000     0.6200   198.4320     0.6308    -0.0621     0.0000    20.2000     0.6200   198.4320     0.8290     0.0509     0.0000    20.2000     0.6200   198.4320     0.8290     0.0509     0.0000    20.2000     0.6200   198.4320     0.8290     0.0509
   28.9167     0.5000  95767.071     0.0000    20.2000     0.6600   201.3784    -0.4956     1.2847     0.0000    20.2000     0.6600   201.3784    -0.0587    -1.5944     0.0000    20.2000     0.6600   201.3784    -0.0000    -0.0000     0.0000    20.2000     0.6600   201.3784     0.7158     0.0883     0.0000    20.2000     0.6600   201.3784     0.7863    -0.0290     0.0000    20.2000     0.6600   201.3784     0.7863    -0.0290     0.0000    20.2000     0.6600   201.3784     0.7863    -0.0290
   28.9583     0.5000  95767.071     0.0000    19.2000     0.6900   196.2181    -0.8785     0.4422     0.0000    19.2000     0.6900   196.2181    -0.1807    -1.6292     0.0000    19.2000     0.6900   196.2181    -0.0000    -0.0000     0.0000    19.2000     0.6900   196.2181     0.7137     0.2753     0.0000    19.2000     0.6900   196.2181     0.6082    -0.0675     0.0000    19.2000     0.6900   196.2181     0.6082    -0.0675     0.0000    19.2000     0.6900   196.2181     0.6082    -0.0675
   29.0000     0.5000  95787.390     0.0000    18.4000     0.7200   192.4435    -0.5687    -0.1574     0.0000    18.4000     0.7200   192.4435    -0.3080    -1.6545     0.0000    18.4000     0.7200   192.4435    -0.0000    -0.0000     0.0000    18.4000     0.7200   192.4435     0.6612     0.4656     0.0000    18.4000     0.7200   192.4435     0.4297    -0.0800     0.0000    18.4000     0.7200   192.4435     0.4297    -0.0800     0.0000    18.4000     0.7200   192.4435     0.4297    -0.0800
   29.0417     0.5000  95831.413     0.0000    18.3000     0.7300   192.3631    -0.1052    -0.1662     0.0000    18.3000     0.7300   192.3631    -0.4401    -1.6696     0.0000    18.3000     0.7300   192.3631    -0.0000    -0.0000     0.0000    18.3000     0.7300   192.3631     0.5568     0.6454     0.0000    18.3000     0.7300   192.3631     0.2536    -0.0668     0.0000    18.3000     0.7300   192.3631     0.2536    -0.0668     0.0000    18.3000     0.7300   192.3631     0.2536    -0.0668
   29.0833     0.5000  95861.890    17.8480    18.2000     0.7700   194.1084    -0.1236    -0.1802    17.8480    18.2000     0.7700   194.1084    -1.0056    -1.5880    17.8480    18.2000     0.7700   194.1084    -0.0759    -0.1024    17.8480    18.2000     0.7700   194.1084     0.2800     0.9656    17.8480    18.2000     0.7700   194.1084     0.3923     0.0289    17.8480    18.2000     0.7700   194.1084     0.3923     0.0289    17.8480    18.2000     0.7700   194.1084     0.3923     0.0289
   29.1250     0.5000  95868.663   165.2880    20.4000     0.7300   215.7598    -0.6474    -0.1042   165.2880    20.4000     0.7300   215.7598    -1.9132    -0.9630   165.2880    20.4000     0.7300   215.7598    -0.4149    -0.1962   165.2880    20.4000     0.7300   215.7598    -0.4124     1.1987   165.2880    20.4000     0.7300   215.7598     0.5727     0.6015   165.2880    20.4000     0.7300   215.7598     0.5727     0.6015   165.2880    20.4000     0.7300   215.7598     0.5727     0.6015
   29.1667     0.5000  95926.232   314.4740    22.1000     0.7000   228.0748    -0.8697     0.6617   314.4740    22.1000     0.7000   228.0748    -2.3977     0.1769   314.4740    22.1000     0.7000   228.0748    -0.7640     0.0375   314.4740    22.1000     0.7000   228.0748    -1.2400     0.8962   314.4740    22.1000     0.7000   228.0748     0.0259     1.0561   314.4740    22.1000     0.7000   228.0748     0.0311     1.2673   314.4740    22.1000     0.7000   228.0748     0.0311     1.2673
   29.2083     0.5000  95888.981   514.2940    21.8000     0.6900   215.3808    -0.1686     1.5206   514.2940    21.8000     0.6900   215.3808    -2.1801     1.5354   514.2940    21.8000     0.6900   215.3808    -0.9186     0.5506   514.2940    21.8000     0.6900   215.3808    -1.7921     0.0220   514.2940    21.8000     0.6900   215.3808    -0.9279     1.0757   514.2940    21.8000     0.6900   215.3808    -1.1135     1.2909   514.2940    21.8000     0.6900   215.3808    -1.1135     1.2909
   29.2500     0.5000  95902.527   689.6700    23.4000     0.6900   227.5945     0.8684     2.1714   689.6700    23.4000     0.6900   227.5945    -1.6569     2.4150   689.6700    23.4000     0.6900   227.5945    -0.7044     1.2085   689.6700    23.4000     0.6900   227.5945    -2.2934     0.0845   689.6700    23.4000     0.6900   227.5945    -1.5712     1.2895   689.6700    23.4000     0.6900   227.5945    -1.5712     1.2895   689.6700    23.4000     0.6900   227.5945    -1.5712     1.2895
   29.2917     0.5000  95831.413   802.5780    28.2000     0.4600   243.9300     1.8460     2.9958   802.5780    28.2000     0.4600   243.9300    -1.3288     2.9012   802.5780    28.2000     0.4600   243.9300    -0.0179     1.4570   802.5780    28.2000     0.4600   243.9300    -1.9372     1.6300   802.5780    28.2000     0.4600   243.9300    -1.0612     1.9854   802.5780    28.2000     0.4600   243.9300    -0.8843     1.6545   802.5780    28.2000     0.4600   243.9300    -1.0612     1.9854
   29.3333     0.5000  95804.322   863.4940    29.5000     0.3800   243.9572     3.1128     3.5203   863.4940    29.5000     0.3800   243.9572    -0.8801     3.3393   863.4940    29.5000     0.3800   243.9572     1.0117     1.8382   863.4940    29.5000     0.3800   243.9572    -0.6526     3.0826   863.4940    29.5000     0.3800   243.9572    -0.2421     2.4579   863.4940    29.5000     0.3800   243.9572    -0.2017     2.0482   863.4940    29.5000     0.3800   243.9572    -0.2421     2.4579
   29.3750     0.5000  95821.254   859.4200    30.7000     0.2800   237.0956     4.5902     3.6738   859.4200    30.7000     0.2800   237.0956    -0.3188     3.7019   859.4200    30.7000     0.2800   237.0956     2.0840     1.2841   859.4200    30.7000     0.2800   237.0956     1.6537     3.3882   859.4200    30.7000     0.2800   237.0956     0.7804     2.5726   859.4200    30.7000     0.2800   237.0956     0.7804     2.5726   859.4200    30.7000     0.2800   237.0956     0.7804     2.5726
   29.4167     0.5000  95777.231   840.9900    29.1000     0.4800   253.4127     5.4337     3.6307   840.9900    29.1000     0.4800   253.4127    -0.5044     2.9072   840.9900    29.1000     0.4800   253.4127     2.3423     0.9702   840.9900    29.1000     0.4800   253.4127     3.9253     2.6228   840.9900    29.1000     0.4800   253.4127     1.4724     2.0907   840.9900    29.1000     0.4800   253.4127     1.2270     1.7423   840.9900    29.1000     0.4800   253.4127     1.4724     2.0907
   29.4583     0.5000  95743.367   736.8767    29.3000     0.4900   256.1632     5.5427     3.7035   736.8767    29.3000     0.4900   256.1632    -1.4436     2.5483   736.8767    29.3000     0.4900   256.1632     1.9627     1.3114   736.8767    29.3000     0.4900   256.1632     4.2873     0.8528   736.8767    29.3000     0.4900   256.1632     1.5722     1.3562   736.8767    29.3000     0.4900   256.1632     1.3102     1.1302   736.8767    29.3000     0.4900   256.1632     1.5722     1.3562
   29.5000     0.5000  95702.730   586.2033    29.4000     0.4700   257.2884     5.6518     3.7764   586.2033    29.4000     0.4700   257.2884    -1.4619     1.2610   586.2033    29.4000     0.4700   257.2884     1.5455     1.5455   586.2033    29.4000     0.4700   257.2884     3.9443    -0.7846   586.2033    29.4000     0.4700   257.2884     1.4251     0.7174   586.2033    29.4000     0.4700   257.2884     1.4251     0.7174   586.2033    29.4000     0.4700   257.2884     1.4251     0.7174
   29.5417     0.5000  95668.866   409.0167    29.4000     0.5000   269.0585     5.7608     3.8492   409.0167    29.4000     0.5000   269.0585    -1.3255     0.5113   409.0167    29.4000     0.5000   269.0585     0.9309     1.3933   409.0167    29.4000     0.5000   269.0585     3.0530    -2.0400   409.0167    29.4000     0.5000   269.0585     1.0876     0.2442   409.0167    29.4000     0.5000   269.0585     1.0876     0.2442   409.0167    29.4000     0.5000   269.0585     1.0876     0.2442
   29.5833     0.5000  95672.253   209.5200    26.9000     0.2700   232.3725     6.7537     2.9937   209.5200    26.9000     0.2700   232.3725    -1.3648     0.3065   209.5200    26.9000     0.2700   232.3725     0.3283     1.3822   209.5200    26.9000     0.2700   232.3725     2.3902    -2.2757   209.5200    26.9000     0.2700   232.3725     0.7635     0.0469   209.5200    26.9000     0.2700   232.3725     0.7635     0.0469   209.5200    26.9000     0.2700   232.3725     0.7635     0.0469
   29.6250     0.5000  95695.957    14.5500    26.6000     0.5600   304.9580     8.1521     0.6013    14.5500    26.6000     0.5600   304.9580    -1.3481     0.3731    14.5500    26.6000     0.5600   304.9580    -0.3531     1.2175    14.5500    26.6000     0.5600   304.9580     2.2011    -1.8987    14.5500    26.6000     0.5600   304.9580     0.5464    -0.0067    14.5500    26.6000     0.5600   304.9580     0.5464    -0.0067    14.5500    26.6000     0.5600   304.9580     0.5464    -0.0067
   29.6667     0.5000  95760.299     0.0000    23.9000     0.6500   289.3369     8.6365    -2.3900     0.0000    23.9000     0.6500   289.3369    -1.1068     0.3656     0.0000    23.9000     0.6500   289.3369    -0.5944     0.5800     0.0000    23.9000     0.6500   289.3369     1.9815    -1.5464     0.0000    23.9000     0.6500   289.3369     0.3266    -0.0281     0.0000    23.9000     0.6500   289.3369     0.3266    -0.0281     0.0000    23.9000     0.6500   289.3369     0.3266    -0.0281
   29.7083     0.5000  95817.867     0.0000    22.8000     0.6300   218.4189     7.9697    -5.6129     0.0000    22.8000     0.6300   218.4189    -1.3051     0.5034     0.0000    22.8000     0.6300   218.4189    -0.3804     0.1003     0.0000    22.8000     0.6300   218.4189     1.7333    -1.2207     0.0000    22.8000     0.6300   218.4189     0.1079    -0.0174     0.0000    22.8000     0.6300   218.4189     0.1079    -0.0174     0.0000    22.8000     0.6300   218.4189     0.1079    -0.0174
   29.7500     0.5000  95834.799     0.0000    22.4000     0.7200   222.0567     6.7619    -6.9299     0.0000    22.4000     0.7200   222.0567    -1.2805     0.3713     0.0000    22.4000     0.7200   222.0567    -0.1738     0.0193     0.0000    22.4000     0.7200   222.0567     1.6106    -0.7861     0.0000    22.4000     0.7200   222.0567     0.0000    -0.0000     0.0000    22.4000     0.7200   222.0567     0.0000    -0.0000     0.0000    22.4000     0.7200   222.0567     0.0000    -0.0000
   29.7917     0.5000  95855.118     0.0000    21.2000     0.6800   210.1739     5.9650    -6.4213     0.0000    21.2000     0.6800   210.1739    -1.1998     0.0737     0.0000    21.2000     0.6800   210.1739    -0.1653     0.0569     0.0000    21.2000     0.6800   210.1739     1.5041    -0.2800     0.0000    21.2000     0.6800   210.1739     0.0000    -0.0000     0.0000    21.2000     0.6800   210.1739     0.0000    -0.0000     0.0000    21.2000     0.6800   210.1739     0.0000    -0.0000
   29.8333     0.5000  95817.867     0.0000    20.8000     0.7200   209.9719     5.1976    -5.8780     0.0000    20.8000     0.7200   209.9719    -1.0574    -0.1701     0.0000    20.8000     0.7200   209.9719    -0.1489     0.0917     0.0000    20.8000     0.7200   209.9719     1.2630     0.1088     0.0000    20.8000     0.7200   209.9719     0.0000    -0.0000     0.0000    20.8000     0.7200   209.9719     0.0000    -0.0000     0.0000    20.8000     0.7200   209.9719     0.0000    -0.0000
   29.8750     0.5000  95780.617     0.0000    19.6000     0.7400   202.4173     4.4608    -5.3014     0.0000    19.6000     0.7400   202.4173    -0.8726    -0.3490     0.0000    19.6000     0.7400   202.4173    -0.1251     0.1221     0.0000    19.6000     0.7400   202.4173     0.9424     0.3503     0.0000    19.6000     0.7400   202.4173     0.0000    -0.0000     0.0000    19.6000     0.7400   202.4173     0.0000    -0.0000     0.0000    19.6000     0.7400   202.4173     0.0000    -0.0000
   29.9167     0.5000  95794.163     0.0000    19.1000     0.7600   200.0217     3.9879    -4.9827     0.0000    19.1000     0.7600   200.0217    -0.7617    -0.5505     0.0000    19.1000     0.7600   200.0217    -0.1218     0.0926     0.0000    19.1000     0.7600   200.0217     0.9141     0.4187     0.0000    19.1000     0.7600   200.0217     0.0410    -0.0512     0.0000    19.1000     0.7600   200.0217     0.0410    -0.0512     0.0000    19.1000     0.7600   200.0217     0.0410    -0.0512
   29.9583     0.5000  95824.640     0.0000    18.4000     0.7800   196.1515     3.7585    -4.9399     0.0000    18.4000     0.7800   196.1515    -0.6692    -0.8361     0.0000    18.4000     0.7800   196.1515    -0.1074     0.0200     0.0000    18.4000     0.7800   196.1515     1.2085     0.3828     0.0000    18.4000     0.7800   196.1515     0.1474    -0.1303     0.0000    18.4000     0.7800   196.1515     0.1474    -0.1303     0.0000    18.4000     0.7800   196.1515     0.1228    -0.1086
   30.0000     0.5000  95821.254     0.0000    18.2000     0.7700   194.1083     3.5337    -4.8890     0.0000    18.2000     0.7700   194.1083    -0.4736    -1.1049     0.0000    18.2000     0.7700   194.1083    -0.0630    -0.0183     0.0000    18.2000     0.7700   194.1083     1.5041     0.2800     0.0000    18.2000     0.7700   194.1083     0.2791    -0.1720     0.0000    18.2000     0.7700   194.1083     0.2791    -0.1720     0.0000    18.2000     0.7700   194.1083     0.2791    -0.1720
   30.0417     0.5000  95831.413     0.0000    17.5000     0.8100   191.4149     3.3138    -4.8300     0.0000    17.5000     0.8100   191.4149    -0.1794    -1.3211     0.0000    17.5000     0.8100   191.4149    -0.0160    -0.0149     0.0000    17.5000     0.8100   191.4149     1.7888     0.1099     0.0000    17.5000     0.8100   191.4149     0.4262    -0.1704     0.0000    17.5000     0.8100   191.4149     0.4262    -0.1704     0.0000    17.5000     0.8100   191.4149     0.4262    -0.1704
   30.0833     0.5000  95865.277    17.0720    17.5000     0.8400   193.0890     3.5761    -4.0442    17.0720    17.5000     0.8400   193.0890    -0.0716    -1.9439    17.0720    17.5000     0.8400   193.0890    -0.1277    -0.0703    17.0720    17.5000     0.8400   193.0890     1.9334     0.2144    17.0720    17.5000     0.8400   193.0890     0.6486     0.0962    17.0720    17.5000     0.8400   193.0890     0.6486     0.0962    17.0720    17.5000     0.8400   193.0890     0.6486     0.0962
   30.1250     0.5000  95899.141   166.2580    18.0000     0.8200   201.8117     3.9023    -2.5387   166.2580    18.0000     0.8200   201.8117    -0.3349    -3.0195   166.2580    18.0000     0.8200   201.8117    -0.4714     0.2301   166.2580    18.0000     0.8200   201.8117     1.8807     0.6470   166.2580    18.0000     0.8200   201.8117     0.4719     0.7874   166.2580    18.0000     0.8200   201.8117     0.4719     0.7874   166.2580    18.0000     0.8200   201.8117     0.4719     0.7874
   30.1667     0.5000  95926.232   303.1250    19.8000     0.7500   216.0807     3.7296    -1.1815   303.1250    19.8000     0.7500   216.0807    -0.7561    -4.0611   303.1250    19.8000     0.7500   216.0807    -0.1389     0.8632   303.1250    19.8000     0.7500   216.0807     1.7305     1.0663   303.1250    19.8000     0.7500   216.0807    -0.3313     0.9260   303.1250    19.8000     0.7500   216.0807    -0.3976     1.1112   303.1250    19.8000     0.7500   216.0807    -0.3976     1.1112
   30.2083     0.5000  95899.141   485.0000    21.4000     0.7100   217.7806     3.1670    -0.1166   485.0000    21.4000     0.7100   217.7806    -1.3313    -5.0512   485.0000    21.4000     0.7100   217.7806     0.8760     0.8548   485.0000    21.4000     0.7100   217.7806     1.4861     1.4501   485.0000    21.4000     0.7100   217.7806    -1.1318     0.4050   485.0000    21.4000     0.7100   217.7806    -1.3582     0.4860   485.0000    21.4000     0.7100   217.7806    -1.3582     0.4860
   30.2500     0.5000  95892.368   451.0500    22.9000     0.6500   247.1481     2.9725     0.0000   451.0500    22.9000     0.6500   247.1481    -3.3849    -5.2030   451.0500    22.9000     0.6500   247.1481     1.4674     0.2361   451.0500    22.9000     0.6500   247.1481     1.0407     1.6434   451.0500    22.9000     0.6500   247.1481    -1.8774    -0.0922   451.0500    22.9000     0.6500   247.1481    -1.8774    -0.0922   451.0500    22.9000     0.6500   247.1481    -1.8774    -0.0922
   30.2917     0.5000  95882.209   851.6600    25.3000     0.4200   217.0218     3.2583    -0.6481   851.6600    25.3000     0.4200   217.0218    -6.4382    -2.9489   851.6600    25.3000     0.4200   217.0218     1.6510    -0.1831   851.6600    25.3000     0.4200   217.0218     0.5142     1.5565   851.6600    25.3000     0.4200   217.0218    -2.0738     0.1019   851.6600    25.3000     0.4200   217.0218    -2.4886     0.1223   851.6600    25.3000     0.4200   217.0218    -2.4886     0.1223
   30.3333     0.5000  95821.254   902.1000    27.2000     0.3900   227.5649     3.3924    -1.4052   902.1000    27.2000     0.3900   227.5649    -7.8833     1.0707   902.1000    27.2000     0.3900   227.5649     1.7047    -0.6817   902.1000    27.2000     0.3900   227.5649     0.0981     1.3296   902.1000    27.2000     0.3900   227.5649    -2.5583     0.3795   902.1000    27.2000     0.3900   227.5649    -3.0700     0.4554   902.1000    27.2000     0.3900   227.5649    -3.0700     0.4554
   30.3750     0.5000  95777.231   889.4900    28.6000     0.3800   236.9462     3.3438    -2.2343   889.4900    28.6000     0.3800   236.9462    -6.7564     5.6850   889.4900    28.6000     0.3800   236.9462     1.6003    -1.2175   889.4900    28.6000     0.3800   236.9462    -0.1463     0.8434   889.4900    28.6000     0.3800   236.9462    -3.0035     0.7523   889.4900    28.6000     0.3800   236.9462    -3.6042     0.9028   889.4900    28.6000     0.3800   236.9462    -3.6042     0.9028
   30.4167     0.5000  95723.048   829.3500    29.6000     0.3600   241.8593     3.2126    -2.3826   829.3500    29.6000     0.3600   241.8593    -7.2522     5.8043   829.3500    29.6000     0.3600   241.8593     1.5146    -1.5146   829.3500    29.6000     0.3600   241.8593    -0.4677     0.7386   829.3500    29.6000     0.3600   241.8593    -3.2807     1.9664   829.3500    29.6000     0.3600   241.8593    -3.2807     1.9664   829.3500    29.6000     0.3600   241.8593    -3.2807     1.9664
   30.4583     0.5000  95651.934   723.6200    30.2000     0.3600   246.5611     3.0932    -1.8540   723.6200    30.2000     0.3600   246.5611    -9.3151     0.5723   723.6200    30.2000     0.3600   246.5611     1.5764    -1.5764   723.6200    30.2000     0.3600   246.5611    -0.7809     0.3931   723.6200    30.2000     0.3600   246.5611    -1.7641     2.9432   723.6200    30.2000     0.3600   246.5611    -1.7641     2.9432   723.6200    30.2000     0.3600   246.5611    -1.7641     2.9432
   30.5000     0.5000  95614.684   576.1800    31.2000     0.3400   255.2669     2.9044    -1.3737   576.1800    31.2000     0.3400   255.2669    -7.9826    -4.9187   576.1800    31.2000     0.3400   255.2669     1.6382    -1.6382   576.1800    31.2000     0.3400   255.2669    -0.8719    -0.0643   576.1800    31.2000     0.3400   255.2669    -0.1491     3.0344   576.1800    31.2000     0.3400   255.2669    -0.1242     2.5286   576.1800    31.2000     0.3400   255.2669    -0.1491     3.0344
   30.5417     0.5000  95590.979   396.7300    31.0000     0.3600   265.9069     2.6546    -0.9498   396.7300    31.0000     0.3600   265.9069    -3.7114    -8.6581   396.7300    31.0000     0.3600   265.9069     1.7000    -1.7000   396.7300    31.0000     0.3600   265.9069    -0.7148    -0.5034   396.7300    31.0000     0.3600   265.9069     1.1307     2.3907   396.7300    31.0000     0.3600   265.9069     0.9423     1.9923   396.7300    31.0000     0.3600   265.9069     1.1307     2.3907
   30.5833     0.5000  95563.888   199.8200    29.4000     0.4100   278.0882     2.5400    -0.7366   199.8200    29.4000     0.4100   278.0882    -2.0712    -8.2685   199.8200    29.4000     0.4100   278.0882     2.2225    -0.7952   199.8200    29.4000     0.4100   278.0882    -0.5693    -0.3605   199.8200    29.4000     0.4100   278.0882     1.6013     1.4875   199.8200    29.4000     0.4100   278.0882     1.3344     1.2396   199.8200    29.4000     0.4100   278.0882     1.6013     1.4875
   30.6250     0.5000  95611.298    11.6400    26.6000     0.4900   296.7398     2.5995    -0.6852    11.6400    26.6000     0.4900   296.7398    -3.4383    -5.7365    11.6400    26.6000     0.4900   296.7398     1.8747     1.1236    11.6400    26.6000     0.4900   296.7398    -0.6757     0.0498    11.6400    26.6000     0.4900   296.7398     1.4744     0.7650    11.6400    26.6000     0.4900   296.7398     1.4744     0.7650    11.6400    26.6000     0.4900   296.7398     1.4744     0.7650
   30.6667     0.5000  95662.093     0.0000    24.9000     0.5200   285.0178     2.6581    -0.6313     0.0000    24.9000     0.5200   285.0178    -3.5952    -3.2585     0.0000    24.9000     0.5200   285.0178     0.2950     1.9890     0.0000    24.9000     0.5200   285.0178    -0.4137     0.3569     0.0000    24.9000     0.5200   285.0178     1.1119     0.2354     0.0000    24.9000     0.5200   285.0178     1.1119     0.2354     0.0000    24.9000     0.5200   285.0178     1.1119     0.2354
   30.7083     0.5000  95702.730     0.0000    23.8000     0.5500   219.2015     2.7156    -0.5749     0.0000    23.8000     0.5500   219.2015    -2.7266    -1.2896     0.0000    23.8000     0.5500   219.2015    -1.2329     1.3603     0.0000    23.8000     0.5500   219.2015    -0.0910     0.4052     0.0000    23.8000     0.5500   219.2015     0.6108    -0.0375     0.0000    23.8000     0.5500   219.2015     0.6108    -0.0375     0.0000    23.8000     0.5500   219.2015     0.6108    -0.0375
   30.7500     0.5000  95709.503     0.0000    23.1000     0.5600   214.8414     2.7369    -0.5794     0.0000    23.1000     0.5600   214.8414    -1.9596    -0.3400     0.0000    23.1000     0.5600   214.8414    -1.8593     0.2758     0.0000    23.1000     0.5600   214.8414     0.0634     0.2994     0.0000    23.1000     0.5600   214.8414     0.3497    -0.0000     0.0000    23.1000     0.5600   214.8414     0.3497    -0.0000     0.0000    23.1000     0.5600   214.8414     0.3497    -0.0000
   30.7917     0.5000  95685.798     0.0000    22.3000     0.5600   208.9042     2.7219    -0.6464     0.0000    22.3000     0.5600   208.9042    -1.7656     0.1302     0.0000    22.3000     0.5600   208.9042    -2.0167    -0.7216     0.0000    22.3000     0.5600   208.9042     0.0910     0.1987     0.0000    22.3000     0.5600   208.9042     0.3231     0.1338     0.0000    22.3000     0.5600   208.9042     0.3231     0.1338     0.0000    22.3000     0.5600   208.9042     0.3231     0.1338
   30.8333     0.5000  95682.412     0.0000    21.8000     0.5500   204.3716     2.7052    -0.7130     0.0000    21.8000     0.5500   204.3716    -1.4735     0.4868     0.0000    21.8000     0.5500   204.3716    -1.6146    -1.7814     0.0000    21.8000     0.5500   204.3716     0.0794     0.1044     0.0000    21.8000     0.5500   204.3716     0.2473     0.2473     0.0000    21.8000     0.5500   204.3716     0.2473     0.2473     0.0000    21.8000     0.5500   204.3716     0.2473     0.2473
   30.8750     0.5000  95631.616     0.0000    21.1000     0.5800   201.8047     2.6869    -0.7792     0.0000    21.1000     0.5800   201.8047    -1.1264     0.7133     0.0000    21.1000     0.5800   201.8047    -0.6479    -2.5866     0.0000    21.1000     0.5800   201.8047     0.0334     0.0281     0.0000    21.1000     0.5800   201.8047     0.1338     0.3231     0.0000    21.1000     0.5800   201.8047     0.1338     0.3231     0.0000    21.1000     0.5800   201.8047     0.1338     0.3231
   30.9167     0.5000  95641.775     0.0000    20.3000     0.6000   197.6166     2.7289    -0.7914     0.0000    20.3000     0.6000   197.6166    -0.9044     0.7238     0.0000    20.3000     0.6000   197.6166    -0.0000    -2.8632     0.0000    20.3000     0.6000   197.6166     0.0183     0.0119     0.0000    20.3000     0.6000   197.6166     0.1295     0.3483     0.0000    20.3000     0.6000   197.6166     0.1295     0.3483     0.0000    20.3000     0.6000   197.6166     0.1079     0.2902
   30.9583     0.5000  95628.230     0.0000    19.8000     0.6500   197.7580     2.8320    -0.7464     0.0000    19.8000     0.6500   197.7580    -0.8175     0.6220     0.0000    19.8000     0.6500   197.7580    -0.0000    -2.9943     0.0000    19.8000     0.6500   197.7580     0.0558     0.0344     0.0000    19.8000     0.6500   197.7580     0.2595     0.3242     0.0000    19.8000     0.6500   197.7580     0.2595     0.3242     0.0000    19.8000     0.6500   197.7580     0.2595     0.3242
   31.0000     0.5000  95651.934     0.0000    19.1000     0.6500   192.7327     2.9346    -0.6969     0.0000    19.1000     0.6500   192.7327    -0.7263     0.5249     0.0000    19.1000     0.6500   192.7327    -0.0000    -3.1255     0.0000    19.1000     0.6500   192.7327     0.0944     0.0550     0.0000    19.1000     0.6500   192.7327     0.3847     0.2503     0.0000    19.1000     0.6500   192.7327     0.3847     0.2503     0.0000    19.1000     0.6500   192.7327     0.3847     0.2503
   31.0417     0.5000  95668.866     0.0000    18.4000     0.7100   191.8000     3.0363    -0.6428     0.0000    18.4000     0.7100   191.8000    -0.6308     0.4328     0.0000    18.4000     0.7100   191.8000    -0.0000    -3.2566     0.0000    18.4000     0.7100   191.8000     0.1340     0.0738     0.0000    18.4000     0.7100   191.8000     0.4861     0.1281     0.0000    18.4000     0.7100   191.8000     0.4861     0.1281     0.0000    18.4000     0.7100   191.8000     0.4861     0.1281
   31.0833     0.5000  95706.116    25.2200    18.5000     0.6800   190.5318     3.0858    -0.4965    25.2200    18.5000     0.6800   190.5318    -0.5767     0.3957    25.2200    18.5000     0.6800   190.5318    -0.0000    -3.3659    25.2200    18.5000     0.6800   190.5318     0.2106     0.1159    25.2200    18.5000     0.6800   190.5318     0.5857     0.2948    25.2200    18.5000     0.6800   190.5318     0.5857     0.2948    25.2200    18.5000     0.6800   190.5318     0.5857     0.2948
   31.1250     0.5000  95733.208   221.1600    19.0000     0.6900   194.7785     3.0704    -0.2644   221.1600    19.0000     0.6900   194.7785    -0.5668     0.4097   221.1600    19.0000     0.6900   194.7785    -0.0000    -3.4533   221.1600    19.0000     0.6900   194.7785     0.3210     0.1871   221.1600    19.0000     0.6900   194.7785     0.3304     0.8565   221.1600    19.0000     0.6900   194.7785     0.3304     0.8565   221.1600    19.0000     0.6900   194.7785     0.3304     0.8565
   31.1667     0.5000  95746.753   420.0100    20.0000     0.6800   201.3335     3.0378    -0.0373   420.0100    20.0000     0.6800   201.3335    -0.5566     0.4235   420.0100    20.0000     0.6800   201.3335    -0.0000    -3.5407   420.0100    20.0000     0.6800   201.3335     0.4280     0.2637   420.0100    20.0000     0.6800   201.3335    -0.3540     0.9176   420.0100    20.0000     0.6800   201.3335    -0.4248     1.1012   420.0100    20.0000     0.6800   201.3335    -0.4248     1.1012
   31.2083     0.5000  95746.753   592.6700    21.4000     0.6700   210.9424     2.9887     0.1836   592.6700    21.4000     0.6700   210.9424    -0.5460     0.4370   592.6700    21.4000     0.6700   210.9424    -0.0000    -3.6281   592.6700    21.4000     0.6700   210.9424     0.5313     0.3456   592.6700    21.4000     0.6700   210.9424    -1.2885     0.6486   592.6700    21.4000     0.6700   210.9424    -1.2885     0.6486   592.6700    21.4000     0.6700   210.9424    -1.2885     0.6486
   31.2500     0.5000  95753.526   446.2000    23.8000     0.3900   227.9618     3.1252     0.0384   446.2000    23.8000     0.3900   227.9618    -0.7693     0.6473   446.2000    23.8000     0.3900   227.9618    -0.0000    -3.9560   446.2000    23.8000     0.3900   227.9618     0.6554     0.3503   446.2000    23.8000     0.3900   227.9618    -1.6185     0.6016   446.2000    23.8000     0.3900   227.9618    -1.6185     0.6016   446.2000    23.8000     0.3900   227.9618    -1.6185     0.6016
   31.2917     0.5000  95739.980   844.8700    26.1000     0.2700   201.4172     3.3879    -0.5451   844.8700    26.1000     0.2700   201.4172    -1.2116     1.0714   844.8700    26.1000     0.2700   201.4172    -0.0000    -4.5243   844.8700    26.1000     0.2700   201.4172     0.7948     0.2411   844.8700    26.1000     0.2700   201.4172    -1.3087     1.5553   844.8700    26.1000     0.2700   201.4172    -1.3087     1.5553   844.8700    26.1000     0.2700   201.4172    -1.3087     1.5553
   31.3333     0.5000  95709.503   890.4600    27.2000     0.3300   219.1331     3.5341    -1.2158   890.4600    27.2000     0.3300   219.1331    -1.3611     1.2644   890.4600    27.2000     0.3300   219.1331    -0.0000    -5.0925   890.4600    27.2000     0.3300   219.1331     0.9135     0.0900   890.4600    27.2000     0.3300   219.1331    -0.4281     2.2991   890.4600    27.2000     0.3300   219.1331    -0.4281     2.2991   890.4600    27.2000     0.3300   219.1331    -0.4281     2.2991
   31.3750     0.5000  95665.480   884.6400    27.9000     0.3500   227.3403     3.5423    -1.9497   884.6400    27.9000     0.3500   227.3403    -1.6947     1.6536   884.6400    27.9000     0.3500   227.3403    -0.0000    -5.6608   884.6400    27.9000     0.3500   227.3403     1.0005    -0.0985   884.6400    27.9000     0.3500   227.3403     0.8603     2.5008   884.6400    27.9000     0.3500   227.3403     0.8603     2.5008   884.6400    27.9000     0.3500   227.3403     0.8603     2.5008
   31.4167     0.5000  95628.230   826.4400    28.1000     0.3700   231.7143     3.5056    -2.1012   826.4400    28.1000     0.3700   231.7143    -2.1327     1.4632   826.4400    28.1000     0.3700   231.7143    -0.0000    -6.1635   826.4400    28.1000     0.3700   231.7143     1.0491     0.0000   826.4400    28.1000     0.3700   231.7143     1.9937     1.9937   826.4400    28.1000     0.3700   231.7143     1.9937     1.9937   826.4400    28.1000     0.3700   231.7143     1.9937     1.9937
   31.4583     0.5000  95590.979   721.6800    29.4000     0.3200   234.1238     3.4971    -1.6540   721.6800    29.4000     0.3200   234.1238    -2.9346     0.6969   721.6800    29.4000     0.3200   234.1238    -0.0000    -6.6006   721.6800    29.4000     0.3200   234.1238     0.9692     0.4015   721.6800    29.4000     0.3200   234.1238     2.6452     1.0957   721.6800    29.4000     0.3200   234.1238     2.6452     1.0957   721.6800    29.4000     0.3200   234.1238     2.6452     1.0957
   31.5000     0.5000  95594.366   574.2400    28.8000     0.3600   239.3967     3.4366    -1.2296   574.2400    28.8000     0.3600   239.3967    -2.9021    -0.3942   574.2400    28.8000     0.3600   239.3967    -0.0000    -7.0377   574.2400    28.8000     0.3600   239.3967     0.7418     0.7418   574.2400    28.8000     0.3600   239.3967     2.9069     0.0000   574.2400    28.8000     0.3600   239.3967     2.9069     0.0000   574.2400    28.8000     0.3600   239.3967     2.9069     0.0000
   31.5417     0.5000  95635.002   389.9400    27.4000     0.4800   253.4539     3.3286    -0.8338   389.9400    27.4000     0.4800   253.4539    -2.4892    -1.3700   389.9400    27.4000     0.4800   253.4539    -0.0000    -7.4749   389.9400    27.4000     0.4800   253.4539     0.4015     0.9692   389.9400    27.4000     0.4800   253.4539     2.7260    -1.1291   389.9400    27.4000     0.4800   253.4539     2.7260    -1.1291   389.9400    27.4000     0.4800   253.4539     2.7260    -1.1291
   31.5833     0.5000  95635.002   196.9100    25.0000     0.5000   252.7531     3.0970    -0.4206   196.9100    25.0000     0.5000   252.7531    -2.1457    -1.7609   196.9100    25.0000     0.5000   252.7531    -0.0000    -7.5186   196.9100    25.0000     0.5000   252.7531    -0.0115     0.9398   196.9100    25.0000     0.5000   252.7531     2.0849    -1.6270   196.9100    25.0000     0.5000   252.7531     2.0849    -1.6270   196.9100    25.0000     0.5000   252.7531     2.0849    -1.6270
   31.6250     0.5000  95716.276    12.6100    22.8000     0.5600   270.8486     2.7318    -0.0335    12.6100    22.8000     0.5600   270.8486    -2.1119    -1.7332    12.6100    22.8000     0.5600   270.8486    -0.0000    -7.1689    12.6100    22.8000     0.5600   270.8486    -0.2503     0.5465    12.6100    22.8000     0.5600   270.8486     1.3714    -1.4405    12.6100    22.8000     0.5600   270.8486     1.3714    -1.4405    12.6100    22.8000     0.5600   270.8486     1.3714    -1.4405
   31.6667     0.5000  95743.367     0.0000    20.9000     0.5900   257.4600     2.3244     0.2578     0.0000    20.9000     0.5900   257.4600    -2.0781    -1.7055     0.0000    20.9000     0.5900   257.4600    -0.0000    -6.8192     0.0000    20.9000     0.5900   257.4600    -0.3766     0.3330     0.0000    20.9000     0.5900   257.4600     0.7677    -1.0900     0.0000    20.9000     0.5900   257.4600     0.7677    -1.0900     0.0000    20.9000     0.5900   257.4600     0.6397    -0.9084
   31.7083     0.5000  95858.504     0.0000    19.2000     0.6600   194.1532     1.8926     0.4495     0.0000    19.2000     0.6600   194.1532    -2.0443    -1.6777     0.0000    19.2000     0.6600   194.1532    -0.0000    -6.4695     0.0000    19.2000     0.6600   194.1532    -0.2257     0.0715     0.0000    19.2000     0.6600   194.1532     0.3046    -0.6052     0.0000    19.2000     0.6600   194.1532     0.3046    -0.6052     0.0000    19.2000     0.6600   194.1532     0.2539    -0.5043
   31.7500     0.5000  95902.527     0.0000    18.4000     0.6700   189.1453     1.7753     0.4679     0.0000    18.4000     0.6700   189.1453    -1.9829    -1.5087     0.0000    18.4000     0.6700   189.1453    -0.0000    -6.0761     0.0000    18.4000     0.6700   189.1453    -0.2838     0.0139     0.0000    18.4000     0.6700   189.1453     0.1255    -0.3029     0.0000    18.4000     0.6700   189.1453     0.1255    -0.3029     0.0000    18.4000     0.6700   189.1453     0.1046    -0.2524
   31.7917     0.5000  95916.073     0.0000    18.1000     0.6800   187.6975     1.9768     0.3681     0.0000    18.1000     0.6800   187.6975    -1.8687    -1.2157     0.0000    18.1000     0.6800   187.6975    -0.0000    -5.6389     0.0000    18.1000     0.6800   187.6975    -0.4184    -0.0206     0.0000    18.1000     0.6800   187.6975     0.1087    -0.2625     0.0000    18.1000     0.6800   187.6975     0.1087    -0.2625     0.0000    18.1000     0.6800   187.6975     0.1087    -0.2625
   31.8333     0.5000  95939.777     0.0000    17.8000     0.6700   184.9173     2.1723     0.2409     0.0000    17.8000     0.6700   184.9173    -1.7233    -0.9485     0.0000    17.8000     0.6700   184.9173    -0.0000    -5.2018     0.0000    17.8000     0.6700   184.9173    -0.5945    -0.0882     0.0000    17.8000     0.6700   184.9173     0.0920    -0.2221     0.0000    17.8000     0.6700   184.9173     0.0920    -0.2221     0.0000    17.8000     0.6700   184.9173     0.0767    -0.1851
   31.8750     0.5000  95916.073     0.0000    17.6000     0.6700   183.5175     2.3589     0.0869     0.0000    17.6000     0.6700   183.5175    -1.5499    -0.7099     0.0000    17.6000     0.6700   183.5175    -0.0000    -4.7647     0.0000    17.6000     0.6700   183.5175    -0.7597    -0.1903     0.0000    17.6000     0.6700   183.5175     0.0753    -0.1817     0.0000    17.6000     0.6700   183.5175     0.0753    -0.1817     0.0000    17.6000     0.6700   183.5175     0.0753    -0.1817
   31.9167     0.5000  95895.754     0.0000    17.6000     0.6700   183.5175     2.6319    -0.2592     0.0000    17.6000     0.6700   183.5175    -1.4583    -0.3844     0.0000    17.6000     0.6700   183.5175    -0.0542    -4.4146     0.0000    17.6000     0.6700   183.5175    -0.7701    -0.3301     0.0000    17.6000     0.6700   183.5175     0.0585    -0.1413     0.0000    17.6000     0.6700   183.5175     0.0585    -0.1413     0.0000    17.6000     0.6700   183.5175     0.0488    -0.1178
   31.9583     0.5000  95905.913     0.0000    17.8000     0.6400   182.8632     2.9072    -0.8819     0.0000    17.8000     0.6400   182.8632    -1.3768     0.0169     0.0000    17.8000     0.6400   182.8632    -0.1528    -4.1499     0.0000    17.8000     0.6400   182.8632    -0.6200    -0.4481     0.0000    17.8000     0.6400   182.8632     0.0418    -0.1010     0.0000    17.8000     0.6400   182.8632     0.0418    -0.1010     0.0000    17.8000     0.6400   182.8632     0.0349    -0.0841
   32.0000     0.5000  95936.391     0.0000    17.3000     0.6600   180.7585     3.0263    -1.6176     0.0000    17.3000     0.6600   180.7585    -1.1965     0.3470     0.0000    17.3000     0.6600   180.7585    -0.2386    -3.8831     0.0000    17.3000     0.6600   180.7585    -0.5502    -0.6222     0.0000    17.3000     0.6600   180.7585     0.0251    -0.0606     0.0000    17.3000     0.6600   180.7585     0.0251    -0.0606     0.0000    17.3000     0.6600   180.7585     0.0209    -0.0505
   32.0417     0.5000  95943.164     0.0000    16.9000     0.6800   179.3098     2.9567    -2.4265     0.0000    16.9000     0.6800   179.3098    -0.9490     0.5847     0.0000    16.9000     0.6800   179.3098    -0.3113    -3.6148     0.0000    16.9000     0.6800   179.3098    -0.3583    -0.6510     0.0000    16.9000     0.6800   179.3098     0.0084    -0.0202     0.0000    16.9000     0.6800   179.3098     0.0084    -0.0202     0.0000    16.9000     0.6800   179.3098     0.0084    -0.0202
   32.0833     0.5000  96044.755    28.7767    15.9000     0.7600   177.2944     3.3228    -3.3228    28.7767    15.9000     0.7600   177.2944    -0.6478     0.5871    28.7767    15.9000     0.7600   177.2944    -0.2719    -3.1575    28.7767    15.9000     0.7600   177.2944    -0.4844    -0.5344    28.7767    15.9000     0.7600   177.2944     0.2137    -0.2190    28.7767    15.9000     0.7600   177.2944     0.2137    -0.2190    28.7767    15.9000     0.7600   177.2944     0.2137    -0.2190
   32.1250     0.5000  96088.778   199.4967    17.1000     0.7800   186.8452     4.2810    -4.2810   199.4967    17.1000     0.7800   186.8452    -0.7045     0.7773   199.4967    17.1000     0.7800   186.8452    -0.2707    -4.4067   199.4967    17.1000     0.7800   186.8452    -0.7567    -0.1122   199.4967    17.1000     0.7800   186.8452     0.9173    -0.0338   199.4967    17.1000     0.7800   186.8452     0.9173    -0.0338   199.4967    17.1000     0.7800   186.8452     0.7645    -0.0282
   32.1667     0.5000  96119.256   353.0800    17.8000     0.7300   188.7993     5.2392    -5.2392   353.0800    17.8000     0.7300   188.7993    -0.5208     0.7022   353.0800    17.8000     0.7300   188.7993    -0.1850    -5.0235   353.0800    17.8000     0.7300   188.7993    -0.6936     0.4157   353.0800    17.8000     0.7300   188.7993     1.1461     1.0135   353.0800    17.8000     0.7300   188.7993     0.9551     0.8445   353.0800    17.8000     0.7300   188.7993     1.1461     1.0135
   32.2083     0.5000  96149.733   558.0733    18.8000     0.7000   194.0092     6.1973    -6.1973   558.0733    18.8000     0.7000   194.0092    -0.4495     0.7499   558.0733    18.8000     0.7000   194.0092    -0.0692    -5.6385   558.0733    18.8000     0.7000   194.0092    -0.2872     0.8026   558.0733    18.8000     0.7000   194.0092     0.1838     2.1340   558.0733    18.8000     0.7000   194.0092     0.1838     2.1340   558.0733    18.8000     0.7000   194.0092     0.1838     2.1340
   32.2500     0.5000  96170.052   707.7767    19.9000     0.6500   198.4808     6.4292    -6.4292   707.7767    19.9000     0.6500   198.4808    -0.5335     1.0282   707.7767    19.9000     0.6500   198.4808    -0.0000    -6.0323   707.7767    19.9000     0.6500   198.4808    -0.0000     0.9617   707.7767    19.9000     0.6500   198.4808    -0.8689     2.4283   707.7767    19.9000     0.6500   198.4808    -0.8689     2.4283   707.7767    19.9000     0.6500   198.4808    -0.8689     2.4283
   32.2917     0.5000  96170.052   812.5367    21.8000     0.5800   206.9181     5.9346    -5.9346   812.5367    21.8000     0.5800   206.9181    -0.5033     1.0312   812.5367    21.8000     0.5800   206.9181    -0.0000    -6.2072   812.5367    21.8000     0.5800   206.9181    -0.0000     1.1365   812.5367    21.8000     0.5800   206.9181    -1.2148     2.5685   812.5367    21.8000     0.5800   206.9181    -1.2148     2.5685   812.5367    21.8000     0.5800   206.9181    -1.2148     2.5685
   32.3333     0.5000  96112.483   870.0900    24.1000     0.4400   210.4419     5.4401    -5.4401   870.0900    24.1000     0.4400   210.4419    -0.6644     1.4506   870.0900    24.1000     0.4400   210.4419    -0.0000    -6.3820   870.0900    24.1000     0.4400   210.4419    -0.0000     1.3114   870.0900    24.1000     0.4400   210.4419    -1.5956     2.6620   870.0900    24.1000     0.4400   210.4419    -1.3296     2.2184   870.0900    24.1000     0.4400   210.4419    -1.5956     2.6620
   32.3750     0.5000  96126.029   872.3533    25.9000     0.3700   215.1976     4.9455    -4.9455   872.3533    25.9000     0.3700   215.1976    -0.5956     1.3894   872.3533    25.9000     0.3700   215.1976    -0.0000    -6.5569   872.3533    25.9000     0.3700   215.1976    -0.0000     1.4862   872.3533    25.9000     0.3700   215.1976    -2.0050     2.7035   872.3533    25.9000     0.3700   215.1976    -2.0050     2.7035   872.3533    25.9000     0.3700   215.1976    -2.0050     2.7035
   32.4167     0.5000  96092.165   819.6500    26.9000     0.4000   226.5811     4.8219    -4.8219   819.6500    26.9000     0.4000   226.5811    -0.6200     1.3987   819.6500    26.9000     0.4000   226.5811    -2.0975    -6.0969   819.6500    26.9000     0.4000   226.5811    -0.1793     1.4534   819.6500    26.9000     0.4000   226.5811    -1.2428     3.2219   819.6500    26.9000     0.4000   226.5811    -1.2428     3.2219   819.6500    26.9000     0.4000   226.5811    -1.2428     3.2219
   32.4583     0.5000  96031.210   716.1833    27.7000     0.4300   236.4502     5.0692    -5.0692   716.1833    27.7000     0.4300   236.4502    -0.6224     1.2364   716.1833    27.7000     0.4300   236.4502    -5.0748    -3.3015   716.1833    27.7000     0.4300   236.4502    -0.4484     1.1623   716.1833    27.7000     0.4300   236.4502     0.8977     3.2439   716.1833    27.7000     0.4300   236.4502     0.8977     3.2439   716.1833    27.7000     0.4300   236.4502     0.8977     3.2439
   32.5000     0.5000  95987.187   570.6833    28.8000     0.3600   239.6428     5.3164    -5.3164   570.6833    28.8000     0.3600   239.6428    -0.6105     1.0776   570.6833    28.8000     0.3600   239.6428    -5.6399     0.4857   570.6833    28.8000     0.3600   239.6428    -0.5915     0.8399   570.6833    28.8000     0.3600   239.6428     2.5846     2.0170   570.6833    28.8000     0.3600   239.6428     2.1538     1.6808   570.6833    28.8000     0.3600   239.6428     2.5846     2.0170
   32.5417     0.5000  95970.255   392.2033    28.9000     0.4300   258.7349     5.5637    -5.5637   392.2033    28.9000     0.4300   258.7349    -0.5847     0.9233   392.2033    28.9000     0.4300   258.7349    -3.2160     2.9875   392.2033    28.9000     0.4300   258.7349    -0.6123     0.5282   392.2033    28.9000     0.4300   258.7349     3.1901     0.0783   392.2033    28.9000     0.4300   258.7349     3.1901     0.0783   392.2033    28.9000     0.4300   258.7349     3.1901     0.0783
   32.5833     0.5000  95966.868   206.6100    26.9000     0.5400   269.2742     5.5008    -5.7777   206.6100    26.9000     0.5400   269.2742    -0.7511     0.9385   206.6100    26.9000     0.5400   269.2742    -2.2515     3.9745   206.6100    26.9000     0.5400   269.2742    -0.4705     0.5321   206.6100    26.9000     0.5400   269.2742     2.5914    -1.1108   206.6100    26.9000     0.5400   269.2742     2.5914    -1.1108   206.6100    26.9000     0.5400   269.2742     2.1595    -0.9257
   32.6250     0.5000  96017.664     0.0000    25.3000     0.5500   291.9609     5.1251    -5.9414     0.0000    25.3000     0.5500   291.9609    -0.8678     0.7673     0.0000    25.3000     0.5500   291.9609    -1.9060     3.0099     0.0000    25.3000     0.5500   291.9609    -0.1999     0.9444     0.0000    25.3000     0.5500   291.9609     1.7536    -1.2675     0.0000    25.3000     0.5500   291.9609     1.7536    -1.2675     0.0000    25.3000     0.5500   291.9609     1.4614    -1.0563
   32.6667     0.5000  96078.619     0.0000    23.1000     0.6000   218.2568     4.7467    -6.0823     0.0000    23.1000     0.6000   218.2568    -0.9490     0.5847     0.0000    23.1000     0.6000   218.2568    -1.4724     2.0907     0.0000    23.1000     0.6000   218.2568     0.3685     1.1633     0.0000    23.1000     0.6000   218.2568     0.9990    -1.1298     0.0000    23.1000     0.6000   218.2568     0.9990    -1.1298     0.0000    23.1000     0.6000   218.2568     0.8325    -0.9415
   32.7083     0.5000  96109.097     0.0000    21.8000     0.6300   210.9215     4.3670    -6.2007     0.0000    21.8000     0.6300   210.9215    -0.9944     0.3977     0.0000    21.8000     0.6300   210.9215    -0.9547     1.2234     0.0000    21.8000     0.6300   210.9215     1.2971     1.2049     0.0000    21.8000     0.6300   210.9215     0.4110    -0.7468     0.0000    21.8000     0.6300   210.9215     0.4110    -0.7468     0.0000    21.8000     0.6300   210.9215     0.3425    -0.6223
   32.7500     0.5000  96105.710     0.0000    21.2000     0.6400   207.2406     4.0680    -5.9294     0.0000    21.2000     0.6400   207.2406    -1.0023     0.2251     0.0000    21.2000     0.6400   207.2406    -0.6411     0.6570     0.0000    21.2000     0.6400   207.2406     1.0676     1.3009     0.0000    21.2000     0.6400   207.2406     0.3165    -0.3324     0.0000    21.2000     0.6400   207.2406     0.3165    -0.3324     0.0000    21.2000     0.6400   207.2406     0.3165    -0.3324
   32.7917     0.5000  96088.778     0.0000    20.7000     0.6800   206.4687     3.8282    -5.2964     0.0000    20.7000     0.6800   206.4687    -0.9809     0.0724     0.0000    20.7000     0.6800   206.4687    -0.5314     0.3841     0.0000    20.7000     0.6800   206.4687    -0.1178     1.1963     0.0000    20.7000     0.6800   206.4687     0.3270    -0.0241     0.0000    20.7000     0.6800   206.4687     0.3270    -0.0241     0.0000    20.7000     0.6800   206.4687     0.3270    -0.0241
   32.8333     0.5000  96102.324     0.0000    20.3000     0.6900   204.2232     3.5600    -4.6790     0.0000    20.3000     0.6900   204.2232    -0.9373    -0.0691     0.0000    20.3000     0.6900   204.2232    -0.3536     0.1726     0.0000    20.3000     0.6900   204.2232    -0.5575     0.4576     0.0000    20.3000     0.6900   204.2232     0.1551     0.1210     0.0000    20.3000     0.6900   204.2232     0.1551     0.1210     0.0000    20.3000     0.6900   204.2232     0.1551     0.1210
   32.8750     0.5000  96075.233     0.0000    19.4000     0.7300   200.3108     3.2641    -4.0783     0.0000    19.4000     0.7300   200.3108    -0.8743    -0.1963     0.0000    19.4000     0.7300   200.3108    -0.1259     0.0365     0.0000    19.4000     0.7300   200.3108    -0.2393    -0.0236     0.0000    19.4000     0.7300   200.3108     0.0112     0.0646     0.0000    19.4000     0.7300   200.3108     0.0112     0.0646     0.0000    19.4000     0.7300   200.3108     0.0112     0.0646
   32.9167     0.5000  96031.210     0.0000    18.8000     0.7400   196.5914     3.0395    -3.6123     0.0000    18.8000     0.7400   196.5914    -0.8565    -0.3304     0.0000    18.8000     0.7400   196.5914    -0.0000     0.0000     0.0000    18.8000     0.7400   196.5914    -0.0000    -0.0000     0.0000    18.8000     0.7400   196.5914    -0.0234     0.0369     0.0000    18.8000     0.7400   196.5914    -0.0234     0.0369     0.0000    18.8000     0.7400   196.5914    -0.0234     0.0369
   32.9583     0.5000  96031.210     0.0000    18.5000     0.7800   196.8760     2.8956    -3.2747     0.0000    18.5000     0.7800   196.8760    -0.8748    -0.4956     0.0000    18.5000     0.7800   196.8760    -0.0000    -0.0000     0.0000    18.5000     0.7800   196.8760    -0.0000     0.0000     0.0000    18.5000     0.7800   196.8760    -0.1264     0.0350     0.0000    18.5000     0.7800   196.8760    -0.1264     0.0350     0.0000    18.5000     0.7800   196.8760    -0.1264     0.0350
   33.0000     0.5000  96031.210     0.0000    17.9000     0.8100   194.2913     2.7371    -2.9464     0.0000    17.9000     0.8100   194.2913    -0.8615    -0.6723     0.0000    17.9000     0.8100   194.2913    -0.0000    -0.0000     0.0000    17.9000     0.8100   194.2913    -0.0000     0.0000     0.0000    17.9000     0.8100   194.2913    -0.1952    -0.0983     0.0000    17.9000     0.8100   194.2913    -0.1952    -0.0983     0.0000    17.9000     0.8100   194.2913    -0.1952    -0.0983
   33.0417     0.5000  96048.142     0.0000    17.3000     0.8100   189.9840     2.5643    -2.6281     0.0000    17.3000     0.8100   189.9840    -0.8138    -0.8548     0.0000    17.3000     0.8100   189.9840    -0.0000    -0.0000     0.0000    17.3000     0.8100   189.9840    -0.0000     0.0000     0.0000    17.3000     0.8100   189.9840    -0.1101    -0.2855     0.0000    17.3000     0.8100   189.9840    -0.1101    -0.2855     0.0000    17.3000     0.8100   189.9840    -0.1101    -0.2855
   33.0833     0.5000  96085.392    23.0860    16.9000     0.8300   188.2438     2.6428    -2.6428    23.0860    16.9000     0.8300   188.2438    -0.8231    -0.7837    23.0860    16.9000     0.8300   188.2438    -0.1093    -0.1365    23.0860    16.9000     0.8300   188.2438    -0.0000     0.0000    23.0860    16.9000     0.8300   188.2438    -0.0859    -0.4953    23.0860    16.9000     0.8300   188.2438    -0.0859    -0.4953    23.0860    16.9000     0.8300   188.2438    -0.0859    -0.4953
   33.1250     0.5000  96119.256   156.5580    17.9000     0.8000   200.8166     2.9828    -2.9828   156.5580    17.9000     0.8000   200.8166    -0.8367    -0.4740   156.5580    17.9000     0.8000   200.8166    -0.4960    -0.1706   156.5580    17.9000     0.8000   200.8166    -0.0000     0.0000   156.5580    17.9000     0.8000   200.8166    -0.3986    -0.7036   156.5580    17.9000     0.8000   200.8166    -0.3986    -0.7036   156.5580    17.9000     0.8000   200.8166    -0.3986    -0.7036
   33.1667     0.5000  96129.415   330.7700    18.7000     0.8100   203.1766     3.3228    -3.3228   330.7700    18.7000     0.8100   203.1766    -0.7583    -0.2099   330.7700    18.7000     0.8100   203.1766    -0.7088     0.1683   330.7700    18.7000     0.8100   203.1766    -0.0000     0.0000   330.7700    18.7000     0.8100   203.1766    -0.7034    -0.6067   330.7700    18.7000     0.8100   203.1766    -0.8440    -0.7281   330.7700    18.7000     0.8100   203.1766    -0.8440    -0.7281
   33.2083     0.5000  96119.256   500.5200    19.7000     0.7600   204.6147     3.6628    -3.6628   500.5200    19.7000     0.7600   204.6147    -0.6118    -0.0150   500.5200    19.7000     0.7600   204.6147    -0.8548     0.8760   500.5200    19.7000     0.7600   204.6147    -0.0000     0.0000   500.5200    19.7000     0.7600   204.6147    -1.1046    -0.4261   500.5200    19.7000     0.7600   204.6147    -1.3255    -0.5113   500.5200    19.7000     0.7600   204.6147    -1.3255    -0.5113
   33.2500     0.5000  96088.778   672.9375    21.8000     0.6900   215.3808     3.8946    -3.8946   672.9375    21.8000     0.6900   215.3808    -0.6217     0.1237   672.9375    21.8000     0.6900   215.3808    -0.5743     1.6051   672.9375    21.8000     0.6900   215.3808    -0.0317     0.1046   672.9375    21.8000     0.6900   215.3808    -1.8126    -0.2917   672.9375    21.8000     0.6900   215.3808    -1.8126    -0.2917   672.9375    21.8000     0.6900   215.3808    -1.8126    -0.2917
   33.2917     0.5000  96109.097   774.3025    23.6000     0.5800   220.3441     4.0182    -4.0182   774.3025    23.6000     0.5800   220.3441    -0.7875     0.3262   774.3025    23.6000     0.5800   220.3441    -0.1137     2.3140   774.3025    23.6000     0.5800   220.3441    -0.1288     0.2409   774.3025    23.6000     0.5800   220.3441    -1.9598    -0.1688   774.3025    23.6000     0.5800   220.3441    -2.3518    -0.2025   774.3025    23.6000     0.5800   220.3441    -2.3518    -0.2025
   33.3333     0.5000  96051.528   836.6250    25.5000     0.5600   233.1318     4.1419    -4.1419   836.6250    25.5000     0.5600   233.1318    -0.8905     0.5950   836.6250    25.5000     0.5600   233.1318     0.7116     2.8410   836.6250    25.5000     0.5600   233.1318    -0.2889     0.3520   836.6250    25.5000     0.5600   233.1318    -2.4040    -0.0295   836.6250    25.5000     0.5600   233.1318    -2.8848    -0.0354   836.6250    25.5000     0.5600   233.1318    -2.8848    -0.0354
   33.3750     0.5000  96021.051   842.2833    27.8000     0.4900   244.1431     4.2655    -4.2655   842.2833    27.8000     0.4900   244.1431    -0.7599     0.7599   842.2833    27.8000     0.4900   244.1431     1.8203     3.0370   842.2833    27.8000     0.4900   244.1431    -0.5913     0.4853   842.2833    27.8000     0.4900   244.1431    -3.4032     0.2091   842.2833    27.8000     0.4900   244.1431    -3.4032     0.2091   842.2833    27.8000     0.4900   244.1431    -3.4032     0.2091
   33.4167     0.5000  95977.028   792.1667    28.7000     0.4300   244.2711     4.5437    -4.5437   792.1667    28.7000     0.4300   244.2711    -0.8807     0.8181   792.1667    28.7000     0.4300   244.2711     2.3566     3.1775   792.1667    28.7000     0.4300   244.2711    -0.6589     0.5408   792.1667    28.7000     0.4300   244.2711    -2.8296     1.0124   792.1667    28.7000     0.4300   244.2711    -3.3955     1.2149   792.1667    28.7000     0.4300   244.2711    -3.3955     1.2149
   33.4583     0.5000  95922.845   690.9633    29.9000     0.3700   247.7599     4.9764    -4.9764   690.9633    29.9000     0.3700   247.7599    -1.1317     0.5872   690.9633    29.9000     0.3700   247.7599     2.1461     3.5806   690.9633    29.9000     0.3700   247.7599    -0.5130     0.6251   690.9633    29.9000     0.3700   247.7599    -1.9448     2.1458   690.9633    29.9000     0.3700   247.7599    -2.3338     2.5749   690.9633    29.9000     0.3700   247.7599    -2.3338     2.5749
   33.5000     0.5000  95882.209   543.5233    30.2000     0.3500   253.1609     5.4092    -5.4092   543.5233    30.2000     0.3500   253.1609    -1.3186     0.2791   543.5233    30.2000     0.3500   253.1609     1.8783     3.9713   543.5233    30.2000     0.3500   253.1609    -0.3606     0.6746   543.5233    30.2000     0.3500   253.1609    -0.6771     2.7032   543.5233    30.2000     0.3500   253.1609    -0.8125     3.2438   543.5233    30.2000     0.3500   253.1609    -0.8125     3.2438
   33.5417     0.5000  95844.958   389.2933    29.6000     0.4000   260.6237     5.8419    -5.8419   389.2933    29.6000     0.4000   260.6237    -1.7016    -0.1045   389.2933    29.6000     0.4000   260.6237     1.5536     4.3421   389.2933    29.6000     0.4000   260.6237    -0.1745     0.5752   389.2933    29.6000     0.4000   260.6237     0.7807     3.1166   389.2933    29.6000     0.4000   260.6237     0.6506     2.5972   389.2933    29.6000     0.4000   260.6237     0.7807     3.1166
   33.5833     0.5000  95834.799   180.0967    27.8000     0.6100   292.5189     6.0119    -6.0119   180.0967    27.8000     0.6100   292.5189    -1.6966    -0.1671   180.0967    27.8000     0.6100   292.5189     1.1865     4.5017   180.0967    27.8000     0.6100   292.5189     0.1196     0.6891   180.0967    27.8000     0.6100   292.5189     1.7212     2.2055   180.0967    27.8000     0.6100   292.5189     1.7212     2.2055   180.0967    27.8000     0.6100   292.5189     1.7212     2.2055
   33.6250     0.5000  95858.504     0.0000    26.6000     0.5300   301.5503     5.9192    -5.9192     0.0000    26.6000     0.5300   301.5503    -1.6096     0.1585     0.0000    26.6000     0.5300   301.5503     0.8281     4.4478     0.0000    26.6000     0.5300   301.5503     0.5514     0.4303     0.0000    26.6000     0.5300   301.5503     1.7727     1.1225     0.0000    26.6000     0.5300   301.5503     1.7727     1.1225     0.0000    26.6000     0.5300   301.5503     1.7727     1.1225
   33.6667     0.5000  95919.459     0.0000    24.6000     0.5300   223.3975     5.8264    -5.8264     0.0000    24.6000     0.5300   223.3975    -1.4641     0.4441     0.0000    24.6000     0.5300   223.3975     0.4842     4.3663     0.0000    24.6000     0.5300   223.3975     0.6975    -0.0515     0.0000    24.6000     0.5300   223.3975     1.3648     0.3065     0.0000    24.6000     0.5300   223.3975     1.3648     0.3065     0.0000    24.6000     0.5300   223.3975     1.3648     0.3065
   33.7083     0.5000  95956.709     0.0000    22.9000     0.5900   215.9188     5.7337    -5.7337     0.0000    22.9000     0.5900   215.9188    -1.2722     0.6800     0.0000    22.9000     0.5900   215.9188     0.1569     4.2591     0.0000    22.9000     0.5900   215.9188     0.4823    -0.5065     0.0000    22.9000     0.5900   215.9188     0.6941    -0.0856     0.0000    22.9000     0.5900   215.9188     0.6941    -0.0856     0.0000    22.9000     0.5900   215.9188     0.5785    -0.0713
   33.7500     0.5000  95922.845     0.0000    21.9000     0.5800   207.6534     5.6629    -5.8036     0.0000    21.9000     0.5800   207.6534    -1.1449     0.7650     0.0000    21.9000     0.5800   207.6534     0.6875     3.9624     0.0000    21.9000     0.5800   207.6534     0.3706    -0.4870     0.0000    21.9000     0.5800   207.6534     0.3015    -0.0523     0.0000    21.9000     0.5800   207.6534     0.3015    -0.0523     0.0000    21.9000     0.5800   207.6534     0.3015    -0.0523
   33.7917     0.5000  95912.686     0.0000    21.1000     0.6100   204.2036     5.6080    -6.0369     0.0000    21.1000     0.6100   204.2036    -1.1085     0.7407     0.0000    21.1000     0.6100   204.2036     1.8099     3.1948     0.0000    21.1000     0.6100   204.2036     0.4018    -0.1722     0.0000    21.1000     0.6100   204.2036     0.2180     0.0161     0.0000    21.1000     0.6100   204.2036     0.2180     0.0161     0.0000    21.1000     0.6100   204.2036     0.2180     0.0161
   33.8333     0.5000  95885.595     0.0000    20.3000     0.6600   202.1076     5.5451    -6.2710     0.0000    20.3000     0.6600   202.1076    -1.0722     0.7164     0.0000    20.3000     0.6600   202.1076     2.5156     2.1699     0.0000    20.3000     0.6600   202.1076     0.2172     0.0241     0.0000    20.3000     0.6600   202.1076     0.1245     0.0411     0.0000    20.3000     0.6600   202.1076     0.1245     0.0411     0.0000    20.3000     0.6600   202.1076     0.1245     0.0411
   33.8750     0.5000  95902.527     0.0000    20.1000     0.7000   203.4413     5.4739    -6.5055     0.0000    20.1000     0.7000   203.4413    -1.0359     0.6921     0.0000    20.1000     0.7000   203.4413     2.7733     1.0698     0.0000    20.1000     0.7000   203.4413     0.0709     0.0512     0.0000    20.1000     0.7000   203.4413     0.0369     0.0234     0.0000    20.1000     0.7000   203.4413     0.0369     0.0234     0.0000    20.1000     0.7000   203.4413     0.0369     0.0234
   33.9167     0.5000  95888.981     0.0000    19.3000     0.7600   201.4838     5.3332    -6.3383     0.0000    19.3000     0.7600   201.4838    -0.9649     0.6796     0.0000    19.3000     0.7600   201.4838     2.1637     1.1909     0.0000    19.3000     0.7600   201.4838     0.0000     0.0000     0.0000    19.3000     0.7600   201.4838     0.0000     0.0000     0.0000    19.3000     0.7600   201.4838     0.0000     0.0000     0.0000    19.3000     0.7600   201.4838     0.0000     0.0000
   33.9583     0.5000  95895.754     0.0000    18.3000     0.7600   194.2230     5.1107    -5.7798     0.0000    18.3000     0.7600   194.2230    -0.8615     0.6723     0.0000    18.3000     0.7600   194.2230     0.7957     1.6303     0.0000    18.3000     0.7600   194.2230     0.0000     0.0000     0.0000    18.3000     0.7600   194.2230     0.0000     0.0000     0.0000    18.3000     0.7600   194.2230     0.0000     0.0000     0.0000    18.3000     0.7600   194.2230     0.0000     0.0000
   34.0000     0.5000  95895.754     0.0000    17.8000     0.8000   192.9967     4.8643    -5.2363     0.0000    17.8000     0.8000   192.9967    -0.7613     0.6567     0.0000    17.8000     0.8000   192.9967    -0.1840     1.1437     0.0000    17.8000     0.8000   192.9967     0.0000     0.0000     0.0000    17.8000     0.8000   192.9967    -0.0000     0.0000     0.0000    17.8000     0.8000   192.9967    -0.0000     0.0000     0.0000    17.8000     0.8000   192.9967    -0.0000     0.0000
   34.0417     0.5000  95902.527     0.0000    17.6000     0.8000   191.5610     4.5944    -4.7086     0.0000    17.6000     0.8000   191.5610    -0.5540     0.5275     0.0000    17.6000     0.8000   191.5610    -0.3511     0.3598     0.0000    17.6000     0.8000   191.5610     0.0000     0.0000     0.0000    17.6000     0.8000   191.5610    -0.0000     0.0000     0.0000    17.6000     0.8000   191.5610    -0.0000     0.0000     0.0000    17.6000     0.8000   191.5610    -0.0000     0.0000
   34.0833     0.5000  95953.323    29.1000    16.2000     0.8000   181.6477     4.4973    -4.4973    29.1000    16.2000     0.8000   181.6477    -0.6522     0.5488    29.1000    16.2000     0.8000   181.6477    -0.3041     0.2496    29.1000    16.2000     0.8000   181.6477     0.0000     0.0000    29.1000    16.2000     0.8000   181.6477    -0.1383     0.0654    29.1000    16.2000     0.8000   181.6477    -0.1383     0.0654    29.1000    16.2000     0.8000   181.6477    -0.1383     0.0654
   34.1250     0.5000  95980.414   200.4667    17.4000     0.8000   190.1302     4.5901    -4.5901   200.4667    17.4000     0.8000   190.1302    -0.5822     0.3393   200.4667    17.4000     0.8000   190.1302    -0.3915     0.7325   200.4667    17.4000     0.8000   190.1302     0.0000     0.0000   200.4667    17.4000     0.8000   190.1302    -0.3937     0.2360   200.4667    17.4000     0.8000   190.1302    -0.3937     0.2360   200.4667    17.4000     0.8000   190.1302    -0.3937     0.2360
   34.1667     0.5000  96004.119   339.8233    18.0000     0.8000   194.6656     4.6828    -4.6828   339.8233    18.0000     0.8000   194.6656    -0.7170     0.2665   339.8233    18.0000     0.8000   194.6656    -0.1243     1.2616   339.8233    18.0000     0.8000   194.6656     0.0000     0.0000   339.8233    18.0000     0.8000   194.6656    -0.5120     0.3797   339.8233    18.0000     0.8000   194.6656    -0.6144     0.4557   339.8233    18.0000     0.8000   194.6656    -0.6144     0.4557
   34.2083     0.5000  96024.437   549.3433    19.6000     0.7500   203.0553     4.7755    -4.7755   549.3433    19.6000     0.7500   203.0553    -0.7091     0.1320   549.3433    19.6000     0.7500   203.0553     0.4949     1.6314   549.3433    19.6000     0.7500   203.0553     0.0000     0.0000   549.3433    19.6000     0.7500   203.0553    -0.7935     0.7192   549.3433    19.6000     0.7500   203.0553    -0.7935     0.7192   549.3433    19.6000     0.7500   203.0553    -0.7935     0.7192
   34.2500     0.5000  96021.051   695.8133    21.1000     0.6600   207.9860     4.8219    -4.8219   695.8133    21.1000     0.6600   207.9860    -0.7890     0.1772   695.8133    21.1000     0.6600   207.9860     1.0785     1.8506   695.8133    21.1000     0.6600   207.9860     0.1235     0.0442   695.8133    21.1000     0.6600   207.9860    -0.8874     1.0813   695.8133    21.1000     0.6600   207.9860    -0.7395     0.9011   695.8133    21.1000     0.6600   207.9860    -0.8874     1.0813
   34.2917     0.5000  95980.414   804.7767    23.1000     0.6100   219.0801     4.8219    -4.8219   804.7767    23.1000     0.6100   219.0801    -0.9176     0.4619   804.7767    23.1000     0.6100   219.0801     1.4590     2.1267   804.7767    23.1000     0.6100   219.0801     0.3556     0.1682   804.7767    23.1000     0.6100   219.0801    -0.8242     1.5420   804.7767    23.1000     0.6100   219.0801    -0.6869     1.2850   804.7767    23.1000     0.6100   219.0801    -0.8242     1.5420
   34.3333     0.5000  95987.187   857.1567    25.3000     0.5000   225.7734     4.8219    -4.8219   857.1567    25.3000     0.5000   225.7734    -0.9433     0.8137   857.1567    25.3000     0.5000   225.7734     1.8847     2.3548   857.1567    25.3000     0.5000   225.7734     0.5624     0.3371   857.1567    25.3000     0.5000   225.7734    -0.6091     2.0079   857.1567    25.3000     0.5000   225.7734    -0.5076     1.6732   857.1567    25.3000     0.5000   225.7734    -0.6091     2.0079
   34.3750     0.5000  95949.936   857.4800    28.1000     0.3700   231.7143     4.8219    -4.8219   857.4800    28.1000     0.3700   231.7143    -0.7027     0.9977   857.4800    28.1000     0.3700   231.7143     2.3503     2.5301   857.4800    28.1000     0.3700   231.7143     0.7373     0.5468   857.4800    28.1000     0.3700   231.7143    -0.2399     2.4361   857.4800    28.1000     0.3700   231.7143    -0.2399     2.4361   857.4800    28.1000     0.3700   231.7143    -0.2399     2.4361
   34.4167     0.5000  95912.686   804.1300    29.3000     0.3600   239.5253     5.0692    -5.0692   804.1300    29.3000     0.3600   239.5253    -0.7126     1.3332   804.1300    29.3000     0.3600   239.5253     2.9759     2.8333   804.1300    29.3000     0.3600   239.5253     0.6220     0.8175   804.1300    29.3000     0.3600   239.5253     0.8501     2.5734   804.1300    29.3000     0.3600   239.5253     0.8501     2.5734   804.1300    29.3000     0.3600   239.5253     0.8501     2.5734
   34.4583     0.5000  95872.050   701.6333    29.6000     0.3300   237.6433     5.5637    -5.5637   701.6333    29.6000     0.3300   237.6433    -0.9015     1.6866   701.6333    29.6000     0.3300   237.6433     3.7734     3.2549   701.6333    29.6000     0.3300   237.6433     0.1800     0.9669   701.6333    29.6000     0.3300   237.6433     2.3588     1.6612   701.6333    29.6000     0.3300   237.6433     2.3588     1.6612   701.6333    29.6000     0.3300   237.6433     2.3588     1.6612
   34.5000     0.5000  95834.799   553.8700    29.1000     0.4800   259.6822     6.0583    -6.0583   553.8700    29.1000     0.4800   259.6822    -1.3085     2.4480   553.8700    29.1000     0.4800   259.6822     4.6177     3.6037   553.8700    29.1000     0.4800   259.6822    -0.2618     0.9026   553.8700    29.1000     0.4800   259.6822     3.0590    -0.0751   553.8700    29.1000     0.4800   259.6822     3.0590    -0.0751   553.8700    29.1000     0.4800   259.6822     3.0590    -0.0751
   34.5417     0.5000  95807.708   379.5933    28.8000     0.4500   262.2566     6.5528    -6.5528   379.5933    28.8000     0.4500   262.2566    -1.2793     2.3934   379.5933    28.8000     0.4500   262.2566     5.5038     3.8762   379.5933    28.8000     0.4500   262.2566    -0.5082     0.5471   379.5933    28.8000     0.4500   262.2566     2.5501    -1.9901   379.5933    28.8000     0.4500   262.2566     2.5501    -1.9901   379.5933    28.8000     0.4500   262.2566     2.1251    -1.6584
   34.5833     0.5000  95814.481   196.5867    28.2000     0.4400   270.6480     6.6093    -6.7735   196.5867    28.2000     0.4400   270.6480    -1.4421     2.2774   196.5867    28.2000     0.4400   270.6480     5.4448     4.2492   196.5867    28.2000     0.4400   270.6480    -0.4841     0.6203   196.5867    28.2000     0.4400   270.6480     2.8016    -0.7753   196.5867    28.2000     0.4400   270.6480     2.8016    -0.7753   196.5867    28.2000     0.4400   270.6480     2.3347    -0.6461
   34.6250     0.5000  95814.481     0.0000    26.2000     0.4600   289.3166     6.2328    -6.7095     0.0000    26.2000     0.4600   289.3166    -1.4752     1.7101     0.0000    26.2000     0.4600   289.3166     4.4007     4.6222     0.0000    26.2000     0.4600   289.3166    -0.0125     0.5098     0.0000    26.2000     0.4600   289.3166     0.8414     1.8982     0.0000    26.2000     0.4600   289.3166     0.8414     1.8982     0.0000    26.2000     0.4600   289.3166     0.7012     1.5818
   34.6667     0.5000  95875.436     0.0000    24.0000     0.5100   216.9491     5.8636    -6.6312     0.0000    24.0000     0.5100   216.9491    -1.6550     1.4276     0.0000    24.0000     0.5100   216.9491     3.3728     4.7890     0.0000    24.0000     0.5100   216.9491     0.2098     0.2978     0.0000    24.0000     0.5100   216.9491    -1.0525     0.6665     0.0000    24.0000     0.5100   216.9491    -1.0525     0.6665     0.0000    24.0000     0.5100   216.9491    -1.0525     0.6665
   34.7083     0.5000  95916.073     0.0000    22.0000     0.5300   204.0602     5.5021    -6.5390     0.0000    22.0000     0.5300   204.0602    -1.4034     0.8887     0.0000    22.0000     0.5300   204.0602     2.3977     4.7635     0.0000    22.0000     0.5300   204.0602     0.2490     0.0823     0.0000    22.0000     0.5300   204.0602    -0.2712    -0.3144     0.0000    22.0000     0.5300   204.0602    -0.2712    -0.3144     0.0000    22.0000     0.5300   204.0602    -0.2712    -0.3144
   34.7500     0.5000  95929.618     0.0000    21.0000     0.5900   201.8885     5.2066    -6.1878     0.0000    21.0000     0.5900   201.8885    -1.0155     0.6086     0.0000    21.0000     0.5900   201.8885     1.9574     4.4159     0.0000    21.0000     0.5900   201.8885     0.1504     0.0280     0.0000    21.0000     0.5900   201.8885    -0.0000    -0.0000     0.0000    21.0000     0.5900   201.8885    -0.0000    -0.0000     0.0000    21.0000     0.5900   201.8885    -0.0000    -0.0000
   34.7917     0.5000  95912.686     0.0000    20.2000     0.6400   199.9249     4.9515    -5.5997     0.0000    20.2000     0.6400   199.9249    -0.9802     0.7269     0.0000    20.2000     0.6400   199.9249     1.9555     3.8850     0.0000    20.2000     0.6400   199.9249     0.0930     0.0573     0.0000    20.2000     0.6400   199.9249    -0.0000     0.0000     0.0000    20.2000     0.6400   199.9249    -0.0000     0.0000     0.0000    20.2000     0.6400   199.9249    -0.0000     0.0000
   34.8333     0.5000  95929.618     0.0000    19.6000     0.6800   198.4262     4.6709    -5.0281     0.0000    19.6000     0.6800   198.4262    -0.9312     0.8440     0.0000    19.6000     0.6800   198.4262     1.9068     3.3660     0.0000    19.6000     0.6800   198.4262     0.0397     0.0522     0.0000    19.6000     0.6800   198.4262    -0.0000     0.0000     0.0000    19.6000     0.6800   198.4262    -0.0000     0.0000     0.0000    19.6000     0.6800   198.4262    -0.0000     0.0000
   34.8750     0.5000  95902.527     0.0000    19.1000     0.6800   194.8196     4.3655    -4.4740     0.0000    19.1000     0.6800   194.8196    -1.0421     1.1498     0.0000    19.1000     0.6800   194.8196     1.8124     2.8621     0.0000    19.1000     0.6800   194.8196     0.0061     0.0210     0.0000    19.1000     0.6800   194.8196     0.0000     0.0000     0.0000    19.1000     0.6800   194.8196     0.0000     0.0000     0.0000    19.1000     0.6800   194.8196     0.0000     0.0000
   34.9167     0.5000  95902.527     0.0000    18.4000     0.7000   191.1485     3.9873    -3.9873     0.0000    18.4000     0.7000   191.1485    -0.7044     1.2085     0.0000    18.4000     0.7000   191.1485     0.8638     2.6149     0.0000    18.4000     0.7000   191.1485    -0.0029     0.0217     0.0000    18.4000     0.7000   191.1485     0.0000     0.0000     0.0000    18.4000     0.7000   191.1485     0.0000     0.0000     0.0000    18.4000     0.7000   191.1485     0.0000     0.0000
   34.9583     0.5000  95919.459     0.0000    18.3000     0.7500   193.6101     3.5546    -3.5546     0.0000    18.3000     0.7500   193.6101    -0.2173     1.0264     0.0000    18.3000     0.7500   193.6101    -0.4310     1.9193     0.0000    18.3000     0.7500   193.6101    -0.0309     0.0451     0.0000    18.3000     0.7500   193.6101     0.0000     0.0000     0.0000    18.3000     0.7500   193.6101     0.0000     0.0000     0.0000    18.3000     0.7500   193.6101     0.0000     0.0000
   35.0000     0.5000  95926.232     0.0000    18.3000     0.7800   195.4283     3.1219    -3.1219     0.0000    18.3000     0.7800   195.4283     0.0771     0.6951     0.0000    18.3000     0.7800   195.4283    -0.8138     0.8548     0.0000    18.3000     0.7800   195.4283    -0.0798     0.0439     0.0000    18.3000     0.7800   195.4283     0.0000    -0.0000     0.0000    18.3000     0.7800   195.4283     0.0000    -0.0000     0.0000    18.3000     0.7800   195.4283     0.0000    -0.0000
   35.0417     0.5000  95963.482     0.0000    17.2000     0.7700   186.9690     2.6891    -2.6891     0.0000    17.2000     0.7700   186.9690     0.1456     0.3179     0.0000    17.2000     0.7700   186.9690    -0.3792     0.1049     0.0000    17.2000     0.7700   186.9690    -0.1274     0.0047     0.0000    17.2000     0.7700   186.9690     0.0000    -0.0000     0.0000    17.2000     0.7700   186.9690     0.0000    -0.0000     0.0000    17.2000     0.7700   186.9690     0.0000    -0.0000
   35.0833     0.5000  95983.800    40.7400    17.0000     0.7900   186.7137     2.5037    -2.5037    40.7400    17.0000     0.7900   186.7137     0.0562     0.4555    40.7400    17.0000     0.7900   186.7137    -0.1310    -0.0048    40.7400    17.0000     0.7900   186.7137    -0.1454    -0.0089    40.7400    17.0000     0.7900   186.7137     0.1310     0.0048    40.7400    17.0000     0.7900   186.7137     0.1310     0.0048    40.7400    17.0000     0.7900   186.7137     0.1310     0.0048
   35.1250     0.5000  96061.687   193.5150    17.7000     0.7600   189.9255     2.5655    -2.5655   193.5150    17.7000     0.7600   189.9255    -0.7440     0.7083   193.5150    17.7000     0.7600   189.9255    -0.3910    -0.0434   193.5150    17.7000     0.7600   189.9255    -0.1425     0.0302   193.5150    17.7000     0.7600   189.9255     0.3010     0.2533   193.5150    17.7000     0.7600   189.9255     0.3010     0.2533   193.5150    17.7000     0.7600   189.9255     0.3010     0.2533
   35.1667     0.5000  96065.074   366.1750    18.8000     0.7900   199.6561     2.6273    -2.6273   366.1750    18.8000     0.7900   199.6561    -1.5720    -0.2728   366.1750    18.8000     0.7900   199.6561    -0.6446    -0.1200   366.1750    18.8000     0.7900   199.6561    -0.1552     0.0805   366.1750    18.8000     0.7900   199.6561     0.1358     0.6415   366.1750    18.8000     0.7900   199.6561     0.1132     0.5346   366.1750    18.8000     0.7900   199.6561     0.1358     0.6415
   35.2083     0.5000  96082.006   472.8750    19.8000     0.7700   209.9185     2.6891    -2.6891   472.8750    19.8000     0.7700   209.9185    -0.9729    -1.9327   472.8750    19.8000     0.7700   209.9185    -0.8877    -0.2340   472.8750    19.8000     0.7700   209.9185    -0.1281     0.1190   472.8750    19.8000     0.7700   209.9185    -0.4026     0.8250   472.8750    19.8000     0.7700   209.9185    -0.3355     0.6875   472.8750    19.8000     0.7700   209.9185    -0.4026     0.8250
   35.2500     0.5000  96051.528   690.1550    21.9000     0.6900   216.1347     2.8437    -2.8437   690.1550    21.9000     0.6900   216.1347    -1.6514    -2.4715   690.1550    21.9000     0.6900   216.1347    -1.1513     0.1277   690.1550    21.9000     0.6900   216.1347    -0.1302     0.1756   690.1550    21.9000     0.6900   216.1347    -0.7449     0.6752   690.1550    21.9000     0.6900   216.1347    -0.7449     0.6752   690.1550    21.9000     0.6900   216.1347    -0.7449     0.6752
   35.2917     0.5000  96004.119   754.6600    23.8000     0.6100   224.4048     3.0909    -3.0909   754.6600    23.8000     0.6100   224.4048    -3.9443     0.7846   754.6600    23.8000     0.6100   224.4048    -0.8338     1.0958   754.6600    23.8000     0.6100   224.4048    -0.1573     0.2625   754.6600    23.8000     0.6100   224.4048    -0.6144     0.4557   754.6600    23.8000     0.6100   224.4048    -0.7373     0.5468   754.6600    23.8000     0.6100   224.4048    -0.7373     0.5468
   35.3333     0.5000  95953.323   821.5900    25.9000     0.5800   238.0916     3.3382    -3.3382   821.5900    25.9000     0.5800   238.0916    -0.9892     4.9732   821.5900    25.9000     0.5800   238.0916     0.2535     1.5752   821.5900    25.9000     0.5800   238.0916    -0.1402     0.2964   821.5900    25.9000     0.5800   238.0916    -0.5936     0.3558   821.5900    25.9000     0.5800   238.0916    -0.7124     0.4270   821.5900    25.9000     0.5800   238.0916    -0.7124     0.4270
   35.3750     0.5000  95909.300   833.8767    27.3000     0.5700   248.2853     3.5855    -3.5855   833.8767    27.3000     0.5700   248.2853     5.0884     3.4000   833.8767    27.3000     0.5700   248.2853     1.2466     0.8552   833.8767    27.3000     0.5700   248.2853    -0.1620     0.4527   833.8767    27.3000     0.5700   248.2853    -0.6718     0.3177   833.8767    27.3000     0.5700   248.2853    -0.5598     0.2648   833.8767    27.3000     0.5700   248.2853    -0.6718     0.3177
   35.4167     0.5000  95851.731   746.9000    29.4000     0.4300   253.5024     4.0955    -4.0955   746.9000    29.4000     0.4300   253.5024     6.7670     1.0038   746.9000    29.4000     0.4300   253.5024     1.8109     0.6480   746.9000    29.4000     0.4300   253.5024    -0.3215     0.4686   746.9000    29.4000     0.4300   253.5024    -0.3943     0.4041   746.9000    29.4000     0.4300   253.5024    -0.4732     0.4849   746.9000    29.4000     0.4300   253.5024    -0.4732     0.4849
   35.4583     0.5000  95807.708   638.7450    30.6000     0.4200   267.1122     4.8682    -4.8682   638.7450    30.6000     0.4200   267.1122     6.5399     3.0931   638.7450    30.6000     0.4200   267.1122     1.5449     1.1457   638.7450    30.6000     0.4200   267.1122    -0.6146     0.2285   638.7450    30.6000     0.4200   267.1122     0.0194     0.5278   638.7450    30.6000     0.4200   267.1122     0.0233     0.6334   638.7450    30.6000     0.4200   267.1122     0.0233     0.6334
   35.5000     0.5000  95763.685   490.8200    30.8000     0.3900   272.1197     5.6410    -5.6410   490.8200    30.8000     0.3900   272.1197     5.6519     5.1225   490.8200    30.8000     0.3900   272.1197     1.1457     1.5449   490.8200    30.8000     0.3900   272.1197    -0.7186    -0.1894   490.8200    30.8000     0.3900   272.1197     0.4421     0.3909   490.8200    30.8000     0.3900   272.1197     0.4421     0.3909   490.8200    30.8000     0.3900   272.1197     0.4421     0.3909
   35.5417     0.5000  95773.844   330.2850    30.7000     0.4400   287.3983     6.4137    -6.4137   330.2850    30.7000     0.4400   287.3983     4.1238     6.8801   330.2850    30.7000     0.4400   287.3983     0.6480     1.8109   330.2850    30.7000     0.4400   287.3983    -0.5347    -0.6355   330.2850    30.7000     0.4400   287.3983     0.5444    -0.0469   330.2850    30.7000     0.4400   287.3983     0.5444    -0.0469   330.2850    30.7000     0.4400   287.3983     0.5444    -0.0469
   35.5833     0.5000  95746.753   163.9300    29.9000     0.3500   282.2064     6.5528    -6.5528   163.9300    29.9000     0.3500   282.2064    -0.1840     7.4945   163.9300    29.9000     0.3500   282.2064    -0.0627     1.7036   163.9300    29.9000     0.3500   282.2064    -0.4172    -0.6412   163.9300    29.9000     0.3500   282.2064     0.4074    -0.2114   163.9300    29.9000     0.3500   282.2064     0.4074    -0.2114   163.9300    29.9000     0.3500   282.2064     0.4074    -0.2114
   35.6250     0.5000  95780.617     0.0000    28.1000     0.4900   310.5329     6.0583    -6.0583     0.0000    28.1000     0.4900   310.5329    -4.5843     3.9544     0.0000    28.1000     0.4900   310.5329    -0.6112     1.1106     0.0000    28.1000     0.4900   310.5329    -0.4428    -0.3201     0.0000    28.1000     0.4900   310.5329     0.2946    -0.1438     0.0000    28.1000     0.4900   310.5329     0.2946    -0.1438     0.0000    28.1000     0.4900   310.5329     0.2946    -0.1438
   35.6667     0.5000  95787.390     0.0000    27.3000     0.3200   218.3400     5.5637    -5.5637     0.0000    27.3000     0.3200   218.3400    -4.5770    -0.5645     0.0000    27.3000     0.3200   218.3400    -0.6849     0.4699     0.0000    27.3000     0.3200   218.3400    -0.2642    -0.0696     0.0000    27.3000     0.3200   218.3400     0.1788    -0.0819     0.0000    27.3000     0.3200   218.3400     0.1788    -0.0819     0.0000    27.3000     0.3200   218.3400     0.1788    -0.0819
   35.7083     0.5000  95797.549     0.0000    26.1000     0.4000   220.5572     5.0692    -5.0692     0.0000    26.1000     0.4000   220.5572    -1.8248    -2.5911     0.0000    26.1000     0.4000   220.5572    -0.3898     0.0529     0.0000    26.1000     0.4000   220.5572    -0.0905     0.0100     0.0000    26.1000     0.4000   220.5572     0.0603    -0.0258     0.0000    26.1000     0.4000   220.5572     0.0603    -0.0258     0.0000    26.1000     0.4000   220.5572     0.0603    -0.0258
   35.7500     0.5000  95814.481     0.0000    25.0000     0.4200   214.7967     4.6364    -4.6364     0.0000    25.0000     0.4200   214.7967    -0.4605    -2.3151     0.0000    25.0000     0.4200   214.7967    -0.1524    -0.0131     0.0000    25.0000     0.4200   214.7967    -0.0000     0.0000     0.0000    25.0000     0.4200   214.7967     0.0000    -0.0000     0.0000    25.0000     0.4200   214.7967     0.0000    -0.0000     0.0000    25.0000     0.4200   214.7967     0.0000    -0.0000
   35.7917     0.5000  95800.935     0.0000    24.4000     0.4300   211.5254     4.2655    -4.2655     0.0000    24.4000     0.4300   211.5254    -0.4264    -2.1436     0.0000    24.4000     0.4300   211.5254    -0.1091    -0.0067     0.0000    24.4000     0.4300   211.5254    -0.0000     0.0000     0.0000    24.4000     0.4300   211.5254     0.0000     0.0000     0.0000    24.4000     0.4300   211.5254     0.0000     0.0000     0.0000    24.4000     0.4300   211.5254     0.0000     0.0000
   35.8333     0.5000  95841.572     0.0000    23.0000     0.5800   215.8241     3.8946    -3.8946     0.0000    23.0000     0.5800   215.8241    -0.3923    -1.9721     0.0000    23.0000     0.5800   215.8241    -0.0655    -0.0024     0.0000    23.0000     0.5800   215.8241     0.0000     0.0000     0.0000    23.0000     0.5800   215.8241     0.0000     0.0000     0.0000    23.0000     0.5800   215.8241     0.0000     0.0000     0.0000    23.0000     0.5800   215.8241     0.0000     0.0000
   35.8750     0.5000  95824.640     0.0000    22.2000     0.5500   207.2983     3.5237    -3.5237     0.0000    22.2000     0.5500   207.2983    -0.3582    -1.8007     0.0000    22.2000     0.5500   207.2983    -0.0219    -0.0003     0.0000    22.2000     0.5500   207.2983     0.0000     0.0000     0.0000    22.2000     0.5500   207.2983    -0.0000     0.0000     0.0000    22.2000     0.5500   207.2983    -0.0000     0.0000     0.0000    22.2000     0.5500   207.2983    -0.0000     0.0000
   35.9167     0.5000  95807.708     0.0000    22.0000     0.6200   211.6293     3.8413    -1.9930     0.0000    22.0000     0.6200   211.6293    -0.3120    -1.6760     0.0000    22.0000     0.6200   211.6293    -0.0000    -0.0000     0.0000    22.0000     0.6200   211.6293     0.0000     0.0000     0.0000    22.0000     0.6200   211.6293    -0.0000     0.0000     0.0000    22.0000     0.6200   211.6293    -0.0000     0.0000     0.0000    22.0000     0.6200   211.6293    -0.0000     0.0000
   35.9583     0.5000  95804.322     0.0000    20.9000     0.6600   206.5090     3.5085     0.4765     0.0000    20.9000     0.6600   206.5090    -0.2569    -1.5968     0.0000    20.9000     0.6600   206.5090    -0.0000    -0.0000     0.0000    20.9000     0.6600   206.5090     0.0000     0.0000     0.0000    20.9000     0.6600   206.5090    -0.0000     0.0000     0.0000    20.9000     0.6600   206.5090    -0.0000     0.0000     0.0000    20.9000     0.6600   206.5090    -0.0000     0.0000
   36.0000     0.5000  95797.549     0.0000    19.9000     0.6800   200.6048     2.0177     1.8743     0.0000    19.9000     0.6800   200.6048    -0.2059    -1.5160     0.0000    19.9000     0.6800   200.6048    -0.0000    -0.0000     0.0000    19.9000     0.6800   200.6048     0.0000     0.0000     0.0000    19.9000     0.6800   200.6048    -0.0000     0.0000     0.0000    19.9000     0.6800   200.6048    -0.0000     0.0000     0.0000    19.9000     0.6800   200.6048    -0.0000     0.0000
   36.0417     0.5000  95844.958     0.0000    19.3000     0.7000   197.6124     0.4074     1.9244     0.0000    19.3000     0.7000   197.6124    -0.1590    -1.4337     0.0000    19.3000     0.7000   197.6124    -0.0000    -0.0000     0.0000    19.3000     0.7000   197.6124     0.0000     0.0000     0.0000    19.3000     0.7000   197.6124    -0.0000     0.0000     0.0000    19.3000     0.7000   197.6124    -0.0000     0.0000     0.0000    19.3000     0.7000   197.6124    -0.0000     0.0000
   36.0833     0.5000  95892.368    16.0050    18.9000     0.7200   196.0368     0.4074     1.9244    16.0050    18.9000     0.7200   196.0368    -0.3448    -1.5354    16.0050    18.9000     0.7200   196.0368    -0.0873    -0.0043    16.0050    18.9000     0.7200   196.0368     0.0674     0.1125    16.0050    18.9000     0.7200   196.0368    -0.1235     0.0442    16.0050    18.9000     0.7200   196.0368    -0.1235     0.0442    16.0050    18.9000     0.7200   196.0368    -0.1235     0.0442
   36.1250     0.5000  95916.073   132.6475    19.6000     0.6900   214.4574     2.0177     1.8743   132.6475    19.6000     0.6900   214.4574    -0.8648    -1.7180   132.6475    19.6000     0.6900   214.4574    -0.2594    -0.0385   132.6475    19.6000     0.6900   214.4574     0.2915     0.2642   132.6475    19.6000     0.6900   214.4574    -0.3816     0.0956   132.6475    19.6000     0.6900   214.4574    -0.3816     0.0956   132.6475    19.6000     0.6900   214.4574    -0.3816     0.0956
   36.1667     0.5000  95916.073   281.5425    20.3000     0.7200   219.9680     3.5085     0.4765   281.5425    20.3000     0.7200   219.9680    -1.4847    -1.7212   281.5425    20.3000     0.7200   219.9680    -0.4240    -0.1062   281.5425    20.3000     0.7200   219.9680     0.5927     0.2803   281.5425    20.3000     0.7200   219.9680    -0.5405     0.0802   281.5425    20.3000     0.7200   219.9680    -0.6486     0.0962   281.5425    20.3000     0.7200   219.9680    -0.6486     0.0962
   36.2083     0.5000  95861.890   456.1425    21.6000     0.7400   224.1771     3.8413    -1.9930   456.1425    21.6000     0.7400   224.1771    -2.1443    -1.5102   456.1425    21.6000     0.7400   224.1771    -0.5762    -0.2062   456.1425    21.6000     0.7400   224.1771     0.9080     0.1347   456.1425    21.6000     0.7400   224.1771    -0.9169     0.0450   456.1425    21.6000     0.7400   224.1771    -0.9169     0.0450   456.1425    21.6000     0.7400   224.1771    -0.9169     0.0450
   36.2500     0.5000  95882.209   649.9000    23.6000     0.6300   224.5071     3.3691    -3.3691   649.9000    23.6000     0.6300   224.5071    -3.2286    -0.1984   649.9000    23.6000     0.6300   224.5071    -0.8523     0.0105   649.9000    23.6000     0.6300   224.5071     1.4485    -0.2149   649.9000    23.6000     0.6300   224.5071    -1.1334     0.0836   649.9000    23.6000     0.6300   224.5071    -1.1334     0.0836   649.9000    23.6000     0.6300   224.5071    -1.1334     0.0836
   36.2917     0.5000  95841.572   756.0180    25.2000     0.5900   233.5056     3.4310    -3.4310   756.0180    25.2000     0.5900   233.5056    -2.8696     2.9409   756.0180    25.2000     0.5900   233.5056    -0.7884     0.8487   756.0180    25.2000     0.5900   233.5056     2.0746    -0.9812   756.0180    25.2000     0.5900   233.5056    -1.0663     0.2394   756.0180    25.2000     0.5900   233.5056    -1.2795     0.2873   756.0180    25.2000     0.5900   233.5056    -1.2795     0.2873
   36.3333     0.5000  95794.163   818.2920    26.8000     0.6000   247.0420     3.4928    -3.4928   818.2920    26.8000     0.6000   247.0420     0.4275     4.9649   818.2920    26.8000     0.6000   247.0420     0.0898     1.4616   818.2920    26.8000     0.6000   247.0420     2.3158    -2.0989   818.2920    26.8000     0.6000   247.0420    -1.1555     0.4457   818.2920    26.8000     0.6000   247.0420    -1.3866     0.5349   818.2920    26.8000     0.6000   247.0420    -1.3866     0.5349
   36.3750     0.5000  95750.140   837.8860    28.6000     0.6000   261.6870     3.5546    -3.5546   837.8860    28.6000     0.6000   261.6870     4.7472     3.4313   837.8860    28.6000     0.6000   261.6870     1.3546     1.1398   837.8860    28.6000     0.6000   261.6870     2.0338    -3.3932   837.8860    28.6000     0.6000   261.6870    -1.4453     0.8187   837.8860    28.6000     0.6000   261.6870    -1.4453     0.8187   837.8860    28.6000     0.6000   261.6870    -1.4453     0.8187
   36.4167     0.5000  95689.185   782.4020    30.6000     0.4200   258.1751     4.0028    -4.0028   782.4020    30.6000     0.4200   258.1751     6.6111     1.1471   782.4020    30.6000     0.4200   258.1751     1.8537     0.5130   782.4020    30.6000     0.4200   258.1751     1.8246    -4.1161   782.4020    30.6000     0.4200   258.1751    -0.8346     1.4320   782.4020    30.6000     0.4200   258.1751    -1.0015     1.7184   782.4020    30.6000     0.4200   258.1751    -1.0015     1.7184
   36.4583     0.5000  95631.616   665.6140    32.8000     0.2900   260.2363     4.8373    -4.8373   665.6140    32.8000     0.2900   260.2363     7.4837     0.9230   665.6140    32.8000     0.2900   260.2363     1.8766     0.4214   665.6140    32.8000     0.2900   260.2363     2.1423    -4.2559   665.6140    32.8000     0.2900   260.2363     0.9171     2.2932   665.6140    32.8000     0.2900   260.2363     0.9171     2.2932   665.6140    32.8000     0.2900   260.2363     0.9171     2.2932
   36.5000     0.5000  95563.888   509.7350    31.6000     0.4300   281.0432     5.6719    -5.6719   509.7350    31.6000     0.4300   281.0432     8.3483     0.6158   509.7350    31.6000     0.4300   281.0432     1.8950     0.3288   509.7350    31.6000     0.4300   281.0432     2.4778    -4.3739   509.7350    31.6000     0.4300   281.0432     2.8338     0.8218   509.7350    31.6000     0.4300   281.0432     2.8338     0.8218   509.7350    31.6000     0.4300   281.0432     2.8338     0.8218
   36.5417     0.5000  95560.502   338.5300    30.5000     0.5300   294.5465     6.5064    -6.5064   338.5300    30.5000     0.5300   294.5465     9.1987     0.2258   338.5300    30.5000     0.5300   294.5465     1.9089     0.2354   338.5300    30.5000     0.5300   294.5465     2.8297    -4.4686   338.5300    30.5000     0.5300   294.5465     2.7810    -2.0101   338.5300    30.5000     0.5300   294.5465     2.7810    -2.0101   338.5300    30.5000     0.5300   294.5465     2.3175    -1.6751
   36.5833     0.5000  95519.865   142.3475    29.8000     0.5400   314.8180     6.5992    -6.5992   142.3475    29.8000     0.5400   314.8180     7.4244     4.5748   142.3475    29.8000     0.5400   314.8180     1.5035     0.8036   142.3475    29.8000     0.5400   314.8180     3.4199    -3.7733   142.3475    29.8000     0.5400   314.8180     1.4797    -2.8519   142.3475    29.8000     0.5400   314.8180     1.4797    -2.8519   142.3475    29.8000     0.5400   314.8180     1.2330    -2.3766
   36.6250     0.5000  95526.638     0.0000    28.6000     0.4200   305.5091     5.9501    -5.9501     0.0000    28.6000     0.4200   305.5091    -0.5944     6.9029     0.0000    28.6000     0.4200   305.5091     0.3680     1.2131     0.0000    28.6000     0.4200   305.5091     3.8056    -2.2810     0.0000    28.6000     0.4200   305.5091     1.0066    -2.0624     0.0000    28.6000     0.4200   305.5091     1.0066    -2.0624     0.0000    28.6000     0.4200   305.5091     0.8388    -1.7186
   36.6667     0.5000  95550.343     0.0000    27.8000     0.4500   239.6193     5.3010    -5.3010     0.0000    27.8000     0.4500   239.6193    -4.7690     1.9072     0.0000    27.8000     0.4500   239.6193    -0.3915     0.7325     0.0000    27.8000     0.4500   239.6193     3.6678    -0.9187     0.0000    27.8000     0.4500   239.6193     0.5734    -1.2519     0.0000    27.8000     0.4500   239.6193     0.5734    -1.2519     0.0000    27.8000     0.4500   239.6193     0.5734    -1.2519
   36.7083     0.5000  95587.593     0.0000    27.1000     0.4500   234.1755     4.6519    -4.6519     0.0000    27.1000     0.4500   234.1755    -2.5051    -2.2151     0.0000    27.1000     0.4500   234.1755    -0.3765     0.1142     0.0000    27.1000     0.4500   234.1755     3.1217     0.1534     0.0000    27.1000     0.4500   234.1755     0.1808    -0.4219     0.0000    27.1000     0.4500   234.1755     0.1808    -0.4219     0.0000    27.1000     0.4500   234.1755     0.1808    -0.4219
   36.7500     0.5000  95567.275     0.0000    26.1000     0.4800   229.8073     4.0998    -3.9033     0.0000    26.1000     0.4800   229.8073    -0.6469    -2.0419     0.0000    26.1000     0.4800   229.8073    -0.3569    -0.1035     0.0000    26.1000     0.4800   229.8073     2.3592     0.6529     0.0000    26.1000     0.4800   229.8073     0.0000    -0.0000     0.0000    26.1000     0.4800   229.8073     0.0000    -0.0000     0.0000    26.1000     0.4800   229.8073     0.0000    -0.0000
   36.7917     0.5000  95540.183     0.0000    25.6000     0.5200   230.0776     3.5913    -3.0979     0.0000    25.6000     0.5200   230.0776    -0.4977    -1.4467     0.0000    25.6000     0.5200   230.0776    -0.6088    -0.4632     0.0000    25.6000     0.5200   230.0776     1.5985     0.7086     0.0000    25.6000     0.5200   230.0776     0.0000    -0.0000     0.0000    25.6000     0.5200   230.0776     0.0000    -0.0000     0.0000    25.6000     0.5200   230.0776     0.0000    -0.0000
   36.8333     0.5000  95567.275     0.0000    24.7000     0.5300   224.1579     3.0153    -2.3532     0.0000    24.7000     0.5300   224.1579    -0.3198    -0.8604     0.0000    24.7000     0.5300   224.1579    -0.6077    -0.9862     0.0000    24.7000     0.5300   224.1579     0.8863     0.5613     0.0000    24.7000     0.5300   224.1579     0.0000    -0.0000     0.0000    24.7000     0.5300   224.1579     0.0000    -0.0000     0.0000    24.7000     0.5300   224.1579     0.0000    -0.0000
   36.8750     0.5000  95523.252     0.0000    22.9000     0.6200   218.3783     2.3766    -1.6738     0.0000    22.9000     0.6200   218.3783    -0.1136    -0.2841     0.0000    22.9000     0.6200   218.3783    -0.2840    -1.5256     0.0000    22.9000     0.6200   218.3783     0.2648     0.2284     0.0000    22.9000     0.6200   218.3783     0.0000    -0.0000     0.0000    22.9000     0.6200   218.3783     0.0000    -0.0000     0.0000    22.9000     0.6200   218.3783     0.0000    -0.0000
   36.9167     0.5000  95516.479     0.0000    23.1000     0.6100   219.0801     1.9389    -1.2278     0.0000    23.1000     0.6100   219.0801    -0.0000    -0.0000     0.0000    23.1000     0.6100   219.0801    -0.0000    -1.7485     0.0000    23.1000     0.6100   219.0801     0.0727     0.0486     0.0000    23.1000     0.6100   219.0801     0.0000    -0.0000     0.0000    23.1000     0.6100   219.0801     0.0000    -0.0000     0.0000    23.1000     0.6100   219.0801     0.0000    -0.0000
   36.9583     0.5000  95506.320     0.0000    22.6000     0.6200   216.1174     1.7305    -0.9803     0.0000    22.6000     0.6200   216.1174    -0.0000     0.0000     0.0000    22.6000     0.6200   216.1174    -0.0000    -1.7485     0.0000    22.6000     0.6200   216.1174     0.2572     0.0512     0.0000    22.6000     0.6200   216.1174     0.0000    -0.0000     0.0000    22.6000     0.6200   216.1174     0.0000    -0.0000     0.0000    22.6000     0.6200   216.1174     0.0000    -0.0000
   37.0000     0.5000  95496.160     0.0000    21.8000     0.6600   213.1946     1.5032    -0.7567     0.0000    21.8000     0.6600   213.1946    -0.0000     0.0000     0.0000    21.8000     0.6600   213.1946    -0.0000    -1.7485     0.0000    21.8000     0.6600   213.1946     0.4287    -0.0853     0.0000    21.8000     0.6600   213.1946     0.0000    -0.0000     0.0000    21.8000     0.6600   213.1946     0.0000    -0.0000     0.0000    21.8000     0.6600   213.1946     0.0000    -0.0000
   37.0417     0.5000  95469.069     0.0000    20.4000     0.6800   204.2605     1.2588    -0.5580     0.0000    20.4000     0.6800   204.2605     0.0000     0.0000     0.0000    20.4000     0.6800   204.2605    -0.0000    -1.7485     0.0000    20.4000     0.6800   204.2605     0.5088    -0.3400     0.0000    20.4000     0.6800   204.2605     0.0000    -0.0000     0.0000    20.4000     0.6800   204.2605     0.0000    -0.0000     0.0000    20.4000     0.6800   204.2605     0.0000    -0.0000
   37.0833     0.5000  95523.252    25.2200    20.6000     0.7000   207.1245     1.2546    -0.2980    25.2200    20.6000     0.7000   207.1245     0.0000     0.0000    25.2200    20.6000     0.7000   207.1245    -0.0000    -2.0108    25.2200    20.6000     0.7000   207.1245     0.7739    -0.2347    25.2200    20.6000     0.7000   207.1245     0.0640     0.0144    25.2200    20.6000     0.7000   207.1245     0.0640     0.0144    25.2200    20.6000     0.7000   207.1245     0.0533     0.0120
   37.1250     0.5000  95533.411   172.6600    21.5000     0.6700   211.6881     1.4154     0.1219   172.6600    21.5000     0.6700   211.6881     0.0000     0.0000   172.6600    21.5000     0.6700   211.6881    -0.0000    -2.5353   172.6600    21.5000     0.6700   211.6881     0.7941     0.6517   172.6600    21.5000     0.6700   211.6881     0.1285     0.1489   172.6600    21.5000     0.6700   211.6881     0.1285     0.1489   172.6600    21.5000     0.6700   211.6881     0.1285     0.1489
   37.1667     0.5000  95543.570   347.2600    22.3000     0.6300   214.6546     1.4263     0.6114   347.2600    22.3000     0.6300   214.6546     0.0000     0.0000   347.2600    22.3000     0.6300   214.6546    -0.0000    -3.0599   347.2600    22.3000     0.6300   214.6546    -0.1221     1.2398   347.2600    22.3000     0.6300   214.6546     0.0201     0.2725   347.2600    22.3000     0.6300   214.6546     0.0241     0.3270   347.2600    22.3000     0.6300   214.6546     0.0241     0.3270
   37.2083     0.5000  95584.207   530.5900    24.1000     0.5500   221.4687     1.2607     1.1148   530.5900    24.1000     0.5500   221.4687     0.0000     0.0000   530.5900    24.1000     0.5500   221.4687    -0.0000    -3.5844   530.5900    24.1000     0.5500   221.4687    -1.2915     0.6903   530.5900    24.1000     0.5500   221.4687    -0.2456     0.3878   530.5900    24.1000     0.5500   221.4687    -0.2046     0.3231   530.5900    24.1000     0.5500   221.4687    -0.2456     0.3878
   37.2500     0.5000  95584.207   495.6700    26.0000     0.5300   253.4946     1.6040     1.2838   495.6700    26.0000     0.5300   253.4946     0.2772     0.0623   495.6700    26.0000     0.5300   253.4946    -0.0000    -4.1308   495.6700    26.0000     0.5300   253.4946    -1.6497     0.9888   495.6700    26.0000     0.5300   253.4946    -0.4049     0.3669   495.6700    26.0000     0.5300   253.4946    -0.4049     0.3669   495.6700    26.0000     0.5300   253.4946    -0.4049     0.3669
   37.2917     0.5000  95540.183   801.2200    27.9000     0.4700   242.7101     2.5784     0.6796   801.2200    27.9000     0.4700   242.7101     0.6720     0.5244   801.2200    27.9000     0.4700   242.7101    -0.0000    -4.6991   801.2200    27.9000     0.4700   242.7101     0.1287     2.6196   801.2200    27.9000     0.4700   242.7101    -0.3963     0.4373   801.2200    27.9000     0.4700   242.7101    -0.3963     0.4373   801.2200    27.9000     0.4700   242.7101    -0.3963     0.4373
   37.3333     0.5000  95458.910   817.9040    27.3000     0.5900   250.1534     3.2368    -0.5208   817.9040    27.3000     0.5900   250.1534     0.6387     1.2690   817.9040    27.3000     0.5900   250.1534    -0.0000    -5.2674   817.9040    27.3000     0.5900   250.1534     3.0032     1.4204   817.9040    27.3000     0.5900   250.1534    -0.3776     0.5091   817.9040    27.3000     0.5900   250.1534    -0.3146     0.4242   817.9040    27.3000     0.5900   250.1534    -0.3776     0.5091
   37.3750     0.5000  95414.887   853.6000    30.7000     0.4500   262.8385     3.2610    -2.1215   853.6000    30.7000     0.4500   262.8385     0.0488     1.9883   853.6000    30.7000     0.4500   262.8385    -0.0000    -5.8356   853.6000    30.7000     0.4500   262.8385     3.2301    -2.3956   853.6000    30.7000     0.4500   262.8385    -0.3483     0.5811   853.6000    30.7000     0.4500   262.8385    -0.3483     0.5811   853.6000    30.7000     0.4500   262.8385    -0.3483     0.5811
   37.4167     0.5000  95360.705   792.7325    32.2000     0.2400   240.4713     3.3691    -3.3691   792.7325    32.2000     0.2400   240.4713    -0.6471     2.1333   792.7325    32.2000     0.2400   240.4713    -2.7681    -5.3351   792.7325    32.2000     0.2400   240.4713     1.8246    -4.1161   792.7325    32.2000     0.2400   240.4713    -0.0956     1.1106   792.7325    32.2000     0.2400   240.4713    -0.0956     1.1106   792.7325    32.2000     0.2400   240.4713    -0.0956     1.1106
   37.4583     0.5000  95313.295   677.0600    32.7000     0.4300   279.9864     4.1728    -4.1728   677.0600    32.7000     0.4300   279.9864    -1.0097     1.8890   677.0600    32.7000     0.4300   279.9864    -5.7392    -0.7795   677.0600    32.7000     0.4300   279.9864     2.1423    -4.2559   677.0600    32.7000     0.4300   279.9864     1.2885     1.4572   677.0600    32.7000     0.4300   279.9864     1.0738     1.2144   677.0600    32.7000     0.4300   279.9864     1.2885     1.4572
   37.5000     0.5000  95255.727   508.0860    32.3000     0.5600   303.0278     4.9764    -4.9764   508.0860    32.3000     0.5600   303.0278    -1.3034     1.5881   508.0860    32.3000     0.5600   303.0278    -3.7932     4.0833   508.0860    32.3000     0.5600   303.0278     2.4778    -4.3739   508.0860    32.3000     0.5600   303.0278     2.7739     0.1022   508.0860    32.3000     0.5600   303.0278     2.7739     0.1022   508.0860    32.3000     0.5600   303.0278     2.3116     0.0851
   37.5417     0.5000  95262.500   330.5760    32.4000     0.4400   301.4619     5.7801    -5.7801   330.5760    32.4000     0.4400   301.4619    -1.2671     1.0399   330.5760    32.4000     0.4400   301.4619     1.1090     5.2387   330.5760    32.4000     0.4400   301.4619     2.8297    -4.4686   330.5760    32.4000     0.4400   301.4619     2.5811    -2.5185   330.5760    32.4000     0.4400   301.4619     2.5811    -2.5185   330.5760    32.4000     0.4400   301.4619     2.1509    -2.0988
   37.5833     0.5000  95235.408   135.8000    32.9000     0.3700   321.3661     6.6710    -4.9475   135.8000    32.9000     0.3700   321.3661    -1.2466     0.8552   135.8000    32.9000     0.3700   321.3661     1.0230     4.8324   135.8000    32.9000     0.3700   321.3661     3.3734    -3.8150   135.8000    32.9000     0.3700   321.3661     2.9016    -1.9907   135.8000    32.9000     0.3700   321.3661     2.9016    -1.9907   135.8000    32.9000     0.3700   321.3661     2.4180    -1.6589
   37.6250     0.5000  95242.181    12.6100    29.6000     0.5200   328.5406     6.9967    -2.5035    12.6100    29.6000     0.5200   328.5406    -1.2931     0.9346    12.6100    29.6000     0.5200   328.5406    -2.9453     3.1706    12.6100    29.6000     0.5200   328.5406     3.7191    -2.4195    12.6100    29.6000     0.5200   328.5406     2.1399     1.3185    12.6100    29.6000     0.5200   328.5406     2.1399     1.3185    12.6100    29.6000     0.5200   328.5406     1.7832     1.0988
   37.6667     0.5000  95269.272     0.0000    29.9000     0.3800   311.2139     6.5490    -0.3217     0.0000    29.9000     0.3800   311.2139    -1.0958     0.8338     0.0000    29.9000     0.3800   311.2139    -3.6818    -0.5000     0.0000    29.9000     0.3800   311.2139     3.6046    -1.1419     0.0000    29.9000     0.3800   311.2139    -0.2030     1.4944     0.0000    29.9000     0.3800   311.2139    -0.2030     1.4944     0.0000    29.9000     0.3800   311.2139    -0.1691     1.2453
   37.7083     0.5000  95299.750     0.0000    29.1000     0.3800   240.8287     5.5123     1.3808     0.0000    29.1000     0.3800   240.8287    -0.9044     0.7238     0.0000    29.1000     0.3800   240.8287    -1.4293    -2.7549     0.0000    29.1000     0.3800   240.8287     3.1233    -0.1150     0.0000    29.1000     0.3800   240.8287    -0.4828     0.1400     0.0000    29.1000     0.3800   240.8287    -0.4828     0.1400     0.0000    29.1000     0.3800   240.8287    -0.4828     0.1400
   37.7500     0.5000  95303.136     0.0000    28.2000     0.4100   237.8337     4.6357     1.1009     0.0000    28.2000     0.4100   237.8337    -0.6054     0.4968     0.0000    28.2000     0.4100   237.8337    -0.0000    -2.5790     0.0000    28.2000     0.4100   237.8337     2.4899     0.0917     0.0000    28.2000     0.4100   237.8337    -0.0000     0.0000     0.0000    28.2000     0.4100   237.8337    -0.0000     0.0000     0.0000    28.2000     0.4100   237.8337    -0.0000     0.0000
   37.7917     0.5000  95296.363     0.0000    27.5000     0.4200   233.6767     3.7890    -0.3263     0.0000    27.5000     0.4200   233.6767    -0.4646     0.3813     0.0000    27.5000     0.4200   233.6767    -0.0000    -2.1419     0.0000    27.5000     0.4200   233.6767     1.8727    -0.1613     0.0000    27.5000     0.4200   233.6767    -0.0000     0.0000     0.0000    27.5000     0.4200   233.6767    -0.0000     0.0000     0.0000    27.5000     0.4200   233.6767    -0.0000     0.0000
   37.8333     0.5000  95286.204     0.0000    24.7000     0.5100   222.2172     2.6115    -1.1195     0.0000    24.7000     0.5100   222.2172    -0.3886     0.3189     0.0000    24.7000     0.5100   222.2172    -0.0000    -1.7048     0.0000    24.7000     0.5100   222.2172     1.2402    -0.2625     0.0000    24.7000     0.5100   222.2172     0.0000     0.0000     0.0000    24.7000     0.5100   222.2172     0.0000     0.0000     0.0000    24.7000     0.5100   222.2172     0.0000     0.0000
   37.8750     0.5000  95276.045     0.0000    24.2000     0.5300   220.3681     1.4081    -1.2451     0.0000    24.2000     0.5300   220.3681    -0.2196     0.1803     0.0000    24.2000     0.5300   220.3681    -0.0000    -1.2677     0.0000    24.2000     0.5300   220.3681     0.6200    -0.2133     0.0000    24.2000     0.5300   220.3681     0.0000     0.0000     0.0000    24.2000     0.5300   220.3681     0.0000     0.0000     0.0000    24.2000     0.5300   220.3681     0.0000     0.0000
   37.9167     0.5000  95279.432     0.0000    22.9000     0.6400   219.9619     0.7880    -0.9365     0.0000    22.9000     0.6400   219.9619    -0.1171     0.0985     0.0000    22.9000     0.6400   219.9619    -0.0000    -1.1365     0.0000    22.9000     0.6400   219.9619     0.3433    -0.1422     0.0000    22.9000     0.6400   219.9619     0.0000    -0.0000     0.0000    22.9000     0.6400   219.9619     0.0000    -0.0000     0.0000    22.9000     0.6400   219.9619     0.0000    -0.0000
   37.9583     0.5000  95279.432     0.0000    21.7000     0.6400   210.9448     0.5791    -0.6549     0.0000    21.7000     0.6400   210.9448    -0.0819     0.0724     0.0000    21.7000     0.6400   210.9448    -0.0000    -1.3114     0.0000    21.7000     0.6400   210.9448     0.3837    -0.1589     0.0000    21.7000     0.6400   210.9448     0.0000     0.0000     0.0000    21.7000     0.6400   210.9448     0.0000     0.0000     0.0000    21.7000     0.6400   210.9448     0.0000     0.0000
   38.0000     0.5000  95272.659     0.0000    21.0000     0.6900   209.3951     0.3570    -0.3843     0.0000    21.0000     0.6900   209.3951    -0.0480     0.0446     0.0000    21.0000     0.6900   209.3951    -0.0000    -1.4862     0.0000    21.0000     0.6900   209.3951     0.4240    -0.1756     0.0000    21.0000     0.6900   209.3951     0.0000     0.0000     0.0000    21.0000     0.6900   209.3951     0.0000     0.0000     0.0000    21.0000     0.6900   209.3951     0.0000     0.0000
   38.0417     0.5000  95286.204     0.0000    20.3000     0.7100   205.5902     0.1221    -0.1251     0.0000    20.3000     0.7100   205.5902    -0.0156     0.0153     0.0000    20.3000     0.7100   205.5902    -0.0000    -1.6611     0.0000    20.3000     0.7100   205.5902     0.4644    -0.1924     0.0000    20.3000     0.7100   205.5902    -0.0000     0.0000     0.0000    20.3000     0.7100   205.5902    -0.0000     0.0000     0.0000    20.3000     0.7100   205.5902    -0.0000     0.0000
   38.0833     0.5000  95343.773    20.9520    19.8000     0.7300   203.2379     0.2936    -0.2936    20.9520    19.8000     0.7300   203.2379    -0.0000     0.0000    20.9520    19.8000     0.7300   203.2379    -0.3687    -1.5523    20.9520    19.8000     0.7300   203.2379     0.6763     0.0415    20.9520    19.8000     0.7300   203.2379    -0.0393     0.0781    20.9520    19.8000     0.7300   203.2379    -0.0393     0.0781    20.9520    19.8000     0.7300   203.2379    -0.0393     0.0781
   38.1250     0.5000  95401.342   153.6480    22.1000     0.6900   219.1877     0.8809    -0.8809   153.6480    22.1000     0.6900   219.1877    -0.0000     0.0000   153.6480    22.1000     0.6900   219.1877    -0.8302    -0.9867   153.6480    22.1000     0.6900   219.1877     0.5564     0.8110   153.6480    22.1000     0.6900   219.1877    -0.1510     0.2144   153.6480    22.1000     0.6900   219.1877    -0.1510     0.2144   153.6480    22.1000     0.6900   219.1877    -0.1510     0.2144
   38.1667     0.5000  95421.660   357.6067    22.2000     0.7100   219.8288     1.4682    -1.4682   357.6067    22.2000     0.7100   219.8288    -0.0000     0.0000   357.6067    22.2000     0.7100   219.8288    -0.9040    -0.3875   357.6067    22.2000     0.7100   219.8288    -0.3894     1.2293   357.6067    22.2000     0.7100   219.8288    -0.2512     0.2638   357.6067    22.2000     0.7100   219.8288    -0.3014     0.3166   357.6067    22.2000     0.7100   219.8288    -0.3014     0.3166
   38.2083     0.5000  95394.569   508.6033    23.2000     0.7000   226.7825     2.0555    -2.0555   508.6033    23.2000     0.7000   226.7825    -0.0000     0.0000   508.6033    23.2000     0.7000   226.7825    -0.6763     0.0415   508.6033    23.2000     0.7000   226.7825    -1.4955     0.5559   508.6033    23.2000     0.7000   226.7825    -0.4020     0.3138   508.6033    23.2000     0.7000   226.7825    -0.4824     0.3765   508.6033    23.2000     0.7000   226.7825    -0.4824     0.3765
   38.2500     0.5000  95401.342   685.7900    24.6000     0.6700   235.4310     2.3800    -2.3800   685.7900    24.6000     0.6700   235.4310    -0.1636     0.1761   685.7900    24.6000     0.6700   235.4310    -0.5941     0.2208   685.7900    24.6000     0.6700   235.4310    -1.7809     0.4461   685.7900    24.6000     0.6700   235.4310    -0.5947     0.4080   685.7900    24.6000     0.6700   235.4310    -0.5947     0.4080   685.7900    24.6000     0.6700   235.4310    -0.5947     0.4080
   38.2917     0.5000  95326.841   785.0533    26.0000     0.6300   243.2617     2.4418    -2.4418   785.0533    26.0000     0.6300   243.2617    -0.2009     0.6927   785.0533    26.0000     0.6300   243.2617    -0.7566     0.3926   785.0533    26.0000     0.6300   243.2617    -1.1978     1.6151   785.0533    26.0000     0.6300   243.2617    -0.6200     0.4481   785.0533    26.0000     0.6300   243.2617    -0.6200     0.4481   785.0533    26.0000     0.6300   243.2617    -0.6200     0.4481
   38.3333     0.5000  95265.886   844.5467    27.9000     0.6200   257.7529     2.5037    -2.5037   844.5467    27.9000     0.6200   257.7529     0.2200     1.1818   844.5467    27.9000     0.6200   257.7529    -0.8831     0.6059   844.5467    27.9000     0.6200   257.7529     0.1072     2.1830   844.5467    27.9000     0.6200   257.7529    -0.6436     0.4897   844.5467    27.9000     0.6200   257.7529    -0.6436     0.4897   844.5467    27.9000     0.6200   257.7529    -0.6436     0.4897
   38.3750     0.5000  95242.181   836.3825    29.9000     0.5200   264.3868     2.5655    -2.5655   836.3825    29.9000     0.5200   264.3868     1.0190     1.3393   836.3825    29.9000     0.5200   264.3868    -0.9660     0.8542   836.3825    29.9000     0.5200   264.3868     1.5852     1.7490   836.3825    29.9000     0.5200   264.3868    -0.5546     0.4439   836.3825    29.9000     0.5200   264.3868    -0.6655     0.5326   836.3825    29.9000     0.5200   264.3868    -0.6655     0.5326
   38.4167     0.5000  95171.067   802.5133    33.3000     0.4000   277.6723     2.8128    -2.8128   802.5133    33.3000     0.4000   277.6723     2.1267     1.4590   802.5133    33.3000     0.4000   277.6723    -0.8014     0.8213   802.5133    33.3000     0.4000   277.6723     2.4471     0.7423   802.5133    33.3000     0.4000   277.6723    -0.5100     0.7633   802.5133    33.3000     0.4000   277.6723    -0.5100     0.7633   802.5133    33.3000     0.4000   277.6723    -0.5100     0.7633
   38.4583     0.5000  95154.135   683.5267    33.4000     0.3800   277.4043     3.2455    -3.2455   683.5267    33.4000     0.3800   277.4043     3.5370     1.6201   683.5267    33.4000     0.3800   277.4043    -0.9074     0.9768   683.5267    33.4000     0.3800   277.4043     2.7624    -0.2721   683.5267    33.4000     0.3800   277.4043     0.0000     1.0054   683.5267    33.4000     0.3800   277.4043     0.0000     0.8378   683.5267    33.4000     0.3800   277.4043     0.0000     1.0054
   38.5000     0.5000  95093.180   523.8000    35.3000     0.2700   281.8787     3.6782    -3.6782   523.8000    35.3000     0.2700   281.8787     5.0300     1.3258   523.8000    35.3000     0.2700   281.8787    -0.7118     0.8050   523.8000    35.3000     0.2700   281.8787     2.6407    -1.4115   523.8000    35.3000     0.2700   281.8787     0.5059     0.7572   523.8000    35.3000     0.2700   281.8787     0.6071     0.9086   523.8000    35.3000     0.2700   281.8787     0.6071     0.9086
   38.5417     0.5000  95083.021   337.5600    37.0000     0.2000   291.4866     4.1110    -4.1110   337.5600    37.0000     0.2000   291.4866     6.4892     0.5588   337.5600    37.0000     0.2000   291.4866    -0.8021     0.9533   337.5600    37.0000     0.2000   291.4866     2.0382    -2.4836   337.5600    37.0000     0.2000   291.4866     1.0904     0.4517   337.5600    37.0000     0.2000   291.4866     1.0904     0.4517   337.5600    37.0000     0.2000   291.4866     1.0904     0.4517
   38.5833     0.5000  95089.794   124.4833    33.6000     0.4900   350.5550     4.3582    -4.3582   124.4833    33.6000     0.4900   350.5550     6.3078     1.3354   124.4833    33.6000     0.4900   350.5550    -0.7632     0.7822   124.4833    33.6000     0.4900   350.5550     2.0677    -2.2258   124.4833    33.6000     0.4900   350.5550     1.0689    -0.0657   124.4833    33.6000     0.4900   350.5550     1.0689    -0.0657   124.4833    33.6000     0.4900   350.5550     0.8908    -0.0547
   38.6250     0.5000  95120.271    10.9933    32.1000     0.5000   350.3696     4.4201    -4.4201    10.9933    32.1000     0.5000   350.3696     4.0564     2.9320    10.9933    32.1000     0.5000   350.3696    -0.6731     0.4865    10.9933    32.1000     0.5000   350.3696     2.3544    -0.7459    10.9933    32.1000     0.5000   350.3696     0.7103    -0.2840    10.9933    32.1000     0.5000   350.3696     0.7103    -0.2840    10.9933    32.1000     0.5000   350.3696     0.5919    -0.2367
   38.6667     0.5000  95167.681     0.0000    30.1000     0.5000   330.7793     4.4819    -4.4819     0.0000    30.1000     0.5000   330.7793     1.7939     3.0780     0.0000    30.1000     0.5000   330.7793    -0.5107     0.2492     0.0000    30.1000     0.5000   330.7793     1.8603     0.3938     0.0000    30.1000     0.5000   330.7793     0.3512    -0.2955     0.0000    30.1000     0.5000   330.7793     0.3512    -0.2955     0.0000    30.1000     0.5000   330.7793     0.3512    -0.2955
   38.7083     0.5000  95215.090     0.0000    29.9000     0.4100   251.2215     4.5437    -4.5437     0.0000    29.9000     0.4100   251.2215     0.1947     1.7560     0.0000    29.9000     0.4100   251.2215    -0.2939     0.0852     0.0000    29.9000     0.4100   251.2215     0.9988     0.8832     0.0000    29.9000     0.4100   251.2215     0.0803    -0.1303     0.0000    29.9000     0.4100   251.2215     0.0803    -0.1303     0.0000    29.9000     0.4100   251.2215     0.0803    -0.1303
   38.7500     0.5000  95238.795     0.0000    29.2000     0.3700   240.1959     4.1595    -4.3689     0.0000    29.2000     0.3700   240.1959    -0.2242     1.2921     0.0000    29.2000     0.3700   240.1959    -0.1501     0.0298     0.0000    29.2000     0.3700   240.1959     0.5917     0.7581     0.0000    29.2000     0.3700   240.1959     0.0000    -0.0000     0.0000    29.2000     0.3700   240.1959     0.0000    -0.0000     0.0000    29.2000     0.3700   240.1959     0.0000    -0.0000
   38.7917     0.5000  95262.500     0.0000    29.2000     0.3300   234.1948     3.3691    -3.9057     0.0000    29.2000     0.3300   234.1948    -0.2971     0.8993     0.0000    29.2000     0.3300   234.1948    -0.1072     0.0213     0.0000    29.2000     0.3300   234.1948     0.5699     0.5425     0.0000    29.2000     0.3300   234.1948     0.0000    -0.0000     0.0000    29.2000     0.3300   234.1948     0.0000    -0.0000     0.0000    29.2000     0.3300   234.1948     0.0000    -0.0000
   38.8333     0.5000  95265.886     0.0000    26.8000     0.5100   238.3894     2.6356    -3.3771     0.0000    26.8000     0.5100   238.3894    -0.3603     0.7158     0.0000    26.8000     0.5100   238.3894    -0.0643     0.0128     0.0000    26.8000     0.5100   238.3894     0.5003     0.3524     0.0000    26.8000     0.5100   238.3894     0.0000     0.0000     0.0000    26.8000     0.5100   238.3894     0.0000     0.0000     0.0000    26.8000     0.5100   238.3894     0.0000     0.0000
   38.8750     0.5000  95262.500     0.0000    24.9000     0.5600   228.4912     1.9633    -2.7876     0.0000    24.9000     0.5600   228.4912    -0.4531     0.6433     0.0000    24.9000     0.5600   228.4912    -0.0214     0.0043     0.0000    24.9000     0.5600   228.4912     0.3905     0.1965     0.0000    24.9000     0.5600   228.4912     0.0000     0.0000     0.0000    24.9000     0.5600   228.4912     0.0000     0.0000     0.0000    24.9000     0.5600   228.4912     0.0000     0.0000
   38.9167     0.5000  95255.727     0.0000    24.0000     0.5600   221.6156     2.1622    -1.5228     0.0000    24.0000     0.5600   221.6156    -0.3391     0.5355     0.0000    24.0000     0.5600   221.6156    -0.0000     0.0000     0.0000    24.0000     0.5600   221.6156     0.4404     0.2424     0.0000    24.0000     0.5600   221.6156    -0.0000     0.0000     0.0000    24.0000     0.5600   221.6156    -0.0000     0.0000     0.0000    24.0000     0.5600   221.6156    -0.0000     0.0000
   38.9583     0.5000  95276.045     0.0000    23.8000     0.6100   224.4048     1.9740     0.2435     0.0000    23.8000     0.6100   224.4048    -0.1577     0.4773     0.0000    23.8000     0.6100   224.4048    -0.0000     0.0000     0.0000    23.8000     0.6100   224.4048     0.6058     0.5357     0.0000    23.8000     0.6100   224.4048    -0.0000     0.0000     0.0000    23.8000     0.6100   224.4048    -0.0000     0.0000     0.0000    23.8000     0.6100   224.4048    -0.0000     0.0000
   39.0000     0.5000  95313.295     0.0000    22.7000     0.6000   215.2488     0.8708     1.0095     0.0000    22.7000     0.6000   215.2488    -0.0273     0.3706     0.0000    22.7000     0.6000   215.2488    -0.0000     0.0000     0.0000    22.7000     0.6000   215.2488     0.6530     0.9034     0.0000    22.7000     0.6000   215.2488    -0.0000    -0.0000     0.0000    22.7000     0.6000   215.2488    -0.0000    -0.0000     0.0000    22.7000     0.6000   215.2488    -0.0000    -0.0000
   39.0417     0.5000  95360.705     0.0000    22.1000     0.5600   207.4322    -0.0166     0.6773     0.0000    22.1000     0.5600   207.4322     0.0411     0.2369     0.0000    22.1000     0.5600   207.4322    -0.0000     0.0000     0.0000    22.1000     0.5600   207.4322     0.5597     1.3057     0.0000    22.1000     0.5600   207.4322    -0.0000    -0.0000     0.0000    22.1000     0.5600   207.4322    -0.0000    -0.0000     0.0000    22.1000     0.5600   207.4322    -0.0000    -0.0000
   39.0833     0.5000  95465.683    12.9333    21.9000     0.6200   210.8856    -0.1324     0.9746    12.9333    21.9000     0.6200   210.8856     0.0995     0.2893    12.9333    21.9000     0.6200   210.8856    -0.0606     0.0251    12.9333    21.9000     0.6200   210.8856     0.5759     1.6741    12.9333    21.9000     0.6200   210.8856    -0.0797    -0.3180    12.9333    21.9000     0.6200   210.8856    -0.0797    -0.3180    12.9333    21.9000     0.6200   210.8856    -0.0797    -0.3180
   39.1250     0.5000  95530.024    88.7550    22.8000     0.6100   253.8509     0.8359     2.0903    88.7550    22.8000     0.6100   253.8509     0.2239     0.5223    88.7550    22.8000     0.6100   253.8509    -0.1817     0.0753    88.7550    22.8000     0.6100   253.8509     0.8525     1.9888    88.7550    22.8000     0.6100   253.8509    -0.6605    -0.7288    88.7550    22.8000     0.6100   253.8509    -0.6605    -0.7288    88.7550    22.8000     0.6100   253.8509    -0.6605    -0.7288
   39.1667     0.5000  95499.547   171.2050    23.0000     0.7000   268.1953     2.7473     2.1988   171.2050    23.0000     0.7000   268.1953     0.3825     0.7372   171.2050    23.0000     0.7000   268.1953    -0.3029     0.1255   171.2050    23.0000     0.7000   268.1953     1.1777     2.2699   171.2050    23.0000     0.7000   268.1953    -1.5434    -0.5522   171.2050    23.0000     0.7000   268.1953    -1.5434    -0.5522   171.2050    23.0000     0.7000   268.1953    -1.2862    -0.4602
   39.2083     0.5000  95367.478   131.5967    24.0000     0.6900   293.8429     4.7257     0.7604   131.5967    24.0000     0.6900   293.8429     0.5733     0.9304   131.5967    24.0000     0.6900   293.8429    -0.4240     0.1756   131.5967    24.0000     0.6900   293.8429     1.5479     2.5120   131.5967    24.0000     0.6900   293.8429    -2.2701     0.3367   131.5967    24.0000     0.6900   293.8429    -2.2701     0.3367   131.5967    24.0000     0.6900   293.8429    -2.2701     0.3367
   39.2500     0.5000  95496.160   399.3167    26.5000     0.5600   274.6924     4.9812     0.6765   399.3167    26.5000     0.5600   274.6924     0.8243     0.8447   399.3167    26.5000     0.5600   274.6924    -0.5209     0.1650   399.3167    26.5000     0.5600   274.6924     0.9479     2.2885   399.3167    26.5000     0.5600   274.6924    -2.5929     0.9278   399.3167    26.5000     0.5600   274.6924    -2.5929     0.9278   399.3167    26.5000     0.5600   274.6924    -2.5929     0.9278
   39.2917     0.5000  95557.115   555.8100    27.5000     0.5800   273.2353     3.4964     2.3988   555.8100    27.5000     0.5800   273.2353     0.9936     0.4551   555.8100    27.5000     0.5800   273.2353    -0.5848     0.0794   555.8100    27.5000     0.5800   273.2353    -0.0000     2.1856   555.8100    27.5000     0.5800   273.2353    -2.4381     0.6107   555.8100    27.5000     0.5800   273.2353    -2.9258     0.7329   555.8100    27.5000     0.5800   273.2353    -2.9258     0.7329
   39.3333     0.5000  95550.343   887.5499    32.7000     0.3100   258.2605     1.6651     3.0253   887.5499    32.7000     0.3100   258.2605     1.0035     0.0617   887.5499    32.7000     0.3100   258.2605    -0.6334    -0.0233   887.5499    32.7000     0.3100   258.2605    -0.7249     1.7500   887.5499    32.7000     0.3100   258.2605    -2.7025     0.4009   887.5499    32.7000     0.3100   258.2605    -3.2430     0.4810   887.5499    32.7000     0.3100   258.2605    -3.2430     0.4810
   39.3750     0.5000  95502.933   319.1301    34.3000     0.2800   325.7408     0.0981     2.6647   319.1301    34.3000     0.2800   325.7408     0.8751    -0.2772   319.1301    34.3000     0.2800   325.7408    -0.6629    -0.1403   319.1301    34.3000     0.2800   325.7408    -1.3600     1.3600   319.1301    34.3000     0.2800   325.7408    -3.5365     0.1737   319.1301    34.3000     0.2800   325.7408    -3.5365     0.1737   319.1301    34.3000     0.2800   325.7408    -3.5365     0.1737
   39.4167     0.5000  95492.774   808.3333    33.7000     0.2900   262.5861     0.2100     2.4389   808.3333    33.7000     0.2900   262.5861     0.8183    -0.1420   808.3333    33.7000     0.2900   262.5861    -0.6340    -0.1671   808.3333    33.7000     0.2900   262.5861    -0.9793     1.0542   808.3333    33.7000     0.2900   262.5861    -2.7269     0.1675   808.3333    33.7000     0.2900   262.5861    -3.2723     0.2010   808.3333    33.7000     0.2900   262.5861    -3.2723     0.2010
   39.4583     0.5000  95445.365   479.8267    35.2000     0.2300   292.3180     1.6940     2.2264   479.8267    35.2000     0.2300   292.3180     0.6638     0.3341   479.8267    35.2000     0.2300   292.3180    -0.5587    -0.1040   479.8267    35.2000     0.2300   292.3180    -0.4687     1.6163   479.8267    35.2000     0.2300   292.3180    -2.0413     0.3801   479.8267    35.2000     0.2300   292.3180    -2.4495     0.4561   479.8267    35.2000     0.2300   292.3180    -2.4495     0.4561
   39.5000     0.5000  95448.751   417.1000    35.1000     0.2900   302.8710     2.9501     1.0966   417.1000    35.1000     0.2900   302.8710     0.2948     0.5857   417.1000    35.1000     0.2900   302.8710    -0.4779    -0.0530   417.1000    35.1000     0.2900   302.8710     0.3000     1.6115   417.1000    35.1000     0.2900   302.8710    -1.6252     0.5149   417.1000    35.1000     0.2900   302.8710    -1.6252     0.5149   417.1000    35.1000     0.2900   302.8710    -1.6252     0.5149
   39.5417     0.5000  95401.342   201.1133    34.6000     0.3400   335.0079     3.4212    -0.7243   201.1133    34.6000     0.3400   335.0079    -0.0810     0.4666   201.1133    34.6000     0.3400   335.0079    -0.3931    -0.0145   201.1133    34.6000     0.3400   335.0079     0.9661     1.2698   201.1133    34.6000     0.3400   335.0079    -0.8346     0.3823   201.1133    34.6000     0.3400   335.0079    -0.8346     0.3823   201.1133    34.6000     0.3400   335.0079    -0.8346     0.3823
   39.5833     0.5000  95367.478    78.5700    34.1000     0.3700   349.5153     3.2057    -1.9214    78.5700    34.1000     0.3700   349.5153    -0.2260     0.4490    78.5700    34.1000     0.3700   349.5153    -0.3056     0.0150    78.5700    34.1000     0.3700   349.5153     1.0729     0.9967    78.5700    34.1000     0.3700   349.5153    -0.3358     0.3442    78.5700    34.1000     0.3700   349.5153    -0.3358     0.3442    78.5700    34.1000     0.3700   349.5153    -0.2798     0.2868
   39.6250     0.5000  95397.955    10.6700    34.1000     0.2400   320.7627     3.1073    -2.3045    10.6700    34.1000     0.2400   320.7627    -0.1550     0.3497    10.6700    34.1000     0.2400   320.7627    -0.2162     0.0321    10.6700    34.1000     0.2400   320.7627     0.8021     0.9533    10.6700    34.1000     0.2400   320.7627    -0.0625     0.3884    10.6700    34.1000     0.2400   320.7627    -0.0625     0.3884    10.6700    34.1000     0.2400   320.7627    -0.0625     0.3884
   39.6667     0.5000  95465.683     0.0000    32.1000     0.2800   312.1852     2.9636    -2.6860     0.0000    32.1000     0.2800   312.1852    -0.1245     0.3229     0.0000    32.1000     0.2800   312.1852    -0.1272     0.0319     0.0000    32.1000     0.2800   312.1852     0.5602     0.8611     0.0000    32.1000     0.2800   312.1852     0.1342     0.2750     0.0000    32.1000     0.2800   312.1852     0.1118     0.2292     0.0000    32.1000     0.2800   312.1852     0.1342     0.2750
   39.7083     0.5000  95496.160     0.0000    30.7000     0.3200   244.1652     2.7741    -3.0608     0.0000    30.7000     0.3200   244.1652    -0.0971     0.2940     0.0000    30.7000     0.3200   244.1652    -0.0412     0.0147     0.0000    30.7000     0.3200   244.1652     0.3547     0.7267     0.0000    30.7000     0.3200   244.1652     0.1915     0.1054     0.0000    30.7000     0.3200   244.1652     0.1915     0.1054     0.0000    30.7000     0.3200   244.1652     0.1915     0.1054
   39.7500     0.5000  95486.001     0.0000    29.4000     0.3600   240.3021     3.5685    -1.0349     0.0000    29.4000     0.3600   240.3021    -0.1468     0.2085     0.0000    29.4000     0.3600   240.3021    -0.0000     0.0000     0.0000    29.4000     0.3600   240.3021     0.3091     0.5783     0.0000    29.4000     0.3600   240.3021     0.1526     0.0113     0.0000    29.4000     0.3600   240.3021     0.1526     0.0113     0.0000    29.4000     0.3600   240.3021     0.1526     0.0113
   39.7917     0.5000  95509.706     0.0000    28.4000     0.4200   240.6636     1.6675     2.1917     0.0000    28.4000     0.4200   240.6636    -0.2075     0.0686     0.0000    28.4000     0.4200   240.6636    -0.0000     0.0000     0.0000    28.4000     0.4200   240.6636     0.3605     0.4393     0.0000    28.4000     0.4200   240.6636     0.1077    -0.0187     0.0000    28.4000     0.4200   240.6636     0.1077    -0.0187     0.0000    28.4000     0.4200   240.6636     0.1077    -0.0187
   39.8333     0.5000  95502.933     0.0000    27.3000     0.4200   232.1378    -0.9402     1.5258     0.0000    27.3000     0.4200   232.1378    -0.1245    -0.0411     0.0000    27.3000     0.4200   232.1378    -0.0000     0.0000     0.0000    27.3000     0.4200   232.1378     0.3717     0.3050     0.0000    27.3000     0.4200   232.1378     0.0599    -0.0266     0.0000    27.3000     0.4200   232.1378     0.0599    -0.0266     0.0000    27.3000     0.4200   232.1378     0.0599    -0.0266
   39.8750     0.5000  95492.774     0.0000    24.6000     0.5900   228.8532    -0.8165    -0.1520     0.0000    24.6000     0.5900   228.8532    -0.0252    -0.0357     0.0000    24.6000     0.5900   228.8532    -0.0000     0.0000     0.0000    24.6000     0.5900   228.8532     0.3470     0.1855     0.0000    24.6000     0.5900   228.8532     0.0172    -0.0134     0.0000    24.6000     0.5900   228.8532     0.0172    -0.0134     0.0000    24.6000     0.5900   228.8532     0.0172    -0.0134
   39.9167     0.5000  95523.252     0.0000    23.7000     0.6100   223.6404    -0.3125    -0.0990     0.0000    23.7000     0.6100   223.6404    -0.0112    -0.0187     0.0000    23.7000     0.6100   223.6404    -0.0404     0.0167     0.0000    23.7000     0.6100   223.6404     0.3653     0.1461     0.0000    23.7000     0.6100   223.6404     0.0000    -0.0000     0.0000    23.7000     0.6100   223.6404     0.0000    -0.0000     0.0000    23.7000     0.6100   223.6404     0.0000    -0.0000
   39.9583     0.5000  95540.183     0.0000    23.3000     0.5700   217.2148    -0.3827     0.2912     0.0000    23.3000     0.5700   217.2148    -0.0562    -0.0337     0.0000    23.3000     0.5700   217.2148    -0.1212     0.0502     0.0000    23.3000     0.5700   217.2148     0.4507     0.1675     0.0000    23.3000     0.5700   217.2148     0.0000     0.0000     0.0000    23.3000     0.5700   217.2148     0.0000     0.0000     0.0000    23.3000     0.5700   217.2148     0.0000     0.0000
   40.0000     0.5000  95550.343     0.0000    22.1000     0.6000   210.7742     0.0174     0.4732     0.0000    22.1000     0.6000   210.7742    -0.1091    -0.0054     0.0000    22.1000     0.6000   210.7742    -0.2019     0.0836     0.0000    22.1000     0.6000   210.7742     0.5374     0.1849     0.0000    22.1000     0.6000   210.7742    -0.0000     0.0000     0.0000    22.1000     0.6000   210.7742    -0.0000     0.0000     0.0000    22.1000     0.6000   210.7742    -0.0000     0.0000
   40.0417     0.5000  95567.275     0.0000    22.5000     0.6200   215.3663     0.5496     0.3576     0.0000    22.5000     0.6200   215.3663    -0.1383     0.0654     0.0000    22.5000     0.6200   215.3663    -0.2827     0.1171     0.0000    22.5000     0.6200   215.3663     0.6251     0.1980     0.0000    22.5000     0.6200   215.3663    -0.0000    -0.0000     0.0000    22.5000     0.6200   215.3663    -0.0000    -0.0000     0.0000    22.5000     0.6200   215.3663    -0.0000    -0.0000
   40.0833     0.5000  95611.298    18.1875    22.6000     0.6200   216.1174     1.0053    -0.0123    18.1875    22.6000     0.6200   216.1174    -0.1378     0.1076    18.1875    22.6000     0.6200   216.1174    -0.3662     0.1958    18.1875    22.6000     0.6200   216.1174     0.7603     0.0843    18.1875    22.6000     0.6200   216.1174    -0.0689    -0.0538    18.1875    22.6000     0.6200   216.1174    -0.0689    -0.0538    18.1875    22.6000     0.6200   216.1174    -0.0574    -0.0448
   40.1250     0.5000  95631.616   156.4125    23.0000     0.6100   218.3244     1.5736    -0.3737   156.4125    23.0000     0.6100   218.3244    -0.1430     0.1007   156.4125    23.0000     0.6100   218.3244    -0.4224     0.3466   156.4125    23.0000     0.6100   218.3244     0.8665    -0.2284   156.4125    23.0000     0.6100   218.3244    -0.2559    -0.0575   156.4125    23.0000     0.6100   218.3244    -0.2559    -0.0575   156.4125    23.0000     0.6100   218.3244    -0.2559    -0.0575
   40.1667     0.5000  95662.093   319.3725    23.9000     0.6600   230.5490     2.0035    -0.9778   319.3725    23.9000     0.6600   230.5490    -0.1477     0.0935   319.3725    23.9000     0.6600   230.5490    -0.3582     0.4365   319.3725    23.9000     0.6600   230.5490     0.8325    -0.6018   319.3725    23.9000     0.6600   230.5490    -0.4265     0.0958   319.3725    23.9000     0.6600   230.5490    -0.3554     0.0798   319.3725    23.9000     0.6600   230.5490    -0.4265     0.0958
   40.2083     0.5000  95658.707   524.5275    25.1000     0.6700   239.3758     2.2183    -1.7754   524.5275    25.1000     0.6700   239.3758    -0.1521     0.0862   524.5275    25.1000     0.6700   239.3758    -0.3812     0.7132   524.5275    25.1000     0.6700   239.3758     0.6317    -0.9710   524.5275    25.1000     0.6700   239.3758    -0.4824     0.3765   524.5275    25.1000     0.6700   239.3758    -0.4824     0.3765   524.5275    25.1000     0.6700   239.3758    -0.4824     0.3765
   40.2500     0.5000  95668.866   679.9700    27.1000     0.5600   245.7318     2.4109    -2.4109   679.9700    27.1000     0.5600   245.7318    -0.7884     0.8487   679.9700    27.1000     0.5600   245.7318    -0.2841     1.0779   679.9700    27.1000     0.5600   245.7318     0.6643    -1.4986   679.9700    27.1000     0.5600   245.7318    -0.5169     0.8624   679.9700    27.1000     0.5600   245.7318    -0.5169     0.8624   679.9700    27.1000     0.5600   245.7318    -0.5169     0.8624
   40.2917     0.5000  95635.002   791.0350    28.1000     0.5200   249.7337     2.7819    -2.7819   791.0350    28.1000     0.5200   249.7337    -0.2682     3.1139   791.0350    28.1000     0.5200   249.7337     0.0196     1.5954   791.0350    28.1000     0.5200   249.7337     1.1104    -2.2061   791.0350    28.1000     0.5200   249.7337    -0.3930     1.5689   791.0350    28.1000     0.5200   249.7337    -0.3930     1.5689   791.0350    28.1000     0.5200   249.7337    -0.3930     1.5689
   40.3333     0.5000  95574.047   845.8400    29.3000     0.5700   264.5964     3.1528    -3.1528   845.8400    29.3000     0.5700   264.5964     2.7771     4.2687   845.8400    29.3000     0.5700   264.5964     0.5783     1.9942   845.8400    29.3000     0.5700   264.5964     1.6267    -2.8715   845.8400    29.3000     0.5700   264.5964     0.1094     2.2267   845.8400    29.3000     0.5700   264.5964     0.1094     2.2267   845.8400    29.3000     0.5700   264.5964     0.1094     2.2267
   40.3750     0.5000  95526.638   842.9300    32.3000     0.4600   277.3947     3.5237    -3.5237   842.9300    32.3000     0.4600   277.3947     6.6756     2.2966   842.9300    32.3000     0.4600   277.3947     1.3415     2.1771   842.9300    32.3000     0.4600   277.3947     2.2100    -3.4900   842.9300    32.3000     0.4600   277.3947     0.9572     2.6752   842.9300    32.3000     0.4600   277.3947     0.7977     2.2294   842.9300    32.3000     0.4600   277.3947     0.9572     2.6752
   40.4167     0.5000  95458.910   778.5220    34.3000     0.3000   269.3805     4.0646    -4.0646   778.5220    34.3000     0.3000   269.3805     8.1736    -0.1003   778.5220    34.3000     0.3000   269.3805     1.7669     2.4445   778.5220    34.3000     0.3000   269.3805     2.5257    -3.9885   778.5220    34.3000     0.3000   269.3805     2.1136     2.3320   778.5220    34.3000     0.3000   269.3805     1.7613     1.9433   778.5220    34.3000     0.3000   269.3805     2.1136     2.3320
   40.4583     0.5000  95448.751   675.6050    34.4000     0.4300   293.8179     4.7755    -4.7755   675.6050    34.4000     0.4300   293.8179     8.4308    -0.3105   675.6050    34.4000     0.4300   293.8179     1.6651     3.0253   675.6050    34.4000     0.4300   293.8179     2.4993    -4.4119   675.6050    34.4000     0.4300   293.8179     2.9633     1.0603   675.6050    34.4000     0.4300   293.8179     2.9633     1.0603   675.6050    34.4000     0.4300   293.8179     2.4694     0.8836
   40.5000     0.5000  95414.887   525.9825    33.8000     0.4200   294.2591     5.4864    -5.4864   525.9825    33.8000     0.4200   294.2591     8.6824    -0.5334   525.9825    33.8000     0.4200   294.2591     1.4446     3.6123   525.9825    33.8000     0.4200   294.2591     2.4371    -4.8416   525.9825    33.8000     0.4200   294.2591     3.1132    -0.4618   525.9825    33.8000     0.4200   294.2591     3.1132    -0.4618   525.9825    33.8000     0.4200   294.2591     3.1132    -0.4618
   40.5417     0.5000  95431.819   347.5025    32.5000     0.5300   308.4154     6.1973    -6.1973   347.5025    32.5000     0.5300   308.4154     8.9280    -0.7688   347.5025    32.5000     0.5300   308.4154     1.1029     4.1846   347.5025    32.5000     0.5300   308.4154     2.3383    -5.2750   347.5025    32.5000     0.5300   308.4154     2.5279    -1.8748   347.5025    32.5000     0.5300   308.4154     2.5279    -1.8748   347.5025    32.5000     0.5300   308.4154     2.5279    -1.8748
   40.5833     0.5000  95431.819   126.3425    31.5000     0.4500   322.8510     6.5064    -6.5064   126.3425    31.5000     0.4500   322.8510     7.5748     3.8128   126.3425    31.5000     0.4500   322.8510     0.9625     4.2864   126.3425    31.5000     0.4500   322.8510     3.3348    -4.2731   126.3425    31.5000     0.4500   322.8510     1.6807    -2.2090   126.3425    31.5000     0.4500   322.8510     1.6807    -2.2090   126.3425    31.5000     0.4500   322.8510     1.4006    -1.8409
   40.6250     0.5000  95489.388     6.2080    30.9000     0.3600   317.0614     6.4137    -6.4137     6.2080    30.9000     0.3600   317.0614    -0.1781     7.2541     6.2080    30.9000     0.3600   317.0614     1.0901     3.9391     6.2080    30.9000     0.3600   317.0614     4.0784    -1.5732     6.2080    30.9000     0.3600   317.0614     1.1084    -1.7038     6.2080    30.9000     0.3600   317.0614     1.1084    -1.7038     6.2080    30.9000     0.3600   317.0614     0.9237    -1.4198
   40.6667     0.5000  95513.092     0.0000    28.7000     0.3200   289.7995     6.3210    -6.3210     0.0000    28.7000     0.3200   289.7995    -5.5148     2.4446     0.0000    28.7000     0.3200   289.7995     1.1861     3.5903     0.0000    28.7000     0.3200   289.7995     3.2732     0.5680     0.0000    28.7000     0.3200   289.7995     0.6218    -1.1297     0.0000    28.7000     0.3200   289.7995     0.6218    -1.1297     0.0000    28.7000     0.3200   289.7995     0.5182    -0.9414
   40.7083     0.5000  95553.729     0.0000    27.7000     0.3300   222.8529     6.2283    -6.2283     0.0000    27.7000     0.3300   222.8529    -3.6410    -3.1407     0.0000    27.7000     0.3300   222.8529     1.2507     3.2423     0.0000    27.7000     0.3300   222.8529     1.7212     1.4847     0.0000    27.7000     0.3300   222.8529     0.2275    -0.4968     0.0000    27.7000     0.3300   222.8529     0.2275    -0.4968     0.0000    27.7000     0.3300   222.8529     0.2275    -0.4968
   40.7500     0.5000  95530.024     0.0000    27.2000     0.3400   220.6251     5.9071    -6.0539     0.0000    27.2000     0.3400   220.6251    -0.9860    -3.7408     0.0000    27.2000     0.3400   220.6251     1.6728     2.8703     0.0000    27.2000     0.3400   220.6251     0.4081     1.4745     0.0000    27.2000     0.3400   220.6251     0.0971    -0.1183     0.0000    27.2000     0.3400   220.6251     0.0971    -0.1183     0.0000    27.2000     0.3400   220.6251     0.0971    -0.1183
   40.7917     0.5000  95479.228     0.0000    25.3000     0.5400   229.7063     5.3700    -5.7807     0.0000    25.3000     0.5400   229.7063    -0.5881    -3.1586     0.0000    25.3000     0.5400   229.7063     2.3778     2.3201     0.0000    25.3000     0.5400   229.7063    -0.3933     1.0196     0.0000    25.3000     0.5400   229.7063     0.1046    -0.0317     0.0000    25.3000     0.5400   229.7063     0.1046    -0.0317     0.0000    25.3000     0.5400   229.7063     0.1046    -0.0317
   40.8333     0.5000  95479.228     0.0000    24.1000     0.4800   214.6999     4.8501    -5.4851     0.0000    24.1000     0.4800   214.6999    -0.2819    -2.5416     0.0000    24.1000     0.4800   214.6999     2.9104     1.6019     0.0000    24.1000     0.4800   214.6999    -0.4616     0.2923     0.0000    24.1000     0.4800   214.6999     0.0627     0.0190     0.0000    24.1000     0.4800   214.6999     0.0627     0.0190     0.0000    24.1000     0.4800   214.6999     0.0627     0.0190
   40.8750     0.5000  95445.365     0.0000    23.8000     0.4900   213.4866     4.3482    -5.1676     0.0000    23.8000     0.4900   213.4866    -0.0700    -1.9002     0.0000    23.8000     0.4900   213.4866     3.2323     0.7676     0.0000    23.8000     0.4900   213.4866    -0.2180    -0.0161     0.0000    23.8000     0.4900   213.4866     0.0139     0.0169     0.0000    23.8000     0.4900   213.4866     0.0139     0.0169     0.0000    23.8000     0.4900   213.4866     0.0139     0.0169
   40.9167     0.5000  95435.205     0.0000    22.9000     0.5100   208.7929     4.4185    -5.2512     0.0000    22.9000     0.5100   208.7929    -0.0190    -1.5517     0.0000    22.9000     0.5100   208.7929     2.8439     0.6020     0.0000    22.9000     0.5100   208.7929    -0.0000    -0.0000     0.0000    22.9000     0.5100   208.7929     0.0000     0.0000     0.0000    22.9000     0.5100   208.7929     0.0000     0.0000     0.0000    22.9000     0.5100   208.7929     0.0000     0.0000
   40.9583     0.5000  95421.660     0.0000    22.9000     0.6300   219.1755     5.0673    -5.7307     0.0000    22.9000     0.6300   219.1755    -0.0555    -1.5071     0.0000    22.9000     0.6300   219.1755     1.8877     0.8647     0.0000    22.9000     0.6300   219.1755    -0.0000     0.0000     0.0000    22.9000     0.6300   219.1755    -0.0000     0.0000     0.0000    22.9000     0.6300   219.1755    -0.0000     0.0000     0.0000    22.9000     0.6300   219.1755    -0.0000     0.0000
   41.0000     0.5000  95428.433     0.0000    21.9000     0.6500   213.1944     5.7419    -6.1811     0.0000    21.9000     0.6500   213.1944    -0.0898    -1.4616     0.0000    21.9000     0.6500   213.1944     0.9915     0.7544     0.0000    21.9000     0.6500   213.1944    -0.0000     0.0000     0.0000    21.9000     0.6500   213.1944    -0.0000     0.0000     0.0000    21.9000     0.6500   213.1944    -0.0000     0.0000     0.0000    21.9000     0.6500   213.1944    -0.0000     0.0000
   41.0417     0.5000  95418.273     0.0000    21.3000     0.6600   209.4680     6.4414    -6.6014     0.0000    21.3000     0.6600   209.4680    -0.1219    -1.4154     0.0000    21.3000     0.6600   209.4680     0.2674     0.3178     0.0000    21.3000     0.6600   209.4680     0.0000     0.0000     0.0000    21.3000     0.6600   209.4680    -0.0000    -0.0000     0.0000    21.3000     0.6600   209.4680    -0.0000    -0.0000     0.0000    21.3000     0.6600   209.4680    -0.0000    -0.0000
   41.0833     0.5000  95428.433    12.6100    20.7000     0.6300   202.8178     6.4910    -6.4910    12.6100    20.7000     0.6300   202.8178    -0.9004    -1.4218    12.6100    20.7000     0.6300   202.8178     0.1988     0.3139    12.6100    20.7000     0.6300   202.8178     0.0000     0.0000    12.6100    20.7000     0.6300   202.8178    -0.0612    -0.0236    12.6100    20.7000     0.6300   202.8178    -0.0612    -0.0236    12.6100    20.7000     0.6300   202.8178    -0.0612    -0.0236
   41.1250     0.5000  95425.046   131.2733    20.8000     0.6500   214.0647     5.8728    -5.8728   131.2733    20.8000     0.6500   214.0647    -2.2451    -0.1656   131.2733    20.8000     0.6500   214.0647     0.5494     0.9699   131.2733    20.8000     0.6500   214.0647     0.0000     0.0000   131.2733    20.8000     0.6500   214.0647    -0.1868    -0.0617   131.2733    20.8000     0.6500   214.0647    -0.1868    -0.0617   131.2733    20.8000     0.6500   214.0647    -0.1868    -0.0617
   41.1667     0.5000  95465.683   310.7233    21.8000     0.6400   214.5405     5.2546    -5.2546   310.7233    21.8000     0.6400   214.5405    -1.8416     2.1349   310.7233    21.8000     0.6400   214.5405     0.8353     1.6594   310.7233    21.8000     0.6400   214.5405     0.0000     0.0000   310.7233    21.8000     0.6400   214.5405    -0.2633    -0.0729   310.7233    21.8000     0.6400   214.5405    -0.3160    -0.0874   310.7233    21.8000     0.6400   214.5405    -0.3160    -0.0874
   41.2083     0.5000  95445.365   434.2367    22.8000     0.6300   227.1482     4.6364    -4.6364   434.2367    22.8000     0.6300   227.1482     0.7423     3.3054   434.2367    22.8000     0.6300   227.1482     1.0540     2.3778   434.2367    22.8000     0.6300   227.1482     0.0000     0.0000   434.2367    22.8000     0.6300   227.1482    -0.4478    -0.1006   434.2367    22.8000     0.6300   227.1482    -0.4478    -0.1006   434.2367    22.8000     0.6300   227.1482    -0.4478    -0.1006
   41.2500     0.5000  95418.273   625.1650    25.1000     0.5500   229.1075     4.2191    -4.2191   625.1650    25.1000     0.5500   229.1075     2.9154     2.9879   625.1650    25.1000     0.5500   229.1075     1.2400     2.7974   625.1650    25.1000     0.5500   229.1075     0.0733     0.0477   625.1650    25.1000     0.5500   229.1075    -0.8460    -0.1043   625.1650    25.1000     0.5500   229.1075    -0.8460    -0.1043   625.1650    25.1000     0.5500   229.1075    -0.8460    -0.1043
   41.2917     0.5000  95364.091   728.7125    27.5000     0.4900   241.7738     4.0028    -4.0028   728.7125    27.5000     0.4900   241.7738     4.1981     3.0344   728.7125    27.5000     0.4900   241.7738     1.4544     2.8893   728.7125    27.5000     0.4900   241.7738     0.1536     0.2126   728.7125    27.5000     0.4900   241.7738    -1.2564     0.0308   728.7125    27.5000     0.4900   241.7738    -1.5076     0.0370   728.7125    27.5000     0.4900   241.7738    -1.5076     0.0370
   41.3333     0.5000  95303.136   790.7925    29.9000     0.4200   252.5361     3.7864    -3.7864   790.7925    29.9000     0.4200   252.5361     5.5586     2.7130   790.7925    29.9000     0.4200   252.5361     1.6806     2.9666   790.7925    29.9000     0.4200   252.5361     0.1114     0.4227   790.7925    29.9000     0.4200   252.5361    -1.7766     0.3083   790.7925    29.9000     0.4200   252.5361    -2.1319     0.3699   790.7925    29.9000     0.4200   252.5361    -2.1319     0.3699
   41.3750     0.5000  95221.863   801.4625    31.0000     0.4800   268.9640     3.5700    -3.5700   801.4625    31.0000     0.4800   268.9640     6.9062     2.0028   801.4625    31.0000     0.4800   268.9640     1.9177     3.0283   801.4625    31.0000     0.4800   268.9640    -0.0675     0.6082   801.4625    31.0000     0.4800   268.9640    -2.6772     0.8844   801.4625    31.0000     0.4800   268.9640    -2.6772     0.8844   801.4625    31.0000     0.4800   268.9640    -2.6772     0.8844
   41.4167     0.5000  95164.294   748.1125    33.2000     0.3000   262.5566     3.8328    -3.8328   748.1125    33.2000     0.3000   262.5566     6.0507     3.3302   748.1125    33.2000     0.3000   262.5566     2.2401     3.1807   748.1125    33.2000     0.3000   262.5566    -0.2618     0.9026   748.1125    33.2000     0.3000   262.5566    -1.9007     1.5599   748.1125    33.2000     0.3000   262.5566    -2.2808     1.8718   748.1125    33.2000     0.3000   262.5566    -2.2808     1.8718
   41.4583     0.5000  95130.430   644.3225    33.4000     0.4000   285.3024     4.5746    -4.5746   644.3225    33.4000     0.4000   285.3024     2.3391     4.7926   644.3225    33.4000     0.4000   285.3024     2.6624     3.4116   644.3225    33.4000     0.4000   285.3024    -0.3621     1.3737   644.3225    33.4000     0.4000   285.3024    -0.7423     2.4471   644.3225    33.4000     0.4000   285.3024    -0.6186     2.0392   644.3225    33.4000     0.4000   285.3024    -0.7423     2.4471
   41.5000     0.5000  95086.407   507.7950    30.9000     0.5600   289.1689     5.3164    -5.3164   507.7950    30.9000     0.5600   289.1689    -0.5972     3.7115   507.7950    30.9000     0.5600   289.1689     3.1122     3.6079   507.7950    30.9000     0.5600   289.1689    -0.4394     1.8500   507.7950    30.9000     0.5600   289.1689     0.6281     2.0706   507.7950    30.9000     0.5600   289.1689     0.6281     2.0706   507.7950    30.9000     0.5600   289.1689     0.6281     2.0706
   41.5417     0.5000  95083.021   344.3500    31.6000     0.4600   291.9228     6.0583    -6.0583   344.3500    31.6000     0.4600   291.9228    -1.2720     1.3036   344.3500    31.6000     0.4600   291.9228     3.5869     3.7674   344.3500    31.6000     0.4600   291.9228    -0.4934     2.3307   344.3500    31.6000     0.4600   291.9228     1.3685     1.1231   344.3500    31.6000     0.4600   291.9228     1.3685     1.1231   344.3500    31.6000     0.4600   291.9228     1.3685     1.1231
   41.5833     0.5000  95055.930   119.3100    31.0000     0.4400   318.8511     6.2901    -6.2901   119.3100    31.0000     0.4400   318.8511    -0.9667     0.5476   119.3100    31.0000     0.4400   318.8511     3.3010     3.7331   119.3100    31.0000     0.4400   318.8511     0.0622     2.5346   119.3100    31.0000     0.4400   318.8511     1.2785     0.5113   119.3100    31.0000     0.4400   318.8511     1.2785     0.5113   119.3100    31.0000     0.4400   318.8511     1.2785     0.5113
   41.6250     0.5000  95093.180     8.7300    30.1000     0.3800   248.6878     6.0119    -6.0119     8.7300    30.1000     0.3800   248.6878    -1.0156     0.6431     8.7300    30.1000     0.3800   248.6878     2.3246     3.3882     8.7300    30.1000     0.3800   248.6878     1.0613     2.1084     8.7300    30.1000     0.3800   248.6878     0.9219     0.3427     8.7300    30.1000     0.3800   248.6878     0.9219     0.3427     8.7300    30.1000     0.3800   248.6878     0.9219     0.3427
   41.6667     0.5000  95120.271     0.0000    28.4000     0.4300   305.1365     5.7337    -5.7337     0.0000    28.4000     0.4300   305.1365    -0.8756     0.6167     0.0000    28.4000     0.4300   305.1365     1.4897     2.8713     0.0000    28.4000     0.4300   305.1365     1.7230     1.3447     0.0000    28.4000     0.4300   305.1365     0.5580     0.1920     0.0000    28.4000     0.4300   305.1365     0.5580     0.1920     0.0000    28.4000     0.4300   305.1365     0.5580     0.1920
   41.7083     0.5000  95130.430     0.0000    27.3000     0.4700   238.0035     5.4555    -5.4555     0.0000    27.3000     0.4700   238.0035    -0.7409     0.5782     0.0000    27.3000     0.4700   238.0035     0.8224     2.2126     0.0000    27.3000     0.4700   238.0035     1.9619     0.4406     0.0000    27.3000     0.4700   238.0035     0.1875     0.0594     0.0000    27.3000     0.4700   238.0035     0.1875     0.0594     0.0000    27.3000     0.4700   238.0035     0.1875     0.0594
   41.7500     0.5000  95099.953     0.0000    26.5000     0.4800   232.8887     4.8845    -5.0058     0.0000    26.5000     0.4800   232.8887    -0.6355     0.5347     0.0000    26.5000     0.4800   232.8887     0.2060     1.6703     0.0000    26.5000     0.4800   232.8887     1.8310    -0.1351     0.0000    26.5000     0.4800   232.8887     0.0000     0.0000     0.0000    26.5000     0.4800   232.8887     0.0000     0.0000     0.0000    26.5000     0.4800   232.8887     0.0000     0.0000
   41.7917     0.5000  95103.339     0.0000    25.7000     0.5100   229.8490     4.0461    -4.3556     0.0000    25.7000     0.5100   229.8490    -0.5567     0.4923     0.0000    25.7000     0.5100   229.8490    -0.2634     1.1729     0.0000    25.7000     0.5100   229.8490     1.6207    -0.3639     0.0000    25.7000     0.5100   229.8490     0.0000     0.0000     0.0000    25.7000     0.5100   229.8490     0.0000     0.0000     0.0000    25.7000     0.5100   229.8490     0.0000     0.0000
   41.8333     0.5000  95086.407     0.0000    24.6000     0.5800   227.9780     3.2431    -3.6676     0.0000    24.6000     0.5800   227.9780    -0.4804     0.4463     0.0000    24.6000     0.5800   227.9780    -0.3859     0.6094     0.0000    24.6000     0.5800   227.9780     1.3866    -0.5349     0.0000    24.6000     0.5800   227.9780     0.0000     0.0000     0.0000    24.6000     0.5800   227.9780     0.0000     0.0000     0.0000    24.6000     0.5800   227.9780     0.0000     0.0000
   41.8750     0.5000  95086.407     0.0000    24.3000     0.5800   225.6746     2.4766    -2.9434     0.0000    24.3000     0.5800   225.6746    -0.4067     0.3969     0.0000    24.3000     0.5800   225.6746    -0.1895     0.1479     0.0000    24.3000     0.5800   225.6746     1.1410    -0.6464     0.0000    24.3000     0.5800   225.6746     0.0000     0.0000     0.0000    24.3000     0.5800   225.6746     0.0000     0.0000     0.0000    24.3000     0.5800   225.6746     0.0000     0.0000
   41.9167     0.5000  95083.021     0.0000    23.3000     0.6500   223.7905     2.5649    -1.6686     0.0000    23.3000     0.6500   223.7905    -0.3245     0.3245     0.0000    23.3000     0.6500   223.7905    -0.0000     0.0000     0.0000    23.3000     0.6500   223.7905     0.9450    -0.6314     0.0000    23.3000     0.6500   223.7905     0.0000     0.0000     0.0000    23.3000     0.6500   223.7905     0.0000     0.0000     0.0000    23.3000     0.6500   223.7905     0.0000     0.0000
   41.9583     0.5000  95116.885     0.0000    22.6000     0.6600   219.2224     2.5336     0.0933     0.0000    22.6000     0.6600   219.2224    -0.2318     0.2318     0.0000    22.6000     0.6600   219.2224    -0.0000     0.0000     0.0000    22.6000     0.6600   219.2224     0.7996    -0.5343     0.0000    22.6000     0.6600   219.2224    -0.0000     0.0000     0.0000    22.6000     0.6600   219.2224    -0.0000     0.0000     0.0000    22.6000     0.6600   219.2224    -0.0000     0.0000
   42.0000     0.5000  95140.590     0.0000    21.9000     0.6800   215.4136     1.6003     1.2175     0.0000    21.9000     0.6800   215.4136    -0.1391     0.1391     0.0000    21.9000     0.6800   215.4136    -0.0000     0.0000     0.0000    21.9000     0.6800   215.4136     0.6542    -0.4371     0.0000    21.9000     0.6800   215.4136    -0.0000     0.0000     0.0000    21.9000     0.6800   215.4136    -0.0000     0.0000     0.0000    21.9000     0.6800   215.4136    -0.0000     0.0000
   42.0417     0.5000  95171.067     0.0000    21.2000     0.6800   210.1739     0.4488     1.4168     0.0000    21.2000     0.6800   210.1739    -0.0464     0.0464     0.0000    21.2000     0.6800   210.1739    -0.0000     0.0000     0.0000    21.2000     0.6800   210.1739     0.5088    -0.3400     0.0000    21.2000     0.6800   210.1739    -0.0000    -0.0000     0.0000    21.2000     0.6800   210.1739    -0.0000    -0.0000     0.0000    21.2000     0.6800   210.1739    -0.0000    -0.0000
   42.0833     0.5000  95215.090    17.1367    20.7000     0.6900   207.1711     0.4251     1.4013    17.1367    20.7000     0.6900   207.1711    -0.0000     0.0000    17.1367    20.7000     0.6900   207.1711    -0.0233     0.0843    17.1367    20.7000     0.6900   207.1711     0.5820    -0.3020    17.1367    20.7000     0.6900   207.1711    -0.0623    -0.0206    17.1367    20.7000     0.6900   207.1711    -0.0623    -0.0206    17.1367    20.7000     0.6900   207.1711    -0.0623    -0.0206
   42.1250     0.5000  95262.500   161.0200    21.8000     0.6800   214.6613     1.5037     1.2340   161.0200    21.8000     0.6800   214.6613    -0.0000     0.0000   161.0200    21.8000     0.6800   214.6613    -0.0064     0.2622   161.0200    21.8000     0.6800   214.6613     0.8877    -0.2340   161.0200    21.8000     0.6800   214.6613    -0.1938    -0.0336   161.0200    21.8000     0.6800   214.6613    -0.1938    -0.0336   161.0200    21.8000     0.6800   214.6613    -0.1938    -0.0336
   42.1667     0.5000  95303.136   347.5833    22.9000     0.6800   223.0058     2.4144     0.2378   347.5833    22.9000     0.6800   223.0058    -0.0000     0.0000   347.5833    22.9000     0.6800   223.0058     0.0958     0.4265   347.5833    22.9000     0.6800   223.0058     1.1794    -0.0434   347.5833    22.9000     0.6800   223.0058    -0.2731    -0.0067   347.5833    22.9000     0.6800   223.0058    -0.3277    -0.0080   347.5833    22.9000     0.6800   223.0058    -0.3277    -0.0080
   42.2083     0.5000  95306.523   512.4833    23.7000     0.6600   227.6426     2.5636    -1.3703   512.4833    23.7000     0.6600   227.6426    -0.0000     0.0000   512.4833    23.7000     0.6600   227.6426     0.2752     0.5466   512.4833    23.7000     0.6600   227.6426     1.4181     0.2640   512.4833    23.7000     0.6600   227.6426    -0.3796     0.0468   512.4833    23.7000     0.6600   227.6426    -0.4555     0.0562   512.4833    23.7000     0.6600   227.6426    -0.4555     0.0562
   42.2500     0.5000  95316.682   600.7533    25.0000     0.6200   236.6705     2.3491    -2.3491   600.7533    25.0000     0.6200   236.6705    -0.0208     0.0069   600.7533    25.0000     0.6200   236.6705     0.4451     0.6488   600.7533    25.0000     0.6200   236.6705     1.8192     0.2471   600.7533    25.0000     0.6200   236.6705    -0.5460     0.1439   600.7533    25.0000     0.6200   236.6705    -0.6552     0.1727   600.7533    25.0000     0.6200   236.6705    -0.6552     0.1727
   42.2917     0.5000  95286.204   764.0367    26.7000     0.5900   245.3386     2.5964    -2.5964   764.0367    26.7000     0.5900   245.3386    -0.0612     0.0236   764.0367    26.7000     0.5900   245.3386     0.5633     0.7794   764.0367    26.7000     0.5900   245.3386     2.3206    -0.4321   764.0367    26.7000     0.5900   245.3386    -0.7610     0.3043   764.0367    26.7000     0.5900   245.3386    -0.9132     0.3652   764.0367    26.7000     0.5900   245.3386    -0.9132     0.3652
   42.3333     0.5000  95221.863   846.4867    28.1000     0.6300   260.2868     2.8437    -2.8437   846.4867    28.1000     0.6300   260.2868    -0.0999     0.0443   846.4867    28.1000     0.6300   260.2868     0.6882     0.9045   846.4867    28.1000     0.6300   260.2868     2.5275    -1.3911   846.4867    28.1000     0.6300   260.2868    -0.9414     0.5182   846.4867    28.1000     0.6300   260.2868    -1.1297     0.6218   846.4867    28.1000     0.6300   260.2868    -1.1297     0.6218
   42.3750     0.5000  95187.999   851.6600    30.4000     0.5700   273.7938     3.0909    -3.0909   851.6600    30.4000     0.5700   273.7938    -0.1367     0.0688   851.6600    30.4000     0.5700   273.7938     0.8194     1.0238   851.6600    30.4000     0.5700   273.7938     2.3206    -2.4980   851.6600    30.4000     0.5700   273.7938    -1.0776     0.7789   851.6600    30.4000     0.5700   273.7938    -1.2931     0.9346   851.6600    30.4000     0.5700   273.7938    -1.2931     0.9346
   42.4167     0.5000  95157.522   787.6400    33.6000     0.4200   283.0661     3.2608    -3.1046   787.6400    33.6000     0.4200   283.0661    -0.7021     0.7196   787.6400    33.6000     0.4200   283.0661     0.9565     1.3581   787.6400    33.6000     0.4200   283.0661     2.0157    -3.0167   787.6400    33.6000     0.4200   283.0661    -0.7650     1.4744   787.6400    33.6000     0.4200   283.0661    -0.7650     1.4744   787.6400    33.6000     0.4200   283.0661    -0.7650     1.4744
   42.4583     0.5000  95116.885   674.7967    34.8000     0.3600   286.0254     3.3431    -2.8837   674.7967    34.8000     0.3600   286.0254    -0.3530     2.1938   674.7967    34.8000     0.3600   286.0254     0.9827     1.9523   674.7967    34.8000     0.3600   286.0254     1.9671    -2.9440   674.7967    34.8000     0.3600   286.0254     0.4835     1.4054   674.7967    34.8000     0.3600   286.0254     0.4029     1.1712   674.7967    34.8000     0.3600   286.0254     0.4835     1.4054
   42.5000     0.5000  95103.339   524.7700    35.7000     0.3400   297.3350     3.4116    -2.6624   524.7700    35.7000     0.3400   297.3350     1.8981     3.8891   524.7700    35.7000     0.3400   297.3350     0.8501     2.5734   524.7700    35.7000     0.3400   297.3350     1.9185    -2.8713   524.7700    35.7000     0.3400   297.3350     1.1923     0.5461   524.7700    35.7000     0.3400   297.3350     1.1923     0.5461   524.7700    35.7000     0.3400   297.3350     1.1923     0.5461
   42.5417     0.5000  95116.885   324.3033    35.7000     0.3200   310.2301     3.4667    -2.4415   324.3033    35.7000     0.3200   310.2301     5.2465     2.8876   324.3033    35.7000     0.3200   310.2301     0.5530     3.1871   324.3033    35.7000     0.3200   310.2301     1.8700    -2.7986   324.3033    35.7000     0.3200   310.2301     1.0553    -0.4220   324.3033    35.7000     0.3200   310.2301     1.0553    -0.4220   324.3033    35.7000     0.3200   310.2301     0.8794    -0.3517
   42.5833     0.5000  95110.112   114.7025    35.3000     0.3200   339.9284     3.3952    -2.3912   114.7025    35.3000     0.3200   339.9284     5.0034     3.5238   114.7025    35.3000     0.3200   339.9284     0.6790     3.2074   114.7025    35.3000     0.3200   339.9284     2.2154    -2.3269   114.7025    35.3000     0.3200   339.9284     0.6165    -0.6802   114.7025    35.3000     0.3200   339.9284     0.6165    -0.6802   114.7025    35.3000     0.3200   339.9284     0.6165    -0.6802
   42.6250     0.5000  95154.135     7.7600    33.0000     0.3500   267.5042     3.2048    -2.5011     7.7600    33.0000     0.3500   267.5042     0.5779     4.6855     7.7600    33.0000     0.3500   267.5042     1.1832     2.5832     7.7600    33.0000     0.3500   267.5042     2.6746    -1.3463     7.7600    33.0000     0.3500   267.5042     0.3906    -0.5267     7.7600    33.0000     0.3500   267.5042     0.3906    -0.5267     7.7600    33.0000     0.3500   267.5042     0.3255    -0.4389
   42.6667     0.5000  95221.863     0.0000    31.4000     0.3900   326.9329     3.0121    -2.5982     0.0000    31.4000     0.3900   326.9329    -2.1699     2.5156     0.0000    31.4000     0.3900   326.9329     1.4558     1.9133     0.0000    31.4000     0.3900   326.9329     2.7549    -0.3398     0.0000    31.4000     0.3900   326.9329     0.2023    -0.3374     0.0000    31.4000     0.3900   326.9329     0.2023    -0.3374     0.0000    31.4000     0.3900   326.9329     0.1685    -0.2812
   42.7083     0.5000  95238.795     0.0000    30.3000     0.3600   247.3491     2.8176    -2.6826     0.0000    30.3000     0.3600   247.3491    -1.9228     0.0472     0.0000    30.3000     0.3600   247.3491     1.5051     1.2665     0.0000    30.3000     0.3600   247.3491     2.4951     0.5603     0.0000    30.3000     0.3600   247.3491     0.0561    -0.1185     0.0000    30.3000     0.3600   247.3491     0.0561    -0.1185     0.0000    30.3000     0.3600   247.3491     0.0561    -0.1185
   42.7500     0.5000  95282.818     0.0000    29.9000     0.3900   248.5078     2.8088    -2.0832     0.0000    29.9000     0.3900   248.5078    -1.0084    -0.3608     0.0000    29.9000     0.3900   248.5078     1.0550     1.1081     0.0000    29.9000     0.3900   248.5078     1.9072     1.1116     0.0000    29.9000     0.3900   248.5078     0.0000    -0.0000     0.0000    29.9000     0.3900   248.5078     0.0000    -0.0000     0.0000    29.9000     0.3900   248.5078     0.0000    -0.0000
   42.7917     0.5000  95306.523     0.0000    28.5000     0.3800   236.1734     2.6341    -0.9425     0.0000    28.5000     0.3800   236.1734    -0.7420    -0.1859     0.0000    28.5000     0.3800   236.1734     0.3428     1.0377     0.0000    28.5000     0.3800   236.1734     1.2058     1.2358     0.0000    28.5000     0.3800   236.1734     0.0000    -0.0000     0.0000    28.5000     0.3800   236.1734     0.0000    -0.0000     0.0000    28.5000     0.3800   236.1734     0.0000    -0.0000
   42.8333     0.5000  95313.295     0.0000    27.8000     0.3600   228.0231     2.0957    -0.1030     0.0000    27.8000     0.3600   228.0231    -0.4540    -0.0673     0.0000    27.8000     0.3600   228.0231    -0.0803     0.6508     0.0000    27.8000     0.3600   228.0231     0.6007     1.0914     0.0000    27.8000     0.3600   228.0231     0.0000    -0.0000     0.0000    27.8000     0.3600   228.0231     0.0000    -0.0000     0.0000    27.8000     0.3600   228.0231     0.0000    -0.0000
   42.8750     0.5000  95306.523     0.0000    24.8000     0.6000   231.2652     1.3569     0.3399     0.0000    24.8000     0.6000   231.2652    -0.1528    -0.0075     0.0000    24.8000     0.6000   231.2652    -0.1169     0.1847     0.0000    24.8000     0.6000   231.2652     0.1768     0.7443     0.0000    24.8000     0.6000   231.2652     0.0000    -0.0000     0.0000    24.8000     0.6000   231.2652     0.0000    -0.0000     0.0000    24.8000     0.6000   231.2652     0.0000    -0.0000
   42.9167     0.5000  95326.841     0.0000    23.7000     0.6100   223.6404     0.7874     0.4719     0.0000    23.7000     0.6100   223.6404    -0.0000     0.0000     0.0000    23.7000     0.6100   223.6404    -0.0000     0.0000     0.0000    23.7000     0.6100   223.6404    -0.0193     0.5242     0.0000    23.7000     0.6100   223.6404     0.0000    -0.0000     0.0000    23.7000     0.6100   223.6404     0.0000    -0.0000     0.0000    23.7000     0.6100   223.6404     0.0000    -0.0000
   42.9583     0.5000  95391.182     0.0000    22.9000     0.6100   217.5700     0.4403     0.4858     0.0000    22.9000     0.6100   217.5700    -0.0000     0.0000     0.0000    22.9000     0.6100   217.5700    -0.0000    -0.0000     0.0000    22.9000     0.6100   217.5700    -0.1584     0.5001     0.0000    22.9000     0.6100   217.5700     0.0000     0.0000     0.0000    22.9000     0.6100   217.5700     0.0000     0.0000     0.0000    22.9000     0.6100   217.5700     0.0000     0.0000
   43.0000     0.5000  95414.887     0.0000    22.4000     0.6200   214.6164     0.1682     0.3556     0.0000    22.4000     0.6200   214.6164    -0.0000     0.0000     0.0000    22.4000     0.6200   214.6164    -0.0000    -0.0000     0.0000    22.4000     0.6200   214.6164    -0.2861     0.4397     0.0000    22.4000     0.6200   214.6164    -0.0000     0.0000     0.0000    22.4000     0.6200   214.6164    -0.0000     0.0000     0.0000    22.4000     0.6200   214.6164    -0.0000     0.0000
   43.0417     0.5000  95496.160     0.0000    22.1000     0.6400   213.9305     0.0192     0.1297     0.0000    22.1000     0.6400   213.9305    -0.0000     0.0000     0.0000    22.1000     0.6400   213.9305    -0.0000    -0.0000     0.0000    22.1000     0.6400   213.9305    -0.3930     0.3475     0.0000    22.1000     0.6400   213.9305    -0.0000    -0.0000     0.0000    22.1000     0.6400   213.9305    -0.0000    -0.0000     0.0000    22.1000     0.6400   213.9305    -0.0000    -0.0000
   43.0833     0.5000  95567.275    12.6100    21.5000     0.6800   212.4120     0.0513     0.3459    12.6100    21.5000     0.6800   212.4120     0.0000     0.0000    12.6100    21.5000     0.6800   212.4120    -0.0093    -0.0198    12.6100    21.5000     0.6800   212.4120    -0.4687     0.2809    12.6100    21.5000     0.6800   212.4120    -0.0021    -0.0437    12.6100    21.5000     0.6800   212.4120    -0.0021    -0.0437    12.6100    21.5000     0.6800   212.4120    -0.0021    -0.0437
   43.1250     0.5000  95641.775   150.8350    24.1000     0.6100   226.7058     0.4485     0.9484   150.8350    24.1000     0.6100   226.7058     0.0000     0.0000   150.8350    24.1000     0.6100   226.7058    -0.0636    -0.0159   150.8350    24.1000     0.6100   226.7058    -0.5335     0.2523   150.8350    24.1000     0.6100   226.7058    -0.0192    -0.1297   150.8350    24.1000     0.6100   226.7058    -0.0192    -0.1297   150.8350    24.1000     0.6100   226.7058    -0.0192    -0.1297
   43.1667     0.5000  95689.185   318.8875    25.1000     0.6200   235.3060     1.1742     1.2956   318.8875    25.1000     0.6200   235.3060     0.0000     0.0000   318.8875    25.1000     0.6200   235.3060    -0.0878     0.0651   318.8875    25.1000     0.6200   235.3060    -0.4973     0.1779   318.8875    25.1000     0.6200   235.3060    -0.0531    -0.2120   318.8875    25.1000     0.6200   235.3060    -0.0531    -0.2120   318.8875    25.1000     0.6200   235.3060    -0.0443    -0.1767
   43.2083     0.5000  95712.889   464.3875    24.7000     0.6300   235.3315     2.0996     1.2585   464.3875    24.7000     0.6300   235.3315     0.0000    -0.0000   464.3875    24.7000     0.6300   235.3315    -0.0075     0.1528   464.3875    24.7000     0.6300   235.3315    -0.5477     0.1372   464.3875    24.7000     0.6300   235.3315    -0.1031    -0.2881   464.3875    24.7000     0.6300   235.3315    -0.1031    -0.2881   464.3875    24.7000     0.6300   235.3315    -0.1031    -0.2881
   43.2500     0.5000  95753.526   638.9875    26.0000     0.5900   239.7804     3.0954     0.7754   638.9875    26.0000     0.5900   239.7804     0.9088    -0.2395   638.9875    26.0000     0.5900   239.7804     0.1506     0.3635   638.9875    26.0000     0.5900   239.7804    -0.7598     0.4682   638.9875    26.0000     0.5900   239.7804    -0.4817    -0.6495   638.9875    26.0000     0.5900   239.7804    -0.4817    -0.6495   638.9875    26.0000     0.5900   239.7804    -0.4817    -0.6495
   43.2917     0.5000  95712.889   733.3200    27.9000     0.4600   241.5668     3.9731    -0.1952   733.3200    27.9000     0.4600   241.5668     2.7718    -0.5161   733.3200    27.9000     0.4600   241.5668     0.3178     0.7673   733.3200    27.9000     0.4600   241.5668    -0.4566     1.4411   733.3200    27.9000     0.4600   241.5668    -1.5609    -0.7382   733.3200    27.9000     0.4600   241.5668    -1.5609    -0.7382   733.3200    27.9000     0.4600   241.5668    -1.5609    -0.7382
   43.3333     0.5000  95699.344   794.2683    30.8000     0.4700   266.1116     4.4861    -1.6052   794.2683    30.8000     0.4700   266.1116     4.6705    -0.5179   794.2683    30.8000     0.4700   266.1116     0.4851     1.1712   794.2683    30.8000     0.4700   266.1116     0.8396     1.9586   794.2683    30.8000     0.4700   266.1116    -2.6414     0.1298   794.2683    30.8000     0.4700   266.1116    -2.6414     0.1298   794.2683    30.8000     0.4700   266.1116    -2.6414     0.1298
   43.3750     0.5000  95716.276   797.5017    31.2000     0.5700   280.5852     4.4590    -3.3070   797.5017    31.2000     0.5700   280.5852     6.5743    -0.2421   797.5017    31.2000     0.5700   280.5852     0.6524     1.5750   797.5017    31.2000     0.5700   280.5852     2.9659     1.4476   797.5017    31.2000     0.5700   280.5852    -3.0557     1.8315   797.5017    31.2000     0.5700   280.5852    -3.0557     1.8315   797.5017    31.2000     0.5700   280.5852    -3.0557     1.8315
   43.4167     0.5000  95685.798   750.7800    32.6000     0.4100   274.4707     4.7601    -4.7601   750.7800    32.6000     0.4100   274.4707     7.7182     1.1449   750.7800    32.6000     0.4100   274.4707     0.8173     2.2842   750.7800    32.6000     0.4100   274.4707     3.8831    -0.2386   750.7800    32.6000     0.4100   274.4707    -2.2779     3.2344   750.7800    32.6000     0.4100   274.4707    -1.8982     2.6953   750.7800    32.6000     0.4100   274.4707    -2.2779     3.2344
   43.4583     0.5000  95665.480   645.3733    32.4000     0.3700   271.5129     5.8728    -5.8728   645.3733    32.4000     0.3700   271.5129     7.5673     3.5790   645.3733    32.4000     0.3700   271.5129     0.8338     3.3286   645.3733    32.4000     0.3700   271.5129     4.0182    -1.6069   645.3733    32.4000     0.3700   271.5129    -1.0201     3.6863   645.3733    32.4000     0.3700   271.5129    -0.8501     3.0719   645.3733    32.4000     0.3700   271.5129    -1.0201     3.6863
   43.5000     0.5000  95665.480   500.1967    31.3000     0.4800   284.0205     6.9855    -6.9855   500.1967    31.3000     0.4800   284.0205     6.6235     6.0032   500.1967    31.3000     0.4800   284.0205     0.6510     4.3888   500.1967    31.3000     0.4800   284.0205     3.6458    -3.0676   500.1967    31.3000     0.4800   284.0205     0.2717     3.6837   500.1967    31.3000     0.4800   284.0205     0.2717     3.6837   500.1967    31.3000     0.4800   284.0205     0.2717     3.6837
   43.5417     0.5000  95682.412   312.8250    30.3000     0.4900   290.7407     8.0983    -8.0983   312.8250    30.3000     0.4900   290.7407     4.8878     8.1548   312.8250    30.3000     0.4900   290.7407     0.2670     5.4357   312.8250    30.3000     0.4900   290.7407     2.7288    -4.4286   312.8250    30.3000     0.4900   290.7407     1.4437     3.2569   312.8250    30.3000     0.4900   290.7407     1.2031     2.7141   312.8250    30.3000     0.4900   290.7407     1.4437     3.2569
   43.5833     0.5000  95692.571   117.3700    29.1000     0.6000   320.5691     8.6237    -8.6237   117.3700    29.1000     0.6000   320.5691    -0.2328     9.4828   117.3700    29.1000     0.6000   320.5691     0.4309     5.8416   117.3700    29.1000     0.6000   320.5691     2.2647    -5.2833   117.3700    29.1000     0.6000   320.5691     2.0696     2.2834   117.3700    29.1000     0.6000   320.5691     1.7246     1.9028   117.3700    29.1000     0.6000   320.5691     2.0696     2.2834
   43.6250     0.5000  95726.435     0.0000    27.9000     0.5800   254.0764     8.5619    -8.5619     0.0000    27.9000     0.5800   254.0764    -6.7192     5.7960     0.0000    27.9000     0.5800   254.0764     1.2451     5.5446     0.0000    27.9000     0.5800   254.0764     2.6668    -5.8222     0.0000    27.9000     0.5800   254.0764     1.9309     1.1573     0.0000    27.9000     0.5800   254.0764     1.9309     1.1573     0.0000    27.9000     0.5800   254.0764     1.9309     1.1573
   43.6667     0.5000  95780.617     0.0000    27.3000     0.5600   247.3300     8.5001    -8.5001     0.0000    27.3000     0.5600   247.3300    -8.1995    -1.0113     0.0000    27.3000     0.5600   247.3300     1.9822     5.1387     0.0000    27.3000     0.5600   247.3300     3.0964    -6.3443     0.0000    27.3000     0.5600   247.3300     1.3781     0.3452     0.0000    27.3000     0.5600   247.3300     1.3781     0.3452     0.0000    27.3000     0.5600   247.3300     1.3781     0.3452
   43.7083     0.5000  95804.322     0.0000    26.7000     0.5400   240.6205     8.4383    -8.4383     0.0000    26.7000     0.5400   240.6205    -4.4048    -6.2543     0.0000    26.7000     0.5400   240.6205     2.6286     4.6401     0.0000    26.7000     0.5400   240.6205     3.5532    -6.8484     0.0000    26.7000     0.5400   240.6205     0.5894    -0.0290     0.0000    26.7000     0.5400   240.6205     0.5894    -0.0290     0.0000    26.7000     0.5400   240.6205     0.5894    -0.0290
   43.7500     0.5000  95807.708     0.0000    25.8000     0.5400   233.5756     8.5310    -8.5310     0.0000    25.8000     0.5400   233.5756    -1.2069    -6.9557     0.0000    25.8000     0.5400   233.5756     2.7529     4.5930     0.0000    25.8000     0.5400   233.5756     3.7518    -6.8166     0.0000    25.8000     0.5400   233.5756     0.2153    -0.0374     0.0000    25.8000     0.5400   233.5756     0.2153    -0.0374     0.0000    25.8000     0.5400   233.5756     0.2153    -0.0374
   43.7917     0.5000  95831.413     0.0000    25.2000     0.5700   231.7192     8.7783    -8.7783     0.0000    25.2000     0.5700   231.7192    -0.7946    -6.4425     0.0000    25.2000     0.5700   231.7192     2.3829     5.0383     0.0000    25.2000     0.5700   231.7192     3.6538    -6.2692     0.0000    25.2000     0.5700   231.7192     0.3037    -0.0375     0.0000    25.2000     0.5700   231.7192     0.3037    -0.0375     0.0000    25.2000     0.5700   231.7192     0.3037    -0.0375
   43.8333     0.5000  95848.345     0.0000    24.9000     0.5500   227.5697     9.0256    -9.0256     0.0000    24.9000     0.5500   227.5697    -0.4357    -5.9070     0.0000    24.9000     0.5500   227.5697     1.9512     5.4533     0.0000    24.9000     0.5500   227.5697     3.5314    -5.7311     0.0000    24.9000     0.5500   227.5697     0.3923    -0.0289     0.0000    24.9000     0.5500   227.5697     0.3923    -0.0289     0.0000    24.9000     0.5500   227.5697     0.3923    -0.0289
   43.8750     0.5000  95865.277     0.0000    24.6000     0.5000   220.4681     9.2728    -9.2728     0.0000    24.6000     0.5000   220.4681    -0.1314    -5.3532     0.0000    24.6000     0.5000   220.4681     1.4604     5.8304     0.0000    24.6000     0.5000   220.4681     3.3849    -5.2030     0.0000    24.6000     0.5000   220.4681     0.4807    -0.0118     0.0000    24.6000     0.5000   220.4681     0.4807    -0.0118     0.0000    24.6000     0.5000   220.4681     0.4807    -0.0118
   43.9167     0.5000  95861.890     0.0000    24.0000     0.5600   221.6156     8.8865    -8.8865     0.0000    24.0000     0.5600   221.6156    -0.1126    -4.5884     0.0000    24.0000     0.5600   221.6156    -1.4462     6.4402     0.0000    24.0000     0.5600   221.6156     3.4806    -4.5746     0.0000    24.0000     0.5600   221.6156     0.4540     0.0673     0.0000    24.0000     0.5600   221.6156     0.4540     0.0673     0.0000    24.0000     0.5600   221.6156     0.4540     0.0673
   43.9583     0.5000  95882.209     0.0000    23.5000     0.5600   217.8397     7.8665    -7.8665     0.0000    23.5000     0.5600   217.8397    -0.2669    -3.6183     0.0000    23.5000     0.5600   217.8397    -6.5798     3.7274     0.0000    23.5000     0.5600   217.8397     3.7397    -3.8326     0.0000    23.5000     0.5600   217.8397     0.2964     0.1402     0.0000    23.5000     0.5600   217.8397     0.2964     0.1402     0.0000    23.5000     0.5600   217.8397     0.2964     0.1402
   44.0000     0.5000  95875.436     0.0000    22.6000     0.5700   211.9849     6.8464    -6.8464     0.0000    22.6000     0.5700   211.9849    -0.3264    -2.6464     0.0000    22.6000     0.5700   211.9849    -8.0937    -2.6738     0.0000    22.6000     0.5700   211.9849     3.8735    -3.1002     0.0000    22.6000     0.5700   211.9849     0.1458     0.1321     0.0000    22.6000     0.5700   211.9849     0.1458     0.1321     0.0000    22.6000     0.5700   211.9849     0.1458     0.1321
   44.0417     0.5000  95865.277     0.0000    22.2000     0.5500   207.2983     5.8264    -5.8264     0.0000    22.2000     0.5500   207.2983    -0.2915    -1.6797     0.0000    22.2000     0.5500   207.2983    -3.8440    -8.6719     0.0000    22.2000     0.5500   207.2983     3.8890    -2.3963     0.0000    22.2000     0.5500   207.2983     0.0337     0.0562     0.0000    22.2000     0.5500   207.2983     0.0337     0.0562     0.0000    22.2000     0.5500   207.2983     0.0337     0.0562
   44.0833     0.5000  95943.164    10.9933    22.1000     0.5200   203.8789     5.6353    -5.3652    10.9933    22.1000     0.5200   203.8789    -0.8529    -2.2945    10.9933    22.1000     0.5200   203.8789    -0.0000   -10.2725    10.9933    22.1000     0.5200   203.8789     4.1916    -2.6543    10.9933    22.1000     0.5200   203.8789     0.1422     0.3433    10.9933    22.1000     0.5200   203.8789     0.1422     0.3433    10.9933    22.1000     0.5200   203.8789     0.1422     0.3433
   44.1250     0.5000  96010.891   113.1667    22.0000     0.6400   228.3185     6.2889    -5.4249   113.1667    22.0000     0.6400   228.3185    -3.0592    -3.8223   113.1667    22.0000     0.6400   228.3185    -0.0000   -10.8844   113.1667    22.0000     0.6400   228.3185     4.6505    -4.0115   113.1667    22.0000     0.6400   228.3185     0.4266     1.0298   113.1667    22.0000     0.6400   228.3185     0.4266     1.0298   113.1667    22.0000     0.6400   228.3185     0.4266     1.0298
   44.1667     0.5000  96010.891   320.9083    22.2000     0.6200   213.1203     6.9611    -5.4325   320.9083    22.2000     0.6200   213.1203    -6.1557    -4.0047   320.9083    22.2000     0.6200   213.1203    -0.0000   -11.4964   320.9083    22.2000     0.6200   213.1203     4.7824    -5.5442   320.9083    22.2000     0.6200   213.1203     0.5925     1.4303   320.9083    22.2000     0.6200   213.1203     0.7109     1.7164   320.9083    22.2000     0.6200   213.1203     0.7109     1.7164
   44.2083     0.5000  96037.983   493.5683    23.3000     0.5700   217.2148     7.6481    -5.3864   493.5683    23.3000     0.5700   217.2148    -9.4683    -2.4955   493.5683    23.3000     0.5700   217.2148    -0.0000   -12.1084   493.5683    23.3000     0.5700   217.2148     4.5486    -7.1830   493.5683    23.3000     0.5700   217.2148     0.8294     2.0024   493.5683    23.3000     0.5700   217.2148     0.9953     2.4029   493.5683    23.3000     0.5700   217.2148     0.9953     2.4029
   44.2500     0.5000  96071.846   654.9117    25.2000     0.5200   227.0063     8.1842    -5.7639   654.9117    25.2000     0.5200   227.0063   -10.7721     3.4126   654.9117    25.2000     0.5200   227.0063    -0.0000   -12.4799   654.9117    25.2000     0.5200   227.0063     4.2551    -7.9608   654.9117    25.2000     0.5200   227.0063     1.3909     2.6022   654.9117    25.2000     0.5200   227.0063     1.3909     2.6022   654.9117    25.2000     0.5200   227.0063     1.3909     2.6022
   44.2917     0.5000  96034.596   749.6483    26.6000     0.5400   239.8326     8.5118    -6.6427   749.6483    26.6000     0.5400   239.8326    -5.2055    10.6654   749.6483    26.6000     0.5400   239.8326    -0.0000   -12.6111   749.6483    26.6000     0.5400   239.8326     4.1933    -7.8451   749.6483    26.6000     0.5400   239.8326     1.8441     2.2471   749.6483    26.6000     0.5400   239.8326     1.8441     2.2471   749.6483    26.6000     0.5400   239.8326     1.8441     2.2471
   44.3333     0.5000  95963.482   802.9983    28.9000     0.5200   256.1938     8.7714    -7.5662   802.9983    28.9000     0.5200   256.1938     4.3330    11.6570   802.9983    28.9000     0.5200   256.1938    -0.0000   -12.7422   802.9983    28.9000     0.5200   256.1938     4.1315    -7.7295   802.9983    28.9000     0.5200   256.1938     2.2133     1.8164   802.9983    28.9000     0.5200   256.1938     2.2133     1.8164   802.9983    28.9000     0.5200   256.1938     2.2133     1.8164
   44.3750     0.5000  95909.300   807.5250    28.9000     0.5600   260.3039     8.9594    -8.5301   807.5250    28.9000     0.5600   260.3039    11.9526     5.1237   807.5250    28.9000     0.5600   260.3039    -0.0000   -12.8734   807.5250    28.9000     0.5600   260.3039     4.0697    -7.6138   807.5250    28.9000     0.5600   260.3039     2.4865     1.3291   807.5250    28.9000     0.5600   260.3039     2.4865     1.3291   807.5250    28.9000     0.5600   260.3039     2.4865     1.3291
   44.4167     0.5000  95851.731   758.0550    28.9000     0.5900   263.2243     8.5099    -8.3036   758.0550    28.9000     0.5900   263.2243    13.0595     1.7737   758.0550    28.9000     0.5900   263.2243    -2.1112   -12.1670   758.0550    28.9000     0.5900   263.2243     3.8954    -7.5080   758.0550    28.9000     0.5900   263.2243     2.6564     0.8776   758.0550    28.9000     0.5900   263.2243     2.6564     0.8776   758.0550    28.9000     0.5900   263.2243     2.6564     0.8776
   44.4583     0.5000  95763.685   656.3667    28.9000     0.5800   266.0521     7.4301    -6.9022   656.3667    28.9000     0.5800   266.0521    11.9124     5.1064   656.3667    28.9000     0.5800   266.0521    -5.5050    -9.7176   656.3667    28.9000     0.5800   266.0521     3.6141    -7.4049   656.3667    28.9000     0.5800   266.0521     2.7564     0.4783   656.3667    28.9000     0.5800   266.0521     2.2970     0.3986   656.3667    28.9000     0.5800   266.0521     2.7564     0.4783
   44.5000     0.5000  95739.980   510.8667    28.8000     0.5900   272.3975     6.2874    -5.5595   510.8667    28.8000     0.5900   272.3975     9.9483     7.9621   510.8667    28.8000     0.5900   272.3975    -7.5633    -6.5241   510.8667    28.8000     0.5900   272.3975     3.3403    -7.2927   510.8667    28.8000     0.5900   272.3975     2.7968     0.0687   510.8667    28.8000     0.5900   272.3975     2.7968     0.0687   510.8667    28.8000     0.5900   272.3975     2.7968     0.0687
   44.5417     0.5000  95699.344   341.4400    30.4000     0.4600   280.6000     5.0840    -4.2778   341.4400    30.4000     0.4600   280.6000     7.3363    10.1499   341.4400    30.4000     0.4600   280.6000    -8.2179    -3.1700   341.4400    30.4000     0.4600   280.6000     3.0742    -7.1716   341.4400    30.4000     0.4600   280.6000     2.7766    -0.3425   341.4400    30.4000     0.4600   280.6000     2.7766    -0.3425   341.4400    30.4000     0.4600   280.6000     2.7766    -0.3425
   44.5833     0.5000  95692.571    62.0800    28.4000     0.5200   317.1113     4.3076    -3.3617    62.0800    28.4000     0.5200   317.1113     0.9751    11.3234    62.0800    28.4000     0.5200   317.1113    -6.0974    -0.2246    62.0800    28.4000     0.5200   317.1113     3.9451    -6.0641    62.0800    28.4000     0.5200   317.1113     2.2379     0.9920    62.0800    28.4000     0.5200   317.1113     2.2379     0.9920    62.0800    28.4000     0.5200   317.1113     2.2379     0.9920
   44.6250     0.5000  95699.344     5.8200    26.1000     0.6000   241.4613     3.9670    -2.7939     5.8200    26.1000     0.6000   241.4613    -6.1387     6.9423     5.8200    26.1000     0.6000   241.4613    -5.3108     1.5401     5.8200    26.1000     0.6000   241.4613     5.1192    -3.7002     5.8200    26.1000     0.6000   241.4613    -0.1286     1.7438     5.8200    26.1000     0.6000   241.4613    -0.1286     1.7438     5.8200    26.1000     0.6000   241.4613    -0.1072     1.4531
   44.6667     0.5000  95729.821     0.0000    24.4000     0.6400   292.9419     3.5823    -2.2685     0.0000    24.4000     0.6400   292.9419    -7.1640     0.2639     0.0000    24.4000     0.6400   292.9419    -3.0818     2.1144     0.0000    24.4000     0.6400   292.9419     5.2202    -1.3759     0.0000    24.4000     0.6400   292.9419    -1.0111     0.2798     0.0000    24.4000     0.6400   292.9419    -1.0111     0.2798     0.0000    24.4000     0.6400   292.9419    -0.8426     0.2332
   44.7083     0.5000  95719.662     0.0000    24.1000     0.6400   229.1605     3.1568    -1.7883     0.0000    24.1000     0.6400   229.1605    -3.6292    -3.5412     0.0000    24.1000     0.6400   229.1605    -0.9815     1.2901     0.0000    24.1000     0.6400   229.1605     4.4532     0.4939     0.0000    24.1000     0.6400   229.1605    -0.2014    -0.2859     0.0000    24.1000     0.6400   229.1605    -0.2014    -0.2859     0.0000    24.1000     0.6400   229.1605    -0.2014    -0.2859
   44.7500     0.5000  95689.185     0.0000    23.6000     0.6600   226.8708     2.8142    -1.5042     0.0000    23.6000     0.6600   226.8708    -1.9527    -3.0837     0.0000    23.6000     0.6600   226.8708    -0.5169     0.8624     0.0000    23.6000     0.6600   226.8708     3.4510     1.0469     0.0000    23.6000     0.6600   226.8708    -0.0000    -0.0000     0.0000    23.6000     0.6600   226.8708    -0.0000    -0.0000     0.0000    23.6000     0.6600   226.8708    -0.0000    -0.0000
   44.7917     0.5000  95631.616     0.0000    23.2000     0.6700   224.5570     2.5829    -1.3806     0.0000    23.2000     0.6700   224.5570    -2.2916    -1.7884     0.0000    23.2000     0.6700   224.5570    -0.5468     0.7373     0.0000    23.2000     0.6700   224.5570     2.6562     0.8058     0.0000    23.2000     0.6700   224.5570    -0.0000    -0.0000     0.0000    23.2000     0.6700   224.5570    -0.0000    -0.0000     0.0000    23.2000     0.6700   224.5570    -0.0000    -0.0000
   44.8333     0.5000  95611.298     0.0000    23.3000     0.6600   224.5630     2.3516    -1.2570     0.0000    23.3000     0.6600   224.5630    -2.0546    -0.6787     0.0000    23.3000     0.6600   224.5630    -0.5578     0.6154     0.0000    23.3000     0.6600   224.5630     1.8615     0.5647     0.0000    23.3000     0.6600   224.5630    -0.0000    -0.0000     0.0000    23.3000     0.6600   224.5630    -0.0000    -0.0000     0.0000    23.3000     0.6600   224.5630    -0.0000    -0.0000
   44.8750     0.5000  95567.275     0.0000    22.8000     0.6900   222.9762     2.1203    -1.1333     0.0000    22.8000     0.6900   222.9762    -1.4202     0.0349     0.0000    22.8000     0.6900   222.9762    -0.5506     0.4990     0.0000    22.8000     0.6900   222.9762     1.0667     0.3236     0.0000    22.8000     0.6900   222.9762    -0.0000    -0.0000     0.0000    22.8000     0.6900   222.9762    -0.0000    -0.0000     0.0000    22.8000     0.6900   222.9762    -0.0000    -0.0000
   44.9167     0.5000  95553.729     0.0000    22.2000     0.7500   222.5785     1.9207    -0.9965     0.0000    22.2000     0.7500   222.5785    -0.9268     0.2565     0.0000    22.2000     0.7500   222.5785    -0.5137     0.3713     0.0000    22.2000     0.7500   222.5785     0.6085     0.3447     0.0000    22.2000     0.7500   222.5785    -0.0000    -0.0000     0.0000    22.2000     0.7500   222.5785    -0.0000    -0.0000     0.0000    22.2000     0.7500   222.5785    -0.0000    -0.0000
   44.9583     0.5000  95550.343     0.0000    21.6000     0.7600   218.6564     1.7481    -0.8532     0.0000    21.6000     0.7600   218.6564    -0.7193     0.3189     0.0000    21.6000     0.7600   218.6564    -0.4404     0.2424     0.0000    21.6000     0.7600   218.6564     0.4027     0.5718     0.0000    21.6000     0.7600   218.6564    -0.0000     0.0000     0.0000    21.6000     0.7600   218.6564    -0.0000     0.0000     0.0000    21.6000     0.7600   218.6564    -0.0000     0.0000
   45.0000     0.5000  95506.320     0.0000    21.2000     0.7900   217.5387     1.5698    -0.7190     0.0000    21.2000     0.7900   217.5387    -0.5170     0.3274     0.0000    21.2000     0.7900   217.5387    -0.3450     0.1380     0.0000    21.2000     0.7900   217.5387     0.1196     0.6891     0.0000    21.2000     0.7900   217.5387    -0.0000     0.0000     0.0000    21.2000     0.7900   217.5387    -0.0000     0.0000     0.0000    21.2000     0.7900   217.5387    -0.0000     0.0000
   45.0417     0.5000  95513.092     0.0000    20.9000     0.8000   215.8846     1.3861    -0.5942     0.0000    20.9000     0.8000   215.8846    -0.3310     0.2855     0.0000    20.9000     0.8000   215.8846    -0.1937     0.0511     0.0000    20.9000     0.8000   215.8846    -0.1865     0.6741     0.0000    20.9000     0.8000   215.8846    -0.0000     0.0000     0.0000    20.9000     0.8000   215.8846    -0.0000     0.0000     0.0000    20.9000     0.8000   215.8846    -0.0000     0.0000
   45.0833     0.5000  95526.638    14.5500    20.5000     0.8000   212.8635     1.3931    -0.5178    14.5500    20.5000     0.8000   212.8635    -0.2456     0.2172    14.5500    20.5000     0.8000   212.8635    -0.2583     0.1183    14.5500    20.5000     0.8000   212.8635    -0.1012     0.9124    14.5500    20.5000     0.8000   212.8635    -0.0626     0.0611    14.5500    20.5000     0.8000   212.8635    -0.0626     0.0611    14.5500    20.5000     0.8000   212.8635    -0.0626     0.0611
   45.1250     0.5000  95519.865   149.3800    21.9000     0.7400   219.6111     1.5954    -0.4626   149.3800    21.9000     0.7400   219.6111    -0.2343     0.1607   149.3800    21.9000     0.7400   219.6111    -0.3141     0.3925   149.3800    21.9000     0.7400   219.6111     0.8205     1.0784   149.3800    21.9000     0.7400   219.6111    -0.1922     0.1785   149.3800    21.9000     0.7400   219.6111    -0.1922     0.1785   149.3800    21.9000     0.7400   219.6111    -0.1922     0.1785
   45.1667     0.5000  95502.933   372.4800    22.0000     0.7500   221.0463     1.7961    -0.3802   372.4800    22.0000     0.7500   221.0463    -0.2134     0.1107   372.4800    22.0000     0.7500   221.0463    -0.1494     0.7056   372.4800    22.0000     0.7500   221.0463     1.7695     0.2847   372.4800    22.0000     0.7500   221.0463    -0.3275     0.2896   372.4800    22.0000     0.7500   221.0463    -0.3275     0.2896   372.4800    22.0000     0.7500   221.0463    -0.3275     0.2896
   45.2083     0.5000  95479.228   518.9500    23.3000     0.6700   225.3254     1.9925    -0.2706   518.9500    23.3000     0.6700   225.3254    -0.1844     0.0685   518.9500    23.3000     0.6700   225.3254     0.2395     0.9088   518.9500    23.3000     0.6700   225.3254     1.8383    -1.2612   518.9500    23.3000     0.6700   225.3254    -0.3902     0.3283   518.9500    23.3000     0.6700   225.3254    -0.4683     0.3940   518.9500    23.3000     0.6700   225.3254    -0.4683     0.3940
   45.2500     0.5000  95469.069   561.6300    25.2000     0.5800   239.5475     2.1071    -0.2337   561.6300    25.2000     0.5800   239.5475    -0.2058     0.0736   561.6300    25.2000     0.5800   239.5475     0.5580     1.2588   561.6300    25.2000     0.5800   239.5475     1.4850    -2.3451   561.6300    25.2000     0.5800   239.5475    -0.6646     0.6646   561.6300    25.2000     0.5800   239.5475    -0.6646     0.6646   561.6300    25.2000     0.5800   239.5475    -0.6646     0.6646
   45.2917     0.5000  95428.433   800.2500    28.4000     0.5000   250.0114     2.1441    -0.2912   800.2500    28.4000     0.5000   250.0114    -0.2766     0.1308   800.2500    28.4000     0.5000   250.0114     0.5421     1.9590   800.2500    28.4000     0.5000   250.0114     1.6914    -2.9857   800.2500    28.4000     0.5000   250.0114    -0.7893     1.1812   800.2500    28.4000     0.5000   250.0114    -0.7893     1.1812   800.2500    28.4000     0.5000   250.0114    -0.7893     1.1812
   45.3333     0.5000  95343.773   850.6900    30.5000     0.4300   258.6699     2.1795    -0.3507   850.6900    30.5000     0.4300   258.6699    -0.3374     0.2023   850.6900    30.5000     0.4300   258.6699     0.3291     2.6681   850.6900    30.5000     0.4300   258.6699     1.8376    -3.6507   850.6900    30.5000     0.4300   258.6699    -0.7277     1.7568   850.6900    30.5000     0.4300   258.6699    -0.7277     1.7568   850.6900    30.5000     0.4300   258.6699    -0.7277     1.7568
   45.3750     0.5000  95292.977   845.8400    31.9000     0.3400   256.9575     2.2132    -0.4121   845.8400    31.9000     0.3400   256.9575    -0.3862     0.2864   845.8400    31.9000     0.3400   256.9575    -0.0821     3.3430   845.8400    31.9000     0.3400   256.9575     1.9220    -4.3359   845.8400    31.9000     0.3400   256.9575    -0.4648     2.3366   845.8400    31.9000     0.3400   256.9575    -0.4648     2.3366   845.8400    31.9000     0.3400   256.9575    -0.4648     2.3366
   45.4167     0.5000  95194.772   787.6400    34.0000     0.2600   258.8988     2.2753    -0.5404   787.6400    34.0000     0.2600   258.8988    -0.4453     0.4036   787.6400    34.0000     0.2600   258.8988    -2.0635     3.9771   787.6400    34.0000     0.2600   258.8988     2.0322    -4.7409   787.6400    34.0000     0.2600   258.8988     0.6426     2.5654   787.6400    34.0000     0.2600   258.8988     0.6426     2.5654   787.6400    34.0000     0.2600   258.8988     0.6426     2.5654
   45.4583     0.5000  95150.749   672.2100    34.6000     0.2900   271.0399     2.3544    -0.7459   672.2100    34.6000     0.2900   271.0399    -0.6238     0.6883   672.2100    34.6000     0.2900   271.0399    -5.7662     1.9837   672.2100    34.6000     0.2900   271.0399     2.2208    -4.8485   672.2100    34.6000     0.2900   271.0399     2.1593     1.6014   672.2100    34.6000     0.2900   271.0399     2.1593     1.6014   672.2100    34.6000     0.2900   271.0399     2.1593     1.6014
   45.5000     0.5000  95116.885   516.0400    34.5000     0.3500   289.0020     2.4150    -0.9658   516.0400    34.5000     0.3500   289.0020    -0.7486     1.0094   516.0400    34.5000     0.3500   289.0020    -7.0145    -3.2129   516.0400    34.5000     0.3500   289.0020     2.4158    -4.9497   516.0400    34.5000     0.3500   289.0020     2.7287    -0.1341   516.0400    34.5000     0.3500   289.0020     2.7287    -0.1341   516.0400    34.5000     0.3500   289.0020     2.2740    -0.1117
   45.5417     0.5000  95083.021   335.6200    33.6000     0.3500   292.8029     2.4552    -1.1983   335.6200    33.6000     0.3500   292.8029    -0.8146     1.3591   335.6200    33.6000     0.3500   292.8029    -3.4654    -8.6654   335.6200    33.6000     0.3500   292.8029     2.6171    -5.0441   335.6200    33.6000     0.3500   292.8029     2.0567    -1.8641   335.6200    33.6000     0.3500   292.8029     2.0567    -1.8641   335.6200    33.6000     0.3500   292.8029     1.7139    -1.5534
   45.5833     0.5000  95069.475    56.2600    32.2000     0.3200   321.6353     2.3709    -1.2673    56.2600    32.2000     0.3200   321.6353    -1.2927     1.2308    56.2600    32.2000     0.3200   321.6353    -3.7590    -8.2067    56.2600    32.2000     0.3200   321.6353     3.3069    -3.9301    56.2600    32.2000     0.3200   321.6353     1.1274    -2.1729    56.2600    32.2000     0.3200   321.6353     1.1274    -2.1729    56.2600    32.2000     0.3200   321.6353     0.9395    -1.8107
   45.6250     0.5000  95076.248     4.8500    29.9000     0.4500   256.3249     2.1781    -1.1642     4.8500    29.9000     0.4500   256.3249    -2.2126     0.2729     4.8500    29.9000     0.4500   256.3249    -6.5283    -1.8932     4.8500    29.9000     0.4500   256.3249     3.4766    -1.6968     4.8500    29.9000     0.4500   256.3249     0.7669    -1.5713     4.8500    29.9000     0.4500   256.3249     0.7669    -1.5713     4.8500    29.9000     0.4500   256.3249     0.6391    -1.3094
   45.6667     0.5000  95137.203     0.0000    29.4000     0.3500   301.5134     1.9854    -1.0612     0.0000    29.4000     0.3500   301.5134    -2.0158    -1.1419     0.0000    29.4000     0.3500   301.5134    -3.8290     2.4910     0.0000    29.4000     0.3500   301.5134     2.5991    -0.0957     0.0000    29.4000     0.3500   301.5134     0.4369    -0.9538     0.0000    29.4000     0.3500   301.5134     0.4369    -0.9538     0.0000    29.4000     0.3500   301.5134     0.4369    -0.9538
   45.7083     0.5000  95133.817     0.0000    28.4000     0.4200   240.6636     1.7926    -0.9582     0.0000    28.4000     0.4200   240.6636    -0.9743    -2.1979     0.0000    28.4000     0.4200   240.6636    -0.3147     2.3173     0.0000    28.4000     0.4200   240.6636     1.2379     0.4951     0.0000    28.4000     0.4200   240.6636     0.1378    -0.3214     0.0000    28.4000     0.4200   240.6636     0.1378    -0.3214     0.0000    28.4000     0.4200   240.6636     0.1378    -0.3214
   45.7500     0.5000  95113.498     0.0000    27.3000     0.4400   234.5524     1.5806    -0.7476     0.0000    27.3000     0.4400   234.5524    -0.2025    -2.3518     0.0000    27.3000     0.4400   234.5524     0.2089     1.0504     0.0000    27.3000     0.4400   234.5524     0.4634     0.3997     0.0000    27.3000     0.4400   234.5524     0.0177    -0.0128     0.0000    27.3000     0.4400   234.5524     0.0177    -0.0128     0.0000    27.3000     0.4400   234.5524     0.0177    -0.0128
   45.7917     0.5000  95113.498     0.0000    26.2000     0.4900   231.6394     1.3170    -0.4712     0.0000    26.2000     0.4900   231.6394    -0.1340    -2.1815     0.0000    26.2000     0.4900   231.6394     0.0000     0.7650     0.0000    26.2000     0.4900   231.6394     0.2517     0.3574     0.0000    26.2000     0.4900   231.6394     0.0582     0.0302     0.0000    26.2000     0.4900   231.6394     0.0582     0.0302     0.0000    26.2000     0.4900   231.6394     0.0582     0.0302
   45.8333     0.5000  95103.339     0.0000    25.1000     0.5100   225.2549     1.0177    -0.2549     0.0000    25.1000     0.5100   225.2549    -0.0740    -2.0094     0.0000    25.1000     0.5100   225.2549    -0.0895     0.4502     0.0000    25.1000     0.5100   225.2549     0.0944     0.2447     0.0000    25.1000     0.5100   225.2549    -0.0013     0.1093     0.0000    25.1000     0.5100   225.2549    -0.0013     0.1093     0.0000    25.1000     0.5100   225.2549    -0.0011     0.0911
   45.8750     0.5000  95099.953     0.0000    23.9000     0.5500   219.9560     0.6918    -0.1026     0.0000    23.9000     0.5500   219.9560    -0.0225    -1.8358     0.0000    23.9000     0.5500   219.9560    -0.0585     0.1413     0.0000    23.9000     0.5500   219.9560     0.0107     0.0868     0.0000    23.9000     0.5500   219.9560    -0.1375     0.0671     0.0000    23.9000     0.5500   219.9560    -0.1375     0.0671     0.0000    23.9000     0.5500   219.9560    -0.1375     0.0671
   45.9167     0.5000  95127.044     0.0000    22.3000     0.6000   212.2608     0.4573    -0.0394     0.0000    22.3000     0.6000   212.2608    -0.3592    -1.5994     0.0000    22.3000     0.6000   212.2608    -0.0000     0.0000     0.0000    22.3000     0.6000   212.2608    -0.0043     0.0435     0.0000    22.3000     0.6000   212.2608    -0.1527    -0.0094     0.0000    22.3000     0.6000   212.2608    -0.1527    -0.0094     0.0000    22.3000     0.6000   212.2608    -0.1527    -0.0094
   45.9583     0.5000  95140.590     0.0000    21.2000     0.6700   209.4547     0.3272    -0.0201     0.0000    21.2000     0.6700   209.4547    -0.8740    -1.1200     0.0000    21.2000     0.6700   209.4547    -0.0000     0.0000     0.0000    21.2000     0.6700   209.4547    -0.0381     0.1255     0.0000    21.2000     0.6700   209.4547    -0.1093     0.0013     0.0000    21.2000     0.6700   209.4547    -0.1093     0.0013     0.0000    21.2000     0.6700   209.4547    -0.1093     0.0013
   46.0000     0.5000  95120.271     0.0000    20.4000     0.7100   206.3283     0.1966    -0.0072     0.0000    20.4000     0.7100   206.3283    -1.0737    -0.5405     0.0000    20.4000     0.7100   206.3283    -0.0000    -0.0000     0.0000    20.4000     0.7100   206.3283    -0.1030     0.1928     0.0000    20.4000     0.7100   206.3283    -0.0653     0.0056     0.0000    20.4000     0.7100   206.3283    -0.0653     0.0056     0.0000    20.4000     0.7100   206.3283    -0.0653     0.0056
   46.0417     0.5000  95140.590     0.0000    20.3000     0.7200   206.2614     0.0656    -0.0008     0.0000    20.3000     0.7200   206.2614    -0.9832    -0.0241     0.0000    20.3000     0.7200   206.2614    -0.0000    -0.0000     0.0000    20.3000     0.7200   206.2614    -0.1941     0.2365     0.0000    20.3000     0.7200   206.2614    -0.0216     0.0035     0.0000    20.3000     0.7200   206.2614    -0.0216     0.0035     0.0000    20.3000     0.7200   206.2614    -0.0216     0.0035
   46.0833     0.5000  95211.704    13.5800    20.7000     0.6800   206.4687     0.0000    -0.0000    13.5800    20.7000     0.6800   206.4687    -0.7517     0.4018    13.5800    20.7000     0.6800   206.4687    -0.0000    -0.0000    13.5800    20.7000     0.6800   206.4687    -0.1831     0.3233    13.5800    20.7000     0.6800   206.4687    -0.0837     0.0254    13.5800    20.7000     0.6800   206.4687    -0.0837     0.0254    13.5800    20.7000     0.6800   206.4687    -0.0837     0.0254
   46.1250     0.5000  95272.659   147.4400    23.4000     0.6800   226.8495     0.0000    -0.0000   147.4400    23.4000     0.6800   226.8495    -0.3812     0.7132   147.4400    23.4000     0.6800   226.8495    -0.0000    -0.0000   147.4400    23.4000     0.6800   226.8495     0.0102     0.4151   147.4400    23.4000     0.6800   226.8495    -0.2313     0.1236   147.4400    23.4000     0.6800   226.8495    -0.2313     0.1236   147.4400    23.4000     0.6800   226.8495    -0.2313     0.1236
   46.1667     0.5000  95269.272   364.7200    24.1000     0.6200   227.5353     0.0000    -0.0000   364.7200    24.1000     0.6200   227.5353     0.0750     0.7613   364.7200    24.1000     0.6200   227.5353    -0.0000    -0.0000   364.7200    24.1000     0.6200   227.5353     0.2456     0.3878   364.7200    24.1000     0.6200   227.5353    -0.3379     0.2773   364.7200    24.1000     0.6200   227.5353    -0.2816     0.2311   364.7200    24.1000     0.6200   227.5353    -0.3379     0.2773
   46.2083     0.5000  95262.500   503.4300    25.1000     0.6100   234.4584     0.0000    -0.0000   503.4300    25.1000     0.6100   234.4584     0.4576     0.5575   503.4300    25.1000     0.6100   234.4584    -0.0000     0.0000   503.4300    25.1000     0.6100   234.4584     0.4490     0.2260   503.4300    25.1000     0.6100   234.4584    -0.3882     0.4731   503.4300    25.1000     0.6100   234.4584    -0.3235     0.3942   503.4300    25.1000     0.6100   234.4584    -0.3882     0.4731
   46.2500     0.5000  95259.113   661.5400    27.3000     0.5600   247.3300     0.0437    -0.0000   661.5400    27.3000     0.5600   247.3300     0.8787     0.6858   661.5400    27.3000     0.5600   247.3300    -0.0799     0.0354   661.5400    27.3000     0.5600   247.3300     0.6638     0.3341   661.5400    27.3000     0.5600   247.3300    -0.3709     0.6939   661.5400    27.3000     0.5600   247.3300    -0.3091     0.5783   661.5400    27.3000     0.5600   247.3300    -0.3709     0.6939
   46.2917     0.5000  95215.090   806.0700    29.2000     0.5000   256.4665     0.1311    -0.0000   806.0700    29.2000     0.5000   256.4665     1.3413     1.4088   806.0700    29.2000     0.5000   256.4665    -0.2343     0.1179   806.0700    29.2000     0.5000   256.4665     0.6314     0.9971   806.0700    29.2000     0.5000   256.4665    -0.2792     0.9203   806.0700    29.2000     0.5000   256.4665    -0.2792     0.9203   806.0700    29.2000     0.5000   256.4665    -0.2792     0.9203
   46.3333     0.5000  95184.613   855.5400    33.1000     0.2700   253.8287     0.2186    -0.0000   855.5400    33.1000     0.2700   253.8287     1.5983     2.2694   855.5400    33.1000     0.2700   253.8287    -0.3803     0.2155   855.5400    33.1000     0.2700   253.8287     0.0331     1.3474   855.5400    33.1000     0.2700   253.8287    -0.1114     1.1311   855.5400    33.1000     0.2700   253.8287    -0.0928     0.9425   855.5400    33.1000     0.2700   253.8287    -0.1114     1.1311
   46.3750     0.5000  95137.203   842.9300    33.9000     0.2900   264.2027     0.3060    -0.0000   842.9300    33.9000     0.2900   264.2027     1.6214     3.2212   842.9300    33.9000     0.2900   264.2027    -0.5170     0.3274   842.9300    33.9000     0.2900   264.2027    -1.0127     1.7876   842.9300    33.9000     0.2900   264.2027     0.1285     1.3051   842.9300    33.9000     0.2900   264.2027     0.1071     1.0876   842.9300    33.9000     0.2900   264.2027     0.1285     1.3051
   46.4167     0.5000  95093.180   779.8800    34.7000     0.4100   291.0402     0.5682     0.0070   779.8800    34.7000     0.4100   291.0402     1.7815     4.3010   779.8800    34.7000     0.4100   291.0402    -0.7613     0.6567   779.8800    34.7000     0.4100   291.0402    -0.8472     1.6329   779.8800    34.7000     0.4100   291.0402     0.6541     1.3831   779.8800    34.7000     0.4100   291.0402     0.5451     1.1525   779.8800    34.7000     0.4100   291.0402     0.6541     1.3831
   46.4583     0.5000  95066.089   665.4200    35.9000     0.3100   286.4269     1.0047     0.0370   665.4200    35.9000     0.3100   286.4269     2.2667     5.4722   665.4200    35.9000     0.3100   286.4269    -0.9313     1.3223   665.4200    35.9000     0.3100   286.4269     0.2794     2.0575   665.4200    35.9000     0.3100   286.4269     1.4395     1.0676   665.4200    35.9000     0.3100   286.4269     1.4395     1.0676   665.4200    35.9000     0.3100   286.4269     1.4395     1.0676
   46.5000     0.5000  95076.248   513.1300    36.1000     0.2700   287.2272     1.4398     0.0885   513.1300    36.1000     0.2700   287.2272     2.7518     6.6434   513.1300    36.1000     0.2700   287.2272    -0.8023     2.0800   513.1300    36.1000     0.2700   287.2272     1.3239     1.4252   513.1300    36.1000     0.2700   287.2272     2.0323     0.3015   513.1300    36.1000     0.2700   287.2272     2.0323     0.3015   513.1300    36.1000     0.2700   287.2272     2.0323     0.3015
   46.5417     0.5000  95072.862   330.7700    35.1000     0.2900   295.0566     1.8727     0.1613   330.7700    35.1000     0.2900   295.0566     3.2369     7.8145   330.7700    35.1000     0.2900   295.0566    -0.3478     2.8200   330.7700    35.1000     0.2900   295.0566     1.7747     0.3757   330.7700    35.1000     0.2900   295.0566     2.1813    -0.7805   330.7700    35.1000     0.2900   295.0566     2.1813    -0.7805   330.7700    35.1000     0.2900   295.0566     2.1813    -0.7805
   46.5833     0.5000  95069.475    33.9500    33.4000     0.3300   335.0041     2.0489     0.1511    33.9500    33.4000     0.3300   335.0041    -0.3968     8.0771    33.9500    33.4000     0.3300   335.0041    -0.0740     3.0153    33.9500    33.4000     0.3300   335.0041     1.6829     0.0000    33.9500    33.4000     0.3300   335.0041     2.1813    -0.7805    33.9500    33.4000     0.3300   335.0041     2.1813    -0.7805    33.9500    33.4000     0.3300   335.0041     2.1813    -0.7805
   46.6250     0.5000  95127.044     3.8800    31.0000     0.3900   257.3040     1.9665     0.0483     3.8800    31.0000     0.3900   257.3040    -4.8803     3.6195     3.8800    31.0000     0.3900   257.3040    -0.2026     2.7464     3.8800    31.0000     0.3900   257.3040     1.5220     0.3027     3.8800    31.0000     0.3900   257.3040     2.1813    -0.7805     3.8800    31.0000     0.3900   257.3040     2.1813    -0.7805     3.8800    31.0000     0.3900   257.3040     2.1813    -0.7805
   46.6667     0.5000  95177.840     0.0000    29.8000     0.4300   318.1345     1.8791    -0.0461     0.0000    29.8000     0.4300   318.1345    -3.9434    -0.9878     0.0000    29.8000     0.4300   318.1345    -0.3050     2.4729     0.0000    29.8000     0.4300   318.1345     1.3125     0.5437     0.0000    29.8000     0.4300   318.1345     2.1813    -0.7805     0.0000    29.8000     0.4300   318.1345     2.1813    -0.7805     0.0000    29.8000     0.4300   318.1345     2.1813    -0.7805
   46.7083     0.5000  95218.477     0.0000    28.8000     0.4400   246.2939     1.7874    -0.1318     0.0000    28.8000     0.4400   246.2939    -0.8784    -1.8572     0.0000    28.8000     0.4400   246.2939    -0.3811     2.1965     0.0000    28.8000     0.4400   246.2939     1.0722     0.7164     0.0000    28.8000     0.4400   246.2939     2.1813    -0.7805     0.0000    28.8000     0.4400   246.2939     2.1813    -0.7805     0.0000    28.8000     0.4400   246.2939     2.1813    -0.7805
   46.7500     0.5000  95242.181     0.0000    27.7000     0.4900   243.3520     1.7874    -0.1318     0.0000    27.7000     0.4900   243.3520    -0.8784    -1.8572     0.0000    27.7000     0.4900   243.3520    -0.3811     2.1965     0.0000    27.7000     0.4900   243.3520     1.0722     0.7164     0.0000    27.7000     0.4900   243.3520     2.1813    -0.7805     0.0000    27.7000     0.4900   243.3520     2.1813    -0.7805     0.0000    27.7000     0.4900   243.3520     2.1813    -0.7805
   46.7917     0.5000  95265.886     0.0000    25.7000     0.6000   238.3009     1.7874    -0.1318     0.0000    25.7000     0.6000   238.3009    -0.8784    -1.8572     0.0000    25.7000     0.6000   238.3009    -0.3811     2.1965     0.0000    25.7000     0.6000   238.3009     1.0722     0.7164     0.0000    25.7000     0.6000   238.3009     2.1813    -0.7805     0.0000    25.7000     0.6000   238.3009     2.1813    -0.7805     0.0000    25.7000     0.6000   238.3009     2.1813    -0.7805
